system,group,symbol,f_vector,status,our_menu_type_ids,our_P2_type_ids,our_menu_c_over_a,his_row_count,his_b_ratios,his_points,his_block,readonly_180_stored_ids
hexagonal,143,P3,"(8,12,6)",c_his_not_ours_P2_reproduced,,e3faf0283734fac7,,1,3497/1000,"(1/6,0,0)",143,
hexagonal,143,P3,"(12,18,8)",a_ours_in_his,fd9a9f68ec1db422,fd9a9f68ec1db422,1/2;527/1000;3/4;797/1000;4/5;7/8;1;5/4;3/2;7/4;2;9/4;5/2;11/4;3;13/4;3497/1000;7/2,1,3497/1000,"(0,0,0)",143,
hexagonal,144,P3_1,"(12,18,8)",c_his_not_ours_P2_reproduced,,fd9a9f68ec1db422,,1,3497/1000,"(0,0,0)",144_145,
hexagonal,144,P3_1,"(14,24,12)",c_his_not_ours_P2_reproduced,,1da02fe6c7c6eb73,,1,3497/1000,"(1/6,1/6,0)",144_145,
hexagonal,144,P3_1,"(18,28,12)",c_his_not_ours_P2_reproduced,,1d2c47d061a6ab6c,,1,3497/1000,"(1997/11988,1997/11988,0)",144_145,
hexagonal,144,P3_1,"(24,36,14)",a_ours_in_his,31d09faf7fb2bf6f;e948828e76447bbb,e948828e76447bbb,1/2;527/1000;2331/4000;9547/16000;3/4;797/1000;4/5;7/8;15/16;31/32;63/64;41/32;21/16;11/8;89/64;45/32;23/16;3/2;7/4;2;9/4;5/2;11/4;3;13/4;3497/1000;7/2,1,3497/1000,"(1/6,0,0)",144_145,
hexagonal,144,P3_1,"(25,39,16)",c_his_not_ours_P2_reproduced,,17fafcdfaa897d65,,1,1/2,"(29/324,25/108,0)",144_145,
hexagonal,144,P3_1,"(26,40,16)",c_his_not_ours_P2_reproduced,,4a31af4ea18688a8,,1,797/1000,"(35/666,35/666,0)",144_145,
hexagonal,144,P3_1,"(28,42,16)",a_ours_in_his,bff9b24ce78050f5;c0071756347c5a8a,1a36f90bbc759307,977/1600;1277/2000;2777/4000;5777/8000;11777/16000;117/128;59/64;15/16;127/128;1;33/32;67/64;17/16;73/64;37/32;19/16,1,797/1000,"(1/6,0,0)",144_145,
hexagonal,144,P3_1,"(32,48,18)",a_ours_in_his,a93f8fe7ecdc5851;a99e46dd535bab3b;e5760549017956be;e598ffd8a1cac138,a99e46dd535bab3b,3/4;797/1000;4/5;67/80;137/160;277/320;115/128;29/32;17/16;69/64;35/32;9/8;77/64;39/32;5/4;81/64;11/8,1,797/1000,"(11/111,15/74,0)",144_145,
hexagonal,144,P3_1,"(36,54,20)",a_ours_in_his,6dba530a0828bdcf,6dba530a0828bdcf,557/640;7/8;57/64;69/64;35/32;71/64,1,797/1000,"(9/148,1/12,0)",144_145,
hexagonal,145,P3_2,"(12,18,8)",c_his_not_ours_P2_reproduced,,fd9a9f68ec1db422,,1,3497/1000,"(0,0,0)",144_145,
hexagonal,145,P3_2,"(14,24,12)",c_his_not_ours_P2_reproduced,,1da02fe6c7c6eb73,,1,3497/1000,"(1/6,1/6,0)",144_145,
hexagonal,145,P3_2,"(18,28,12)",c_his_not_ours_P2_reproduced,,1d2c47d061a6ab6c,,1,3497/1000,"(1997/11988,1997/11988,0)",144_145,
hexagonal,145,P3_2,"(24,36,14)",a_ours_in_his,31d09faf7fb2bf6f;e948828e76447bbb,e948828e76447bbb,1/2;527/1000;2331/4000;9547/16000;3/4;797/1000;4/5;7/8;15/16;31/32;63/64;41/32;21/16;11/8;89/64;45/32;23/16;3/2;7/4;2;9/4;5/2;11/4;3;13/4;3497/1000;7/2,1,3497/1000,"(1/6,0,0)",144_145,
hexagonal,145,P3_2,"(25,39,16)",c_his_not_ours_P2_reproduced,,17fafcdfaa897d65,,1,1/2,"(29/324,25/108,0)",144_145,
hexagonal,145,P3_2,"(26,40,16)",c_his_not_ours_P2_reproduced,,4a31af4ea18688a8,,1,797/1000,"(35/666,35/666,0)",144_145,
hexagonal,145,P3_2,"(28,42,16)",a_ours_in_his,bff9b24ce78050f5;c0071756347c5a8a,1a36f90bbc759307,977/1600;1277/2000;2777/4000;5777/8000;11777/16000;117/128;59/64;15/16;127/128;1;33/32;67/64;17/16;73/64;37/32;19/16,1,797/1000,"(1/6,0,0)",144_145,
hexagonal,145,P3_2,"(32,48,18)",a_ours_in_his,a93f8fe7ecdc5851;a99e46dd535bab3b;e5760549017956be;e598ffd8a1cac138,a99e46dd535bab3b,3/4;797/1000;4/5;67/80;137/160;277/320;115/128;29/32;17/16;69/64;35/32;9/8;77/64;39/32;5/4;81/64;11/8,1,797/1000,"(11/111,15/74,0)",144_145,
hexagonal,145,P3_2,"(36,54,20)",a_ours_in_his,6dba530a0828bdcf,6dba530a0828bdcf,557/640;7/8;57/64;69/64;35/32;71/64,1,797/1000,"(9/148,1/12,0)",144_145,
hexagonal,146,R3,"(8,14,8)",c_his_not_ours_P2_reproduced,,a53e946faf92e440,,1,3497/1000,"(1/6,0,0)",146,
hexagonal,146,R3,"(12,18,8)",c_his_not_ours_P2_reproduced,,fd9a9f68ec1db422,,1,3497/1000,"(1/6,1/6,0)",146,
hexagonal,146,R3,"(12,22,12)",c_his_not_ours_P2_reproduced,,6f204b14872fdfe3,,1,1/2,"(5/36,5/36,0)",146,
hexagonal,146,R3,"(14,24,12)",a_ours_in_his,1da02fe6c7c6eb73;78e755ffdff3a2f5,1da02fe6c7c6eb73,3/4;79/64;5/4;3/2;7/4;2;9/4;5/2;11/4;3;13/4;3497/1000;7/2,1,3497/1000,"(0,0,0)",146,
hexagonal,146,R3,"(15,25,12)",c_his_not_ours_P2_reproduced,,7c5765ace464e6b6,,1,3497/1000,"(5/37,6/37,0)",146,
hexagonal,146,R3,"(17,29,14)",c_his_not_ours_P2_reproduced,,7428f5eb10a71c18,,1,1/2,"(1769/11988,659/3996,0)",146,
hexagonal,146,R3,"(18,30,14)",a_ours_in_his,7b9cfe26fe4a9c4b;c97273f4df7f3fdc,c97273f4df7f3fdc,12047/16000;6047/8000;3047/4000;1547/2000;797/1000;4/5;7/8;1;69/64;35/32;9/8;5/4;3/2;7/4;2;9/4;5/2;11/4;3;13/4;3497/1000;7/2,1,3497/1000,"(250/2997,749/2997,0)",146,
hexagonal,146,R3,"(19,29,12)",a_ours_in_his,d0a0a455a34f3fcb,d0a0a455a34f3fcb,1/2;527/1000,1,797/1000,"(7/162,7/54,0)",146,
hexagonal,146,R3,"(19,31,14)",c_his_not_ours_P2_reproduced,,fc618cb567c84764,,1,1/2,"(1/9,1/6,0)",146,
hexagonal,146,R3,"(20,32,14)",a_ours_in_his,7fc05363d689d31c,7fc05363d689d31c,1/2;527/1000;1277/2000;2777/4000;557/640;7/8;1;65/64,1,797/1000,"(227/1998,53/333,0)",146,
hexagonal,146,R3,"(21,33,14)",c_his_not_ours_P2_reproduced,,4b7239e30e871c23,,1,797/1000,"(575/11988,575/3996,0)",146,
hexagonal,146,R3,"(22,36,16)",a_ours_in_his,01a494d767bd713c,01a494d767bd713c,17/16,1,797/1000,"(461/3996,205/1332,0)",146,
hexagonal,146,R3,"(23,35,14)",a_ours_in_his,f73b315d6a9ed826,f73b315d6a9ed826,1731/3200;4439/8000;2331/4000;1277/2000;3/4;797/1000;4/5;131/160;53/64,1,797/1000,"(941/11988,421/3996,0)",146,
hexagonal,146,R3,"(23,37,16)",c_his_not_ours_P2_reproduced,,95e7df21264304b5,,1,1/2,"(1573/11988,1757/11988,0)",146,
hexagonal,146,R3,"(24,36,14)",a_ours_in_his,31d09faf7fb2bf6f,31d09faf7fb2bf6f,1/2;527/1000;3/4;797/1000;4/5;7/8;1;9/8;19/16;39/32,1,797/1000,"(0,0,0)",146,
hexagonal,146,R3,"(24,38,16)",a_ours_in_his,3a491fd6426d90b2;efc24204486dde03,efc24204486dde03,11331/16000;5777/8000;11777/16000;33/32;67/64,1,797/1000,"(250/2997,749/2997,0)",146,
hexagonal,146,R3,"(27,41,16)",a_ours_in_his,75bbbcb4a37e70e8,cc73376b3d575c00,533/640;67/80;137/160;277/320,1,797/1000,"(575/5994,32/333,0)",146,
hexagonal,146,R3,"(28,44,18)",c_his_not_ours_P2_reproduced,,a2f5f4ffb510b7f6,,1,527/1000,"(1529/11988,577/3996,0)",146,
hexagonal,146,R3,"(31,47,18)",c_his_not_ours_P2_reproduced,,02ec6b35a9d3cdbc,,1,797/1000,"(31/324,385/3996,0)",146,
hexagonal,147,P-3,"(6,9,5)",a_ours_in_his,a1053191a6317676,a1053191a6317676,1/2;527/1000;3/4;797/1000;4/5;7/8;1;5/4;3/2;7/4;2;9/4;5/2;11/4;3;13/4;3497/1000;7/2,1,3497/1000,"(1/3,0,0)",147,
hexagonal,147,P-3,"(6,12,8)",c_his_not_ours_P2_reproduced,,3cb6c70abd57e0b9,,1,4/5,"(4/25,0,1/4)",147,
hexagonal,147,P-3,"(7,11,6)",c_his_not_ours_P2_reproduced,,a4d2e4badea1fc0f,,1,4/5,"(29/100,-13/100,1/4)",147,
hexagonal,147,P-3,"(8,12,6)",a_ours_in_his,e3faf0283734fac7,e3faf0283734fac7,1/2;527/1000;3/4;797/1000;4/5;7/8;1;5/4;3/2;7/4;2;9/4;5/2;11/4;3;13/4;3497/1000;7/2,1,3497/1000,"(1/4,-1/4,0)",147,
hexagonal,147,P-3,"(8,14,8)",c_his_not_ours_P2_reproduced,,a53e946faf92e440,,1,3497/1000,"(124/375,0,1/4)",147,
hexagonal,147,P-3,"(10,15,7)",c_his_not_ours_P2_reproduced,,52392121966e66eb,,1,3497/1000,"(33/100,-1/500,0)",147,
hexagonal,147,P-3,"(12,18,8)",a_ours_in_his,fd9a9f68ec1db422,fd9a9f68ec1db422,1/2;527/1000;3/4;797/1000;4/5;7/8;1;5/4;3/2;7/4;2;9/4;5/2;11/4;3;13/4;3497/1000;7/2,1,3497/1000,"(0,0,0)",147,
hexagonal,147,P-3,"(13,23,12)",c_his_not_ours_P2_reproduced,,8cb03a3652c58a13,,1,4/5,"(36/125,-16/125,1/4)",147,
hexagonal,147,P-3,"(14,22,10)",c_his_not_ours_P2_reproduced,,f3ed2550b3b58d01,,1,3497/1000,"(124/375,0,3/250)",147,
hexagonal,147,P-3,"(14,24,12)",a_ours_in_his,0fef47b559fef709,0fef47b559fef709,5777/8000;3/4;797/1000;4/5;7/8;1;37/32;75/64;19/16;79/64;5/4;43/32;11/8;3/2;25/16;13/8;7/4;2;67/32;17/8;9/4;5/2;11/4;3;13/4;3497/1000;7/2,1,3497/1000,"(1/3,0,1/4)",147,
hexagonal,147,P-3,"(17,27,12)",a_ours_in_his,d2a47816896b676a,d2a47816896b676a,1/2;527/1000;1731/3200;2331/4000;977/1600,1,3497/1000,"(33/100,-1/500,1/125)",147,
hexagonal,147,P-3,"(18,30,14)",a_ours_in_his,76108b085b4e40f8,76108b085b4e40f8,1/2;527/1000;4439/8000;2331/4000;9993/16000;1277/2000;2777/4000;11331/16000;5777/8000;11777/16000;3/4;797/1000;4/5;7/8;1;9/8;73/64;37/32;19/16;39/32;5/4;21/16;85/64;3/2;49/32;99/64;7/4;2;33/16;133/64,1,3497/1000,"(1/3,0,7/500)",147,
hexagonal,147,P-3,"(21,33,14)",c_his_not_ours_P2_reproduced,,18e92e9e3cc1b7a7,,1,3497/1000,"(33/100,-1/500,3/250)",147,
hexagonal,148,R-3,"(6,9,5)",c_his_not_ours_P2_reproduced,,a1053191a6317676,,1,3497/1000,"(-1/250,-1/250,0)",148,
hexagonal,148,R-3,"(6,11,7)",c_his_not_ours_P2_reproduced,,d2d935e5499e6e11,,1,7/2,"(-49/375,-49/125,4/125)",148,
hexagonal,148,R-3,"(6,12,8)",c_his_not_ours_P2_reproduced,,3cb6c70abd57e0b9,,1,13/5,"(-88/375,0,1/15)",148,
hexagonal,148,R-3,"(7,12,7)",c_his_not_ours_P2_reproduced,,ac1e98f9be48162a,,1,7/2,"(-163/750,-87/250,2/125)",148,
hexagonal,148,R-3,"(8,13,7)",c_his_not_ours_P2_reproduced,,4ab699adbeb533b0,,1,3497/1000,"(-1/750,-1/250,1/12)",148,
hexagonal,148,R-3,"(8,14,8)",a_ours_in_his,a53e946faf92e440,a53e946faf92e440,79/64;5/4;3/2;7/4;2;9/4;5/2;11/4;3;13/4;3497/1000;7/2,1,3497/1000,"(-1/375,0,1/12)",148,
hexagonal,148,R-3,"(10,15,7)",c_his_not_ours_P2_reproduced,,5aa8e199fd7ddb2f,,1,797/1000,"(-51/250,-51/250,0)",148,
hexagonal,148,R-3,"(10,18,10)",b_ours_not_his,3ab0f86bf4aa2403,,2,0,,,,
hexagonal,148,R-3,"(11,18,9)",c_his_not_ours_P2_reproduced,,85a4f36ac8ecf795,,1,797/1000,"(-1/15,-1/5,1/12)",148,
hexagonal,148,R-3,"(11,21,12)",c_his_not_ours_P2_reproduced,,161778d5fb8390c6,,1,17/10,"(-63/250,-9/50,1/15)",148,
hexagonal,148,R-3,"(12,18,8)",c_his_not_ours_P2_reproduced,,abfdf73c2f298784,,1,797/1000,"(-1/250,-1/250,0)",148,
hexagonal,148,R-3,"(12,21,11)",c_his_not_ours_P2_reproduced,,f2af171517f10480,,1,5/4,"(-4/15,-1/5,19/750)",148,
hexagonal,148,R-3,"(12,22,12)",c_his_not_ours_P2_reproduced,,2dd4332c2d59834e,,1,7/2,"(-49/375,0,1/125)",148,
hexagonal,148,R-3,"(13,21,10)",a_ours_in_his,4a24e04257d3d0f4,4a24e04257d3d0f4,129/64;65/32;33/16;17/8;9/4;157/64;79/32;5/2;11/4;3;13/4;27729/8000;3497/1000;7/2,1,3497/1000,"(-1/3,0,1/12)",148,
hexagonal,148,R-3,"(13,22,11)",c_his_not_ours_P2_reproduced,,9fa7f38938046e47,,1,3497/1000,"(-1/750,-1/250,0)",148,
hexagonal,148,R-3,"(13,23,12)",a_ours_in_his,c4f881b551b2d197,8cb03a3652c58a13,3/2,1,7/2,"(-11/50,-1/50,2/75)",148,
hexagonal,148,R-3,"(14,21,9)",c_his_not_ours_P2_reproduced,,23e145b7ec91e9b7,,1,527/1000,"(-29/125,-29/125,0)",148,
hexagonal,148,R-3,"(14,23,11)",c_his_not_ours_P2_reproduced,,7f99db4f8ceb12b6,,1,3497/1000,"(-83/250,-1/250,0)",148,
hexagonal,148,R-3,"(14,24,12)",a_ours_in_his,0fef47b559fef709;1da02fe6c7c6eb73;f0b07b168368759b,1da02fe6c7c6eb73,9993/16000;1277/2000;3/4;797/1000;4/5;7/8;1;9/8;19/16;39/32;79/64;5/4;3/2;7/4;2;9/4;157/64;79/32;5/2;11/4;3;13/4;27729/8000;3497/1000;7/2,1,3497/1000,"(-1/6,-1/2,1/12)",148,
hexagonal,148,R-3,"(15,23,10)",c_his_not_ours_P2_reproduced,,f1a09bba63d0b128,,1,797/1000,"(-1/150,-1/250,0)",148,
hexagonal,148,R-3,"(15,25,12)",c_his_not_ours_P2_reproduced,,989e182598ebe414,,1,4/5,"(-17/150,-37/250,1/12)",148,
hexagonal,148,R-3,"(15,26,13)",c_his_not_ours_P2_reproduced,,f5ca5d72e1182852,,1,4/5,"(-77/375,0,1/60)",148,
hexagonal,148,R-3,"(16,25,11)",c_his_not_ours_P2_reproduced,,3f5fce0d11d8899e,,1,3497/1000,"(-63/250,-61/250,1/1500)",148,
hexagonal,148,R-3,"(16,26,12)",a_ours_in_his,6074c5fa5d2dffc5,2d63473fab43aaf9,10439/16000;5331/8000;2777/4000;3/4;797/1000;4/5;7/8;1;5/4;3/2;7/4;2;9/4;5/2;11/4;3;13/4;3497/1000;7/2,1,3497/1000,"(-1/150,-1/250,0)",148,
hexagonal,148,R-3,"(16,27,13)",a_ours_in_his,105e41c2798e6180,0e3589bdfdd90c89,2,1,4/5,"(-91/375,-1/5,1/20)",148,
hexagonal,148,R-3,"(16,30,16)",c_his_not_ours_P2_reproduced,,2001fe7ea92fd0ad,,1,5/4,"(0,0,1/150)",148,
hexagonal,148,R-3,"(17,28,13)",c_his_not_ours_P2_reproduced,,346c81a0f2121bf1,,1,3497/1000,"(-101/375,0,2/125)",148,
hexagonal,148,R-3,"(17,29,14)",c_his_not_ours_P2_reproduced,,dccc6017cb7a6e83,,1,3497/1000,"(-29/150,-17/50,1/150)",148,
hexagonal,148,R-3,"(18,29,13)",c_his_not_ours_P2_reproduced,,a1b2ac427f563716,,1,3497/1000,"(-14/125,-42/125,41/1500)",148,
hexagonal,148,R-3,"(18,30,14)",a_ours_in_his,76108b085b4e40f8,76108b085b4e40f8,25/16;13/8,1,3497/1000,"(-59/250,-29/250,11/750)",148,
hexagonal,148,R-3,"(19,29,12)",c_his_not_ours_P2_reproduced,,d40ab48fae3b8762,,1,797/1000,"(-7/750,-1/250,0)",148,
hexagonal,148,R-3,"(19,30,13)",a_ours_in_his,687010310906c548,687010310906c548,111/64;7/4;2;9/4;5/2;11/4;3;13/4;3497/1000;7/2,1,3497/1000,"(-1/6,-1/2,0)",148,
hexagonal,148,R-3,"(19,31,14)",c_his_not_ours_P2_reproduced,,77b22962a5b983c7,,1,797/1000,"(-29/150,-17/50,1/150)",148,
hexagonal,148,R-3,"(20,31,13)",c_his_not_ours_P2_reproduced,,fa027394e7e22a9e,,1,3497/1000,"(-83/250,-1/250,1/1500)",148,
hexagonal,148,R-3,"(20,32,14)",a_ours_in_his,1ba26ab2c0999b93;47b6d29f5de536f0;487490cdf474e568;5f812747976b224a;af480ebac6f37935,af480ebac6f37935,1/2;527/1000;2331/4000;977/1600;9993/16000;1277/2000;77/64;39/32;79/64;5/4;11/8;23/16;47/32;95/64,1,3497/1000,"(-163/750,-1/250,43/1500)",148,
hexagonal,148,R-3,"(20,33,15)",c_his_not_ours_P2_reproduced,,2185d1de22e99f29,,1,4/5,"(-97/375,-27/125,1/20)",148,
hexagonal,148,R-3,"(21,33,14)",c_his_not_ours_P2_reproduced,,7c2110f9291ac134,,1,797/1000,"(-23/375,-23/125,79/1500)",148,
hexagonal,148,R-3,"(21,34,15)",c_his_not_ours_P2_reproduced,,f292776b63f23451,,1,7/2,"(-97/375,-16/125,1/125)",148,
hexagonal,148,R-3,"(21,35,16)",c_his_not_ours_P2_reproduced,,c12d1d2c302c3458,,1,3497/1000,"(-9/50,-19/50,1/50)",148,
hexagonal,148,R-3,"(22,34,14)",a_ours_in_his,56918d2cff883e22;cda1d1c03659b67d,4297fd505b9cc36d,8027/16000;4027/8000;2027/4000;1027/2000;527/1000;1277/2000;10439/16000;115/128;29/32;15/16;1;17/16;35/32;71/64,1,797/1000,"(-9/125,0,1/12)",148,
hexagonal,148,R-3,"(22,36,16)",a_ours_in_his,181713b518d1112b,181713b518d1112b,91/64;23/16;3/2;111/64;7/4;15/8;31/16;63/32;127/64;2;9/4;19/8;39/16;157/64;79/32;5/2;11/4;3;13/4;6747/2000;13741/4000;55211/16000,1,3497/1000,"(-1/3,0,31/1500)",148,
hexagonal,148,R-3,"(23,35,14)",c_his_not_ours_P2_reproduced,,267d278cf86646e7,,1,797/1000,"(-13/750,-1/250,0)",148,
hexagonal,148,R-3,"(23,36,15)",c_his_not_ours_P2_reproduced,,0928e9b93a65bc0d,,1,527/1000,"(-97/375,-1/5,0)",148,
hexagonal,148,R-3,"(23,37,16)",c_his_not_ours_P2_reproduced,,03a6165d26d39745,,1,797/1000,"(-21/250,-37/250,77/1500)",148,
hexagonal,148,R-3,"(24,36,14)",a_ours_in_his,31d09faf7fb2bf6f,31d09faf7fb2bf6f,1/2;527/1000;3/4;797/1000;4/5;7/8;1;9/8;19/16;39/32;5/4;41/32;83/64;11/8;45/32;3/2;49/32;99/64;13/8;27/16;55/32;7/4;15/8;31/16;63/32;127/64;2;9/4;19/8;39/16,1,797/1000,"(-1/3,0,1/12)",148,
hexagonal,148,R-3,"(24,38,16)",a_ours_in_his,fac4317d5a65b959,37ef3ce53e5a9f0d,9/8;19/16,1,3497/1000,"(-83/375,-2/125,2/75)",148,
hexagonal,148,R-3,"(25,40,17)",c_his_not_ours_P2_reproduced,,8cbad8a281720d5f,,1,7/2,"(-4/15,-17/125,1/125)",148,
hexagonal,148,R-3,"(25,41,18)",c_his_not_ours_P2_reproduced,,81ef48ba7120fa26,,1,68/25,"(-104/375,-16/125,1/60)",148,
hexagonal,148,R-3,"(26,40,16)",a_ours_in_his,c18a9b1cb2a5d168;f429e996b3f455a6,417a369c2c639ddb,1/2;5331/8000;2777/4000;3/4;797/1000;4/5;7/8;57/64,1,797/1000,"(-1/250,-1/250,1/12)",148,
hexagonal,148,R-3,"(27,42,17)",c_his_not_ours_P2_reproduced,,991a5023fc8d713a,,1,797/1000,"(-11/375,-11/125,1/12)",148,
hexagonal,148,R-3,"(27,43,18)",c_his_not_ours_P2_reproduced,,9baadfb869d64ff5,,1,1/2,"(-4/15,-4/25,11/150)",148,
hexagonal,148,R-3,"(28,44,18)",c_his_not_ours_P2_reproduced,,035aedb515c9302d,,1,3497/1000,"(-41/125,-1/125,1/1500)",148,
hexagonal,148,R-3,"(29,45,18)",c_his_not_ours_P2_reproduced,,cfa3bfb9fefaaa21,,1,797/1000,"(-3/50,-9/50,4/75)",148,
hexagonal,148,R-3,"(29,46,19)",c_his_not_ours_P2_reproduced,,147f4e5c47e2a493,,1,7/2,"(-203/750,-7/50,1/125)",148,
hexagonal,148,R-3,"(29,47,20)",c_his_not_ours_P2_reproduced,,5a43e79a1460f5dc,,1,47/25,"(-217/750,-1/10,1/30)",148,
hexagonal,148,R-3,"(30,46,18)",c_his_not_ours_P2_reproduced,,b8a3099f8963dc67,,1,797/1000,"(-7/125,-21/125,83/1500)",148,
hexagonal,148,R-3,"(31,48,19)",a_ours_in_his,1db3ca5e82f8746f;f593cb348adf804b,f593cb348adf804b,21/16;11/8;45/32;91/64;23/16;3/2;25/16;13/8;27/16;55/32;7/4;2;129/64;65/32;33/16;17/8;9/4;19/8;39/16;5/2;11/4;3;13/4;6747/2000;13741/4000;55211/16000,1,3497/1000,"(-1/6,-1/2,1/1500)",148,
hexagonal,148,R-3,"(32,50,20)",c_his_not_ours_P2_reproduced,,1c6dc0fd40946dd4,,1,3497/1000,"(-104/375,-4/25,1/750)",148,
hexagonal,148,R-3,"(34,52,20)",c_his_not_ours_P2_reproduced,,ff65c54d78bb4e50,,1,797/1000,"(-19/375,-19/125,29/500)",148,
hexagonal,148,R-3,"(34,53,21)",c_his_not_ours_P2_reproduced,,b3d52575f76a33bd,,1,797/1000,"(-49/750,-49/250,1/12)",148,
hexagonal,148,R-3,"(36,56,22)",c_his_not_ours_P2_reproduced,,edd3f34f34382a07,,1,3497/1000,"(-199/750,-49/250,1/250)",148,
hexagonal,148,R-3,"(38,58,22)",c_his_not_ours_P2_reproduced,,339a1cd7d42aa6cb,,1,797/1000,"(-13/50,-53/250,6/125)",148,
hexagonal,148,R-3,"(42,64,24)",c_his_not_ours_P2_reproduced,,ce3c16e62cfe2d90,,1,4/5,"(-98/375,-26/125,89/1500)",148,
hexagonal,148,R-3,"(46,70,26)",c_his_not_ours_P2_reproduced,,80c22a5f1aa9c662,,1,821/1000,"(-98/375,-26/125,7/125)",148,
hexagonal,149,P312,"(6,9,5)",c_his_not_ours_P2_reproduced,,a1053191a6317676,,1,3497/1000,"(1/6,1/6,0)",149,
hexagonal,149,P312,"(8,12,6)",a_ours_in_his,e3faf0283734fac7,e3faf0283734fac7,1/2;527/1000;3/4;797/1000;4/5;7/8;1;5/4;3/2;7/4;2;9/4;5/2;11/4;3;13/4;3497/1000;7/2,1,3497/1000,"(1/6,0,0)",149,
hexagonal,149,P312,"(12,18,8)",a_ours_in_his,fd9a9f68ec1db422,fd9a9f68ec1db422,1/2;527/1000;3/4;797/1000;4/5;7/8;1;5/4;3/2;7/4;2;9/4;5/2;11/4;3;13/4;3497/1000;7/2,1,3497/1000,"(0,0,0)",149,
hexagonal,149,P312,"(14,24,12)",a_ours_in_his,0fef47b559fef709,0fef47b559fef709,1277/2000;2177/3200;2777/4000;3/4;797/1000;4/5;7/8;1;5/4;3/2;7/4;2;9/4;5/2;11/4;3;13/4;3497/1000;7/2,1,3497/1000,"(1/6,1/6,1/4)",149,
hexagonal,149,P312,"(18,30,14)",a_ours_in_his,76108b085b4e40f8,76108b085b4e40f8,1/2;527/1000;2331/4000;977/1600;9993/16000;1277/2000;5331/8000,1,3497/1000,"(1/6,1/6,1/250)",149,
hexagonal,150,P321,"(6,9,5)",a_ours_in_his,a1053191a6317676,a1053191a6317676,1/2;527/1000;3/4;797/1000;4/5;7/8;1;5/4;3/2;7/4;2;9/4;5/2;11/4;3;13/4;3497/1000;7/2,1,3497/1000,"(1/3,0,0)",150,
hexagonal,150,P321,"(6,12,8)",c_his_not_ours_P2_reproduced,,3cb6c70abd57e0b9,,1,4/5,"(4/25,0,1/4)",150,
hexagonal,150,P321,"(7,11,6)",c_his_not_ours_P2_reproduced,,a4d2e4badea1fc0f,,1,4/5,"(29/100,-13/100,1/4)",150,
hexagonal,150,P321,"(8,12,6)",a_ours_in_his,e3faf0283734fac7,e3faf0283734fac7,1/2;527/1000;3/4;797/1000;4/5;7/8;1;5/4;3/2;7/4;2;9/4;5/2;11/4;3;13/4;3497/1000;7/2,1,3497/1000,"(1/4,-1/4,0)",150,
hexagonal,150,P321,"(8,14,8)",c_his_not_ours_P2_reproduced,,a53e946faf92e440,,1,3497/1000,"(124/375,0,1/4)",150,
hexagonal,150,P321,"(12,18,8)",a_ours_in_his,fd9a9f68ec1db422,fd9a9f68ec1db422,1/2;527/1000;3/4;797/1000;4/5;7/8;1;5/4;3/2;7/4;2;9/4;5/2;11/4;3;13/4;3497/1000;7/2,1,3497/1000,"(0,0,0)",150,
hexagonal,150,P321,"(14,22,10)",c_his_not_ours_P2_reproduced,,f3ed2550b3b58d01,,1,3497/1000,"(124/375,0,3/250)",150,
hexagonal,150,P321,"(14,24,12)",a_ours_in_his,0fef47b559fef709,0fef47b559fef709,37/32;75/64;19/16;79/64;5/4;43/32;11/8;3/2;25/16;13/8;7/4;2;67/32;17/8;9/4;5/2;11/4;3;13/4;3497/1000;7/2,1,3497/1000,"(1/3,0,1/4)",150,
hexagonal,150,P321,"(17,29,14)",c_his_not_ours_P2_reproduced,,52cd1a7da3dc17c7,,1,4/5,"(36/125,-16/125,1/4)",150,
hexagonal,150,P321,"(18,30,14)",a_ours_in_his,6784d6995cabf9df;76108b085b4e40f8,76108b085b4e40f8,1/2;527/1000;9547/16000;977/1600;9993/16000;1277/2000;3/4;797/1000;4/5;7/8;1;9/8;73/64;37/32;19/16;39/32;5/4;21/16;85/64;3/2;49/32;99/64;7/4;2;33/16;133/64;9/4;5/2;11/4;3;13/4;3497/1000;7/2,1,3497/1000,"(1/3,0,7/500)",150,
hexagonal,150,P321,"(21,33,14)",a_ours_in_his,67cf3994cfeceb8b,67cf3994cfeceb8b,1/2;527/1000;1731/3200;2331/4000,1,3497/1000,"(33/100,-1/500,1/125)",150,
hexagonal,150,P321,"(22,36,16)",a_ours_in_his,878c796cf524cdb7,878c796cf524cdb7,4439/8000;2331/4000,1,3497/1000,"(81/500,-57/500,1/500)",150,
hexagonal,150,P321,"(25,39,16)",a_ours_in_his,2a07738610416021,2a07738610416021,9547/16000;977/1600,1,3497/1000,"(33/100,-1/500,3/250)",150,
hexagonal,151,P3_112,"(12,18,8)",a_ours_in_his,fd9a9f68ec1db422,fd9a9f68ec1db422,1/2;527/1000;3/4;797/1000;4/5;7/8;1;5/4;3/2;7/4;2;9/4;5/2;11/4;3;13/4;3497/1000;7/2,1,3497/1000,"(0,0,0)",151_153,
hexagonal,151,P3_112,"(12,19,9)",c_his_not_ours_P2_reproduced,,8f6b3652ccfef570,,1,4/5,"(1/75,0,23/300)",151_153,
hexagonal,151,P3_112,"(13,22,11)",c_his_not_ours_P2_reproduced,,f1e0d6a24a06b752,,1,3497/1000,"(62/375,62/125,0)",151_153,
hexagonal,151,P3_112,"(16,26,12)",c_his_not_ours_P2_reproduced,,0cea04a8f66814e0,,1,797/1000,"(23/150,23/50,0)",151_153,
hexagonal,151,P3_112,"(18,27,11)",c_his_not_ours_P2_reproduced,,3781e6ffb4480fca,,1,3497/1000,"(62/375,62/125,1/12)",151_153,
hexagonal,151,P3_112,"(18,30,14)",a_ours_in_his,4db369a636f4396b,9bf0299ebc6762cc,3/2,1,4/5,"(133/750,53/250,0)",151_153,
hexagonal,151,P3_112,"(20,32,14)",c_his_not_ours_P2_reproduced,,c23407c24f02fc46,,1,797/1000,"(109/750,109/250,1/12)",151_153,
hexagonal,151,P3_112,"(22,34,14)",a_ours_in_his,8e6a80eb6f0f31a9,8e6a80eb6f0f31a9,3/2;7/4;2;9/4;5/2;11/4;3;13/4;3497/1000;7/2,1,3497/1000,"(1/6,123/250,0)",151_153,
hexagonal,151,P3_112,"(22,35,15)",c_his_not_ours_P2_reproduced,,df40917011e94d04,,1,3497/1000,"(4/75,4/25,2/75)",151_153,
hexagonal,151,P3_112,"(23,36,15)",c_his_not_ours_P2_reproduced,,104d5ca25efe75f8,,1,4/5,"(13/75,12/25,23/300)",151_153,
hexagonal,151,P3_112,"(24,36,14)",a_ours_in_his,e948828e76447bbb,e948828e76447bbb,127/128;1;5/4;21/16;11/8;93/64;47/32;3/2;97/64;49/32;25/16;13/8;7/4;2;9/4;5/2;11/4;3;13/4;3497/1000;7/2,1,3497/1000,"(21/125,62/125,31/375)",151_153,
hexagonal,151,P3_112,"(24,38,16)",a_ours_in_his,96db1db2ceed20c0,96db1db2ceed20c0,1/2;527/1000;3/4;797/1000;4/5;7/8;29/32;59/64;119/128,1,797/1000,"(193/750,13/250,0)",151_153,
hexagonal,151,P3_112,"(25,38,15)",a_ours_in_his,11b5eb68110c797d,11b5eb68110c797d,91/64;23/16;47/32;95/64,1,797/1000,"(67/375,57/125,0)",151_153,
hexagonal,151,P3_112,"(25,39,16)",c_his_not_ours_P2_reproduced,,ee90cf9b66871976,,1,4/5,"(169/750,13/50,39/500)",151_153,
hexagonal,151,P3_112,"(27,41,16)",c_his_not_ours_P2_reproduced,,92ad2666bcd9d321,,1,797/1000,"(6/25,18/125,1/12)",151_153,
hexagonal,151,P3_112,"(27,42,17)",c_his_not_ours_P2_reproduced,,28864bfa439782cd,,1,4/5,"(7/30,11/50,23/300)",151_153,
hexagonal,151,P3_112,"(28,42,16)",a_ours_in_his,1a36f90bbc759307;2a139a0af47705e5,1a36f90bbc759307,1/2;527/1000;5/8;1277/2000;5331/8000;11/16;2777/4000;3/4;797/1000;4/5;7/8;29/32;117/128;15/16;1;65/64;33/32;67/64;17/16;9/8;5/4;11/8;45/32;3/2;13/8;27/16;55/32,1,797/1000,"(13/75,12/25,2/25)",151_153,
hexagonal,151,P3_112,"(29,44,17)",c_his_not_ours_P2_reproduced,,93f0d1afa520923e,,1,797/1000,"(13/50,39/250,1/12)",151_153,
hexagonal,151,P3_112,"(29,45,18)",c_his_not_ours_P2_reproduced,,04a2e51e235ab922,,1,4/5,"(1/6,23/50,23/300)",151_153,
hexagonal,151,P3_112,"(30,45,17)",a_ours_in_his,36ec4ad2f530e145;5c6382a9ef3bc209;e198aac88f223892,5c6382a9ef3bc209,4081/8000;1027/2000;527/1000;2331/4000;977/1600;9993/16000;2177/3200;2777/4000;3/4;1547/2000;3141/4000;12611/16000;111/64;7/4;15/8;61/32,1,3497/1000,"(7/25,4/25,2/75)",151_153,
hexagonal,151,P3_112,"(31,47,18)",c_his_not_ours_P2_reproduced,,d92e58a5ae54ad88,,1,797/1000,"(2/75,2/125,1/12)",151_153,
hexagonal,151,P3_112,"(31,48,19)",c_his_not_ours_P2_reproduced,,ab9908e32ae70ce9,,1,4/5,"(4/15,9/125,6/125)",151_153,
hexagonal,151,P3_112,"(32,48,18)",a_ours_in_his,e5760549017956be,e5760549017956be,45/64;11331/16000;23/32;5777/8000;3/4;797/1000;4/5;7/8;59/64;15/16;31/32;63/64;1;33/32;17/16;9/8;5/4;41/32;83/64;11/8;23/16;47/32;95/64;31/16;2;9/4;5/2,1,3497/1000,"(19/75,6/25,1/25)",151_153,
hexagonal,151,P3_112,"(33,51,20)",c_his_not_ours_P2_reproduced,,ad2aa5f898b814b5,,1,4/5,"(34/125,8/125,9/250)",151_153,
hexagonal,151,P3_112,"(34,51,19)",a_ours_in_his,c47838ebe2b50e1a;ce3b42c8a4ceff6f,c47838ebe2b50e1a,1/2;2027/4000;1627/3200;6329/8000;797/1000;4/5;7/8;1;65/64,1,797/1000,"(47/150,1/50,2/25)",151_153,
hexagonal,151,P3_112,"(35,53,20)",c_his_not_ours_P2_reproduced,,8e28b083881ae0aa,,1,797/1000,"(101/375,8/125,16/375)",151_153,
hexagonal,151,P3_112,"(36,54,20)",c_his_not_ours_P2_reproduced,,d712ebc96a2dc4d9,,1,3497/1000,"(6/125,16/125,17/750)",151_153,
hexagonal,151,P3_112,"(38,57,21)",c_his_not_ours_P2_reproduced,,7989244a00e65384,,1,797/1000,"(223/750,7/250,2/375)",151_153,
hexagonal,151,P3_112,"(40,60,22)",c_his_not_ours_P2_reproduced,,9e4aab9567a0373e,,1,797/1000,"(113/375,1/125,1/300)",151_153,
hexagonal,152,P3_121,"(12,18,8)",a_ours_in_his,fd9a9f68ec1db422,fd9a9f68ec1db422,1/2;527/1000;3/4;797/1000;4/5;7/8;1;5/4;3/2;7/4;2;9/4;5/2;11/4;3;13/4;3497/1000;7/2,1,3497/1000,"(0,0,0)",152_154,
hexagonal,152,P3_121,"(12,20,10)",b_ours_not_his,f0e2036d295195b4,,9/8,0,,,,
hexagonal,152,P3_121,"(13,22,11)",c_his_not_ours_P2_reproduced,,f1e0d6a24a06b752,,1,3497/1000,"(31/125,93/125,0)",152_154,
hexagonal,152,P3_121,"(14,24,12)",b_ours_not_his,1da02fe6c7c6eb73,,79/64;5/4;3/2;7/4;2;9/4;5/2;11/4;3;13/4;3497/1000;7/2,0,,,,
hexagonal,152,P3_121,"(15,23,10)",c_his_not_ours_P2_reproduced,,29f83598c9f23455,,1,3497/1000,"(62/125,62/125,1/12)",152_154,
hexagonal,152,P3_121,"(15,24,11)",c_his_not_ours_P2_reproduced,,8d405389ad32b59f,,1,2,"(1/5,1/5,7/150)",152_154,
hexagonal,152,P3_121,"(15,25,12)",c_his_not_ours_P2_reproduced,,fcfb951dfb823866,,1,7/5,"(3/50,1/10,3/50)",152_154,
hexagonal,152,P3_121,"(16,26,12)",c_his_not_ours_P2_reproduced,,0cea04a8f66814e0,,1,797/1000,"(31/125,93/125,0)",152_154,
hexagonal,152,P3_121,"(18,27,11)",c_his_not_ours_P2_reproduced,,3781e6ffb4480fca,,1,3497/1000,"(83/250,83/250,1/12)",152_154,
hexagonal,152,P3_121,"(18,28,12)",a_ours_in_his,1d2c47d061a6ab6c;75c9be976d704515,1d2c47d061a6ab6c,23/32;3/4;31/32;1;9/8;73/64;37/32;19/16;79/64;5/4;41/32;21/16;11/8;3/2;7/4;2;9/4;5/2;11/4;3;13/4;3497/1000;7/2,1,3497/1000,"(62/125,63/125,1/12)",152_154,
hexagonal,152,P3_121,"(18,29,13)",c_his_not_ours_P2_reproduced,,bb3eeb50e1c37ee6,,1,3497/1000,"(21/125,62/125,0)",152_154,
hexagonal,152,P3_121,"(18,30,14)",b_ours_not_his,4db369a636f4396b,,3/2,0,,,,
hexagonal,152,P3_121,"(18,31,15)",c_his_not_ours_P2_reproduced,,75ed0d99a1ca0d26,,1,797/1000,"(27/125,44/125,0)",152_154,
hexagonal,152,P3_121,"(19,30,13)",c_his_not_ours_P2_reproduced,,06afb32833d8e7b7,,1,797/1000,"(3/125,6/125,1/12)",152_154,
hexagonal,152,P3_121,"(19,31,14)",c_his_not_ours_P2_reproduced,,7f384576cfd91dbc,,1,17/10,"(111/250,113/250,4/375)",152_154,
hexagonal,152,P3_121,"(20,32,14)",a_ours_in_his,0417061f8f56488e,6cc5025bce118643,1/2;527/1000;3/4;797/1000;4/5;7/8;1;33/32;67/64,1,797/1000,"(59/250,177/250,0)",152_154,
hexagonal,152,P3_121,"(21,32,13)",c_his_not_ours_P2_reproduced,,6a76b4fcea1180cc,,1,3497/1000,"(83/250,33/50,1/12)",152_154,
hexagonal,152,P3_121,"(21,33,14)",c_his_not_ours_P2_reproduced,,b52aa6137e45bd1c,,1,7/2,"(9/50,31/50,22/375)",152_154,
hexagonal,152,P3_121,"(22,34,14)",c_his_not_ours_P2_reproduced,,08fd2cc91bbad73c,,1,3497/1000,"(83/250,167/250,0)",152_154,
hexagonal,152,P3_121,"(22,35,15)",c_his_not_ours_P2_reproduced,,4a6f33270c17ba66,,1,3497/1000,"(1/250,247/250,0)",152_154,
hexagonal,152,P3_121,"(22,36,16)",b_ours_not_his,7472d8ba000c8056,,9/8,0,,,,
hexagonal,152,P3_121,"(23,35,14)",c_his_not_ours_P2_reproduced,,27d3250ca28a1f93,,1,3497/1000,"(71/250,121/250,19/1500)",152_154,
hexagonal,152,P3_121,"(23,36,15)",c_his_not_ours_P2_reproduced,,4ad102d9c3b04e58,,1,4/5,"(3/125,121/125,7/1500)",152_154,
hexagonal,152,P3_121,"(23,38,17)",c_his_not_ours_P2_reproduced,,8a0c74fa65888683,,1,2,"(0,3/5,7/100)",152_154,
hexagonal,152,P3_121,"(24,36,14)",a_ours_in_his,31d09faf7fb2bf6f;e948828e76447bbb,e948828e76447bbb,1/2;527/1000;2331/4000;5/8;1277/2000;11/16;2777/4000;45/64;11331/16000;3/4;797/1000;4/5;259/320;7/8;57/64;15/16;61/64;123/128;31/32;63/64;1;17/16;35/32;71/64;9/8;37/32;19/16;39/32;87/64;11/8;23/16;95/64;3/2;97/64;49/32;25/16;13/8;7/4;2;9/4;5/2;11/4;3;13/4;3497/1000;7/2,1,3497/1000,"(83/250,167/250,1/12)",152_154,
hexagonal,152,P3_121,"(24,38,16)",a_ours_in_his,5b679d8b0a3147c3,555f30ec39725ebc,17/16;35/32,1,3497/1000,"(0,41/125,41/1500)",152_154,
hexagonal,152,P3_121,"(25,38,15)",a_ours_in_his,b508d80454515935,b508d80454515935,21/16;11/8;45/32;23/16;3/2;7/4;2;9/4;5/2;11/4;3;13/4;3497/1000;7/2,1,3497/1000,"(62/125,63/125,0)",152_154,
hexagonal,152,P3_121,"(25,39,16)",c_his_not_ours_P2_reproduced,,4dabaf9070c14683,,1,4/5,"(28/125,89/125,61/1500)",152_154,
hexagonal,152,P3_121,"(25,41,18)",c_his_not_ours_P2_reproduced,,3074dfc8b2c246f3,,1,4/5,"(37/250,117/250,9/125)",152_154,
hexagonal,152,P3_121,"(26,39,15)",a_ours_in_his,59f890334e777569;95ea57030a106887,95ea57030a106887,1/2;1027/2000;2081/4000;4439/8000;2331/4000;1277/2000;3/4;6047/8000,1,797/1000,"(54/125,61/125,1/12)",152_154,
hexagonal,152,P3_121,"(26,40,16)",a_ours_in_his,4a31af4ea18688a8;8cdfcf810038e858,8cdfcf810038e858,17/32;9/16;5/8;11/16;45/64;5777/8000;3/4;797/1000;4/5;551/640;277/320;7/8;15/16;61/64;123/128;31/32;1;17/16;35/32;71/64;9/8;73/64;37/32;19/16;39/32;5/4;81/64;41/32;83/64;2;9/4,1,3497/1000,"(4/25,21/25,31/750)",152_154,
hexagonal,152,P3_121,"(26,41,17)",c_his_not_ours_P2_reproduced,,abe3eb1b16dc2acb,,1,4/5,"(22/125,54/125,9/125)",152_154,
hexagonal,152,P3_121,"(27,41,16)",c_his_not_ours_P2_reproduced,,483b95ab4d952a2c,,1,3497/1000,"(7/25,53/125,0)",152_154,
hexagonal,152,P3_121,"(27,42,17)",c_his_not_ours_P2_reproduced,,479ec1de84f768a5,,1,3497/1000,"(0,11/25,11/300)",152_154,
hexagonal,152,P3_121,"(27,43,18)",c_his_not_ours_P2_reproduced,,6fb79c742896c91e,,1,797/1000,"(59/250,19/50,0)",152_154,
hexagonal,152,P3_121,"(28,42,16)",a_ours_in_his,1a36f90bbc759307;2c121297dbaa80af;72bcd959be4ab7dd,b7c0d3d85242db64,1/2;527/1000;23/32;3/4;797/1000;4/5;7/8;31/32;1;33/32;67/64;17/16;35/32;71/64;9/8;73/64;75/64;19/16;5/4;41/32;83/64,1,3497/1000,"(61/250,189/250,61/1500)",152_154,
hexagonal,152,P3_121,"(28,43,17)",c_his_not_ours_P2_reproduced,,6b285b73377e5b4a,,1,797/1000,"(23/125,46/125,1/30)",152_154,
hexagonal,152,P3_121,"(28,44,18)",c_his_not_ours_P2_reproduced,,7ddf6d7c3a56512f,,1,4/5,"(41/250,121/250,9/250)",152_154,
hexagonal,152,P3_121,"(28,45,19)",c_his_not_ours_P2_reproduced,,cafa9aed9d5a1b2f,,1,4/5,"(4/25,11/25,23/300)",152_154,
hexagonal,152,P3_121,"(29,44,17)",a_ours_in_his,5838282f46223111;847d2695a14ae424,7236fdf52656aab4,71/64;9/8;5/4;11/8;7/4,1,3497/1000,"(0,3/5,1/60)",152_154,
hexagonal,152,P3_121,"(29,45,18)",c_his_not_ours_P2_reproduced,,14eb440b8111e7f7,,1,4/5,"(11/50,101/250,61/1500)",152_154,
hexagonal,152,P3_121,"(30,45,17)",a_ours_in_his,2165f5c5260120de;303d3c41bbb6461d,5c6382a9ef3bc209,8351/16000;4189/8000;527/1000;1731/3200;12141/16000;3047/4000;1547/2000;797/1000;4/5;7/8;29/32;117/128,1,3497/1000,"(49/250,187/250,49/1500)",152_154,
hexagonal,152,P3_121,"(30,46,18)",c_his_not_ours_P2_reproduced,,15f476f9f9696b0e,,1,3497/1000,"(12/125,53/125,2/125)",152_154,
hexagonal,152,P3_121,"(30,47,19)",c_his_not_ours_P2_reproduced,,71735d01128c3326,,1,797/1000,"(57/250,119/250,0)",152_154,
hexagonal,152,P3_121,"(30,48,20)",c_his_not_ours_P2_reproduced,,b2363cb6de1c434c,,1,4/5,"(4/25,53/125,22/375)",152_154,
hexagonal,152,P3_121,"(31,47,18)",c_his_not_ours_P2_reproduced,,b0accf9f0295f314,,1,3497/1000,"(41/125,16/25,59/1500)",152_154,
hexagonal,152,P3_121,"(31,48,19)",c_his_not_ours_P2_reproduced,,c73fe3e2e385b5fe,,1,3497/1000,"(0,13/25,43/1500)",152_154,
hexagonal,152,P3_121,"(32,48,18)",a_ours_in_his,d0c5a15c25ab6413;e5760549017956be;e98412e7cb95aea2,44201ed9cae489c1,1/2;33/64;9547/16000;977/1600;1277/2000;2777/4000;11331/16000;5777/8000;3/4;797/1000;4/5;521/640;131/160;67/80;137/160;7/8;29/32;15/16;61/64;123/128;127/128;1;33/32;67/64;17/16;69/64;35/32;71/64;9/8;37/32;75/64;19/16;5/4;21/16;43/32;11/8;45/32;91/64;23/16;47/32;95/64,1,3497/1000,"(0,83/125,1/1500)",152_154,
hexagonal,152,P3_121,"(32,49,19)",c_his_not_ours_P2_reproduced,,279b79a3f44b4b61,,1,797/1000,"(27/125,39/125,1/60)",152_154,
hexagonal,152,P3_121,"(32,51,21)",c_his_not_ours_P2_reproduced,,eb5c3f7e70d6a702,,1,29/25,"(29/250,21/50,23/300)",152_154,
hexagonal,152,P3_121,"(33,50,19)",c_his_not_ours_P2_reproduced,,35da5299c12ac4a6,,1,3497/1000,"(41/250,209/250,41/1500)",152_154,
hexagonal,152,P3_121,"(33,51,20)",c_his_not_ours_P2_reproduced,,fad229987154f2b2,,1,1/2,"(4/125,2/5,16/375)",152_154,
hexagonal,152,P3_121,"(34,51,19)",a_ours_in_his,364e84ece2d20d22,119c331d19ed9111,59/64;15/16;1,1,3497/1000,"(1/5,4/5,1/30)",152_154,
hexagonal,152,P3_121,"(34,54,22)",c_his_not_ours_P2_reproduced,,537ba9ce2e87ee05,,1,14/25,"(49/250,19/50,23/300)",152_154,
hexagonal,152,P3_121,"(35,53,20)",c_his_not_ours_P2_reproduced,,105f31a69137db42,,1,797/1000,"(22/125,11/25,1/12)",152_154,
hexagonal,152,P3_121,"(35,54,21)",c_his_not_ours_P2_reproduced,,17035e0af2fcd22d,,1,4/5,"(9/50,83/250,7/1500)",152_154,
hexagonal,152,P3_121,"(36,54,20)",a_ours_in_his,07d543d89e2934f2,a4605e8d26f6e121,65/64;33/32,1,3497/1000,"(24/125,101/125,4/125)",152_154,
hexagonal,152,P3_121,"(37,56,21)",c_his_not_ours_P2_reproduced,,2cc555d1b81ba023,,1,3497/1000,"(6/125,98/125,1/125)",152_154,
hexagonal,152,P3_121,"(37,57,22)",c_his_not_ours_P2_reproduced,,f2ca3002be16e624,,1,136/125,"(7/50,101/250,1/12)",152_154,
hexagonal,152,P3_121,"(38,57,21)",c_his_not_ours_P2_reproduced,,b778a118e7a44050,,1,797/1000,"(109/250,23/50,1/12)",152_154,
hexagonal,152,P3_121,"(39,59,22)",c_his_not_ours_P2_reproduced,,07685c7e15273955,,1,797/1000,"(43/250,109/250,1/12)",152_154,
hexagonal,152,P3_121,"(40,60,22)",c_his_not_ours_P2_reproduced,,950cf6be912ad9b8,,1,3497/1000,"(13/250,177/250,13/1500)",152_154,
hexagonal,152,P3_121,"(41,62,23)",c_his_not_ours_P2_reproduced,,8e3cfcf4c02900c9,,1,797/1000,"(53/250,73/250,61/1500)",152_154,
hexagonal,152,P3_121,"(42,63,23)",c_his_not_ours_P2_reproduced,,cdbc156bd69fabe7,,1,797/1000,"(21/125,53/125,1/12)",152_154,
hexagonal,152,P3_121,"(43,65,24)",c_his_not_ours_P2_reproduced,,8a46a28a0df09735,,1,1037/1000,"(51/250,73/250,53/1500)",152_154,
hexagonal,152,P3_121,"(44,66,24)",c_his_not_ours_P2_reproduced,,7921a079d435b987,,1,797/1000,"(41/250,109/250,1/12)",152_154,
hexagonal,152,P3_121,"(45,68,25)",c_his_not_ours_P2_reproduced,,1cfe04755c637eb0,,1,527/1000,"(57/250,71/250,43/1500)",152_154,
hexagonal,152,P3_121,"(46,69,25)",c_his_not_ours_P2_reproduced,,85938f578052e0c3,,1,797/1000,"(1/5,37/125,1/50)",152_154,
hexagonal,153,P3_212,"(12,18,8)",a_ours_in_his,fd9a9f68ec1db422,fd9a9f68ec1db422,1/2;527/1000;3/4;797/1000;4/5;7/8;1;5/4;3/2;7/4;2;9/4;5/2;11/4;3;13/4;3497/1000;7/2,1,3497/1000,"(0,0,0)",151_153,
hexagonal,153,P3_212,"(12,19,9)",c_his_not_ours_P2_reproduced,,8f6b3652ccfef570,,1,4/5,"(1/75,0,23/300)",151_153,
hexagonal,153,P3_212,"(13,22,11)",c_his_not_ours_P2_reproduced,,f1e0d6a24a06b752,,1,3497/1000,"(62/375,62/125,0)",151_153,
hexagonal,153,P3_212,"(16,26,12)",c_his_not_ours_P2_reproduced,,0cea04a8f66814e0,,1,797/1000,"(23/150,23/50,0)",151_153,
hexagonal,153,P3_212,"(18,27,11)",c_his_not_ours_P2_reproduced,,3781e6ffb4480fca,,1,3497/1000,"(62/375,62/125,1/12)",151_153,
hexagonal,153,P3_212,"(18,30,14)",a_ours_in_his,4db369a636f4396b,9bf0299ebc6762cc,3/2,1,4/5,"(133/750,53/250,0)",151_153,
hexagonal,153,P3_212,"(20,32,14)",c_his_not_ours_P2_reproduced,,c23407c24f02fc46,,1,797/1000,"(109/750,109/250,1/12)",151_153,
hexagonal,153,P3_212,"(22,34,14)",a_ours_in_his,8e6a80eb6f0f31a9,8e6a80eb6f0f31a9,91/64;23/16;3/2;7/4;2;9/4;5/2;11/4;3;13/4;3497/1000;7/2,1,3497/1000,"(1/6,123/250,0)",151_153,
hexagonal,153,P3_212,"(22,35,15)",c_his_not_ours_P2_reproduced,,df40917011e94d04,,1,3497/1000,"(4/75,4/25,2/75)",151_153,
hexagonal,153,P3_212,"(23,36,15)",c_his_not_ours_P2_reproduced,,104d5ca25efe75f8,,1,4/5,"(13/75,12/25,23/300)",151_153,
hexagonal,153,P3_212,"(24,36,14)",a_ours_in_his,e948828e76447bbb,e948828e76447bbb,127/128;1;5/4;21/16;11/8;93/64;47/32;3/2;97/64;49/32;25/16;13/8;7/4;2;17/8;9/4;5/2;11/4;3;13/4;3497/1000;7/2,1,3497/1000,"(21/125,62/125,31/375)",151_153,
hexagonal,153,P3_212,"(24,38,16)",a_ours_in_his,96db1db2ceed20c0,96db1db2ceed20c0,1/2;527/1000;3/4;6047/8000;12141/16000,1,797/1000,"(193/750,13/250,0)",151_153,
hexagonal,153,P3_212,"(25,38,15)",a_ours_in_his,11b5eb68110c797d,11b5eb68110c797d,39/32;5/4;11/8;45/32,1,797/1000,"(67/375,57/125,0)",151_153,
hexagonal,153,P3_212,"(25,39,16)",c_his_not_ours_P2_reproduced,,ee90cf9b66871976,,1,4/5,"(169/750,13/50,39/500)",151_153,
hexagonal,153,P3_212,"(27,41,16)",c_his_not_ours_P2_reproduced,,92ad2666bcd9d321,,1,797/1000,"(6/25,18/125,1/12)",151_153,
hexagonal,153,P3_212,"(27,42,17)",c_his_not_ours_P2_reproduced,,28864bfa439782cd,,1,4/5,"(7/30,11/50,23/300)",151_153,
hexagonal,153,P3_212,"(28,42,16)",a_ours_in_his,1a36f90bbc759307;2a139a0af47705e5,1a36f90bbc759307,1/2;527/1000;5/8;1277/2000;11/16;2777/4000;3/4;3047/4000;1547/2000;797/1000;4/5;7/8;29/32;117/128;1;65/64;33/32;67/64;17/16;35/32;71/64;9/8;19/16;77/64,1,797/1000,"(13/75,12/25,2/25)",151_153,
hexagonal,153,P3_212,"(29,44,17)",c_his_not_ours_P2_reproduced,,93f0d1afa520923e,,1,797/1000,"(13/50,39/250,1/12)",151_153,
hexagonal,153,P3_212,"(29,45,18)",c_his_not_ours_P2_reproduced,,04a2e51e235ab922,,1,4/5,"(1/6,23/50,23/300)",151_153,
hexagonal,153,P3_212,"(30,45,17)",a_ours_in_his,36ec4ad2f530e145;5c6382a9ef3bc209;e198aac88f223892,5c6382a9ef3bc209,977/1600;1277/2000;3/4;797/1000;3191/4000;1277/1600;12773/16000;9/8;37/32;75/64;105/64;53/32;27/16;55/32,1,3497/1000,"(7/25,4/25,2/75)",151_153,
hexagonal,153,P3_212,"(31,47,18)",c_his_not_ours_P2_reproduced,,d92e58a5ae54ad88,,1,797/1000,"(2/75,2/125,1/12)",151_153,
hexagonal,153,P3_212,"(31,48,19)",c_his_not_ours_P2_reproduced,,ab9908e32ae70ce9,,1,4/5,"(4/15,9/125,6/125)",151_153,
hexagonal,153,P3_212,"(32,48,18)",a_ours_in_his,23594bd7053503aa;d770abfcee4deb90;e5760549017956be,e5760549017956be,45/64;11331/16000;23/32;5777/8000;3/4;797/1000;1597/2000;4/5;7/8;59/64;15/16;31/32;63/64;1;65/64;33/32;17/16;9/8;19/16;39/32;79/64;5/4;41/32;83/64;11/8;23/16;47/32;95/64;111/64;7/4;2,1,3497/1000,"(19/75,6/25,1/25)",151_153,
hexagonal,153,P3_212,"(33,51,20)",c_his_not_ours_P2_reproduced,,ad2aa5f898b814b5,,1,4/5,"(34/125,8/125,9/250)",151_153,
hexagonal,153,P3_212,"(34,51,19)",a_ours_in_his,ce3b42c8a4ceff6f,c47838ebe2b50e1a,1/2;527/1000;2331/4000;9547/16000,1,797/1000,"(47/150,1/50,2/25)",151_153,
hexagonal,153,P3_212,"(35,53,20)",c_his_not_ours_P2_reproduced,,8e28b083881ae0aa,,1,797/1000,"(101/375,8/125,16/375)",151_153,
hexagonal,153,P3_212,"(36,54,20)",a_ours_in_his,d712ebc96a2dc4d9,d712ebc96a2dc4d9,5/4;3/2;13/8,1,3497/1000,"(6/125,16/125,17/750)",151_153,
hexagonal,153,P3_212,"(38,57,21)",c_his_not_ours_P2_reproduced,,7989244a00e65384,,1,797/1000,"(223/750,7/250,2/375)",151_153,
hexagonal,153,P3_212,"(40,60,22)",c_his_not_ours_P2_reproduced,,9e4aab9567a0373e,,1,797/1000,"(113/375,1/125,1/300)",151_153,
hexagonal,154,P3_221,"(12,18,8)",a_ours_in_his,fd9a9f68ec1db422,fd9a9f68ec1db422,1/2;527/1000;3/4;797/1000;4/5;7/8;1;5/4;3/2;7/4;2;9/4;5/2;11/4;3;13/4;3497/1000;7/2,1,3497/1000,"(0,0,0)",152_154,
hexagonal,154,P3_221,"(12,20,10)",b_ours_not_his,f0e2036d295195b4,,9/8,0,,,,
hexagonal,154,P3_221,"(13,22,11)",c_his_not_ours_P2_reproduced,,f1e0d6a24a06b752,,1,3497/1000,"(31/125,93/125,0)",152_154,
hexagonal,154,P3_221,"(14,24,12)",b_ours_not_his,1da02fe6c7c6eb73,,79/64;5/4;3/2;7/4;2;9/4;5/2;11/4;3;13/4;3497/1000;7/2,0,,,,
hexagonal,154,P3_221,"(15,23,10)",c_his_not_ours_P2_reproduced,,29f83598c9f23455,,1,3497/1000,"(62/125,62/125,1/12)",152_154,
hexagonal,154,P3_221,"(15,24,11)",c_his_not_ours_P2_reproduced,,8d405389ad32b59f,,1,2,"(1/5,1/5,7/150)",152_154,
hexagonal,154,P3_221,"(15,25,12)",a_ours_in_his,d1f1121757598de0,fcfb951dfb823866,9/4,1,7/5,"(3/50,1/10,3/50)",152_154,
hexagonal,154,P3_221,"(16,26,12)",c_his_not_ours_P2_reproduced,,0cea04a8f66814e0,,1,797/1000,"(31/125,93/125,0)",152_154,
hexagonal,154,P3_221,"(18,27,11)",c_his_not_ours_P2_reproduced,,3781e6ffb4480fca,,1,3497/1000,"(83/250,83/250,1/12)",152_154,
hexagonal,154,P3_221,"(18,28,12)",a_ours_in_his,1d2c47d061a6ab6c;29148698f93136e6;75c9be976d704515,1d2c47d061a6ab6c,23/32;3/4;31/32;1;9/8;73/64;37/32;19/16;79/64;5/4;41/32;21/16;11/8;3/2;7/4;2;9/4;5/2;11/4;3;13/4;3497/1000;7/2,1,3497/1000,"(62/125,63/125,1/12)",152_154,
hexagonal,154,P3_221,"(18,29,13)",c_his_not_ours_P2_reproduced,,bb3eeb50e1c37ee6,,1,3497/1000,"(21/125,62/125,0)",152_154,
hexagonal,154,P3_221,"(18,30,14)",b_ours_not_his,4db369a636f4396b,,3/2,0,,,,
hexagonal,154,P3_221,"(18,31,15)",c_his_not_ours_P2_reproduced,,75ed0d99a1ca0d26,,1,797/1000,"(27/125,44/125,0)",152_154,
hexagonal,154,P3_221,"(19,30,13)",c_his_not_ours_P2_reproduced,,06afb32833d8e7b7,,1,797/1000,"(3/125,6/125,1/12)",152_154,
hexagonal,154,P3_221,"(19,31,14)",c_his_not_ours_P2_reproduced,,7f384576cfd91dbc,,1,17/10,"(111/250,113/250,4/375)",152_154,
hexagonal,154,P3_221,"(20,32,14)",c_his_not_ours_P2_reproduced,,6cc5025bce118643,,1,797/1000,"(59/250,177/250,0)",152_154,
hexagonal,154,P3_221,"(21,32,13)",c_his_not_ours_P2_reproduced,,6a76b4fcea1180cc,,1,3497/1000,"(83/250,33/50,1/12)",152_154,
hexagonal,154,P3_221,"(21,33,14)",c_his_not_ours_P2_reproduced,,b52aa6137e45bd1c,,1,7/2,"(9/50,31/50,22/375)",152_154,
hexagonal,154,P3_221,"(22,34,14)",a_ours_in_his,08fd2cc91bbad73c;f905851c28b76464,08fd2cc91bbad73c,13/8;7/4;2;9/4;5/2;11/4;3;13/4;3497/1000;7/2,1,3497/1000,"(83/250,167/250,0)",152_154,
hexagonal,154,P3_221,"(22,35,15)",c_his_not_ours_P2_reproduced,,4a6f33270c17ba66,,1,3497/1000,"(1/250,247/250,0)",152_154,
hexagonal,154,P3_221,"(22,36,16)",b_ours_not_his,7472d8ba000c8056,,9/8,0,,,,
hexagonal,154,P3_221,"(23,35,14)",c_his_not_ours_P2_reproduced,,27d3250ca28a1f93,,1,3497/1000,"(71/250,121/250,19/1500)",152_154,
hexagonal,154,P3_221,"(23,36,15)",c_his_not_ours_P2_reproduced,,4ad102d9c3b04e58,,1,4/5,"(3/125,121/125,7/1500)",152_154,
hexagonal,154,P3_221,"(23,38,17)",c_his_not_ours_P2_reproduced,,8a0c74fa65888683,,1,2,"(0,3/5,7/100)",152_154,
hexagonal,154,P3_221,"(24,36,14)",a_ours_in_his,31d09faf7fb2bf6f;e948828e76447bbb,e948828e76447bbb,1/2;527/1000;2331/4000;5/8;1277/2000;11/16;2777/4000;45/64;11331/16000;3/4;797/1000;4/5;259/320;7/8;57/64;15/16;61/64;123/128;31/32;63/64;1;67/64;17/16;35/32;71/64;9/8;19/16;39/32;5/4;87/64;11/8;23/16;95/64;3/2;97/64;49/32;25/16;13/8;7/4;2;9/4;5/2;11/4;3;13/4;3497/1000;7/2,1,3497/1000,"(83/250,167/250,1/12)",152_154,
hexagonal,154,P3_221,"(24,38,16)",c_his_not_ours_P2_reproduced,,555f30ec39725ebc,,1,3497/1000,"(0,41/125,41/1500)",152_154,
hexagonal,154,P3_221,"(25,38,15)",a_ours_in_his,919d30fd9021b5ee,b508d80454515935,101/64;51/32;103/64,1,3497/1000,"(62/125,63/125,0)",152_154,
hexagonal,154,P3_221,"(25,39,16)",c_his_not_ours_P2_reproduced,,4dabaf9070c14683,,1,4/5,"(28/125,89/125,61/1500)",152_154,
hexagonal,154,P3_221,"(25,41,18)",c_his_not_ours_P2_reproduced,,3074dfc8b2c246f3,,1,4/5,"(37/250,117/250,9/125)",152_154,
hexagonal,154,P3_221,"(26,39,15)",a_ours_in_his,59f890334e777569;95ea57030a106887,95ea57030a106887,1/2;527/1000;1731/3200;9101/16000;2331/4000;1277/2000;3/4;797/1000;4/5;7/8;29/32;59/64,1,797/1000,"(54/125,61/125,1/12)",152_154,
hexagonal,154,P3_221,"(26,40,16)",a_ours_in_his,4a31af4ea18688a8,8cdfcf810038e858,17/32;9/16;5/8;11/16;45/64;5777/8000;3/4;797/1000;4/5;551/640;277/320;7/8;15/16;61/64;123/128;31/32;1;17/16;35/32;71/64;9/8;73/64;37/32;19/16;39/32;5/4;81/64;41/32;83/64,1,3497/1000,"(4/25,21/25,31/750)",152_154,
hexagonal,154,P3_221,"(26,41,17)",c_his_not_ours_P2_reproduced,,abe3eb1b16dc2acb,,1,4/5,"(22/125,54/125,9/125)",152_154,
hexagonal,154,P3_221,"(27,41,16)",c_his_not_ours_P2_reproduced,,483b95ab4d952a2c,,1,3497/1000,"(7/25,53/125,0)",152_154,
hexagonal,154,P3_221,"(27,42,17)",c_his_not_ours_P2_reproduced,,479ec1de84f768a5,,1,3497/1000,"(0,11/25,11/300)",152_154,
hexagonal,154,P3_221,"(27,43,18)",c_his_not_ours_P2_reproduced,,6fb79c742896c91e,,1,797/1000,"(59/250,19/50,0)",152_154,
hexagonal,154,P3_221,"(28,42,16)",a_ours_in_his,1a36f90bbc759307;2c121297dbaa80af;4a560e459032166a,b7c0d3d85242db64,1/2;527/1000;23/32;3/4;797/1000;4/5;551/640;277/320;7/8;29/32;119/128;15/16;31/32;1;33/32;67/64;17/16;35/32;73/64,1,3497/1000,"(61/250,189/250,61/1500)",152_154,
hexagonal,154,P3_221,"(28,43,17)",c_his_not_ours_P2_reproduced,,6b285b73377e5b4a,,1,797/1000,"(23/125,46/125,1/30)",152_154,
hexagonal,154,P3_221,"(28,44,18)",c_his_not_ours_P2_reproduced,,7ddf6d7c3a56512f,,1,4/5,"(41/250,121/250,9/250)",152_154,
hexagonal,154,P3_221,"(28,45,19)",c_his_not_ours_P2_reproduced,,cafa9aed9d5a1b2f,,1,4/5,"(4/25,11/25,23/300)",152_154,
hexagonal,154,P3_221,"(29,44,17)",a_ours_in_his,542cbe76934b484b,7236fdf52656aab4,5/4,1,3497/1000,"(0,3/5,1/60)",152_154,
hexagonal,154,P3_221,"(29,45,18)",c_his_not_ours_P2_reproduced,,14eb440b8111e7f7,,1,4/5,"(11/50,101/250,61/1500)",152_154,
hexagonal,154,P3_221,"(30,45,17)",a_ours_in_his,2165f5c5260120de,5c6382a9ef3bc209,4439/8000,1,3497/1000,"(49/250,187/250,49/1500)",152_154,
hexagonal,154,P3_221,"(30,46,18)",c_his_not_ours_P2_reproduced,,15f476f9f9696b0e,,1,3497/1000,"(12/125,53/125,2/125)",152_154,
hexagonal,154,P3_221,"(30,47,19)",c_his_not_ours_P2_reproduced,,71735d01128c3326,,1,797/1000,"(57/250,119/250,0)",152_154,
hexagonal,154,P3_221,"(30,48,20)",c_his_not_ours_P2_reproduced,,b2363cb6de1c434c,,1,4/5,"(4/25,53/125,22/375)",152_154,
hexagonal,154,P3_221,"(31,47,18)",c_his_not_ours_P2_reproduced,,b0accf9f0295f314,,1,3497/1000,"(41/125,16/25,59/1500)",152_154,
hexagonal,154,P3_221,"(31,48,19)",c_his_not_ours_P2_reproduced,,c73fe3e2e385b5fe,,1,3497/1000,"(0,13/25,43/1500)",152_154,
hexagonal,154,P3_221,"(32,48,18)",a_ours_in_his,d10bb4a25bbf4c80;e5760549017956be;e98412e7cb95aea2;fcffad0da2b5b62f,3a7c6d5f00cde1ae,1/2;33/64;9547/16000;977/1600;1277/2000;2777/4000;11331/16000;5777/8000;3/4;6141/8000;1547/2000;797/1000;4/5;521/640;131/160;67/80;137/160;7/8;29/32;117/128;59/64;15/16;61/64;123/128;31/32;63/64;127/128;1;33/32;67/64;17/16;69/64;35/32;71/64;9/8;37/32;75/64;19/16;5/4;21/16;43/32;11/8;45/32;91/64;23/16;47/32;95/64,1,3497/1000,"(0,83/125,1/1500)",152_154,
hexagonal,154,P3_221,"(32,49,19)",c_his_not_ours_P2_reproduced,,279b79a3f44b4b61,,1,797/1000,"(27/125,39/125,1/60)",152_154,
hexagonal,154,P3_221,"(32,51,21)",c_his_not_ours_P2_reproduced,,eb5c3f7e70d6a702,,1,29/25,"(29/250,21/50,23/300)",152_154,
hexagonal,154,P3_221,"(33,50,19)",a_ours_in_his,3d6b109f392fda19,35da5299c12ac4a6,3/2,1,3497/1000,"(41/250,209/250,41/1500)",152_154,
hexagonal,154,P3_221,"(33,51,20)",c_his_not_ours_P2_reproduced,,fad229987154f2b2,,1,1/2,"(4/125,2/5,16/375)",152_154,
hexagonal,154,P3_221,"(34,51,19)",a_ours_in_his,b2430fc4bea4e06d;cbead3df2d2f1d0e,119c331d19ed9111,1/2;1027/2000;2081/4000;2331/4000;1277/2000;5331/8000;2177/3200,1,3497/1000,"(1/5,4/5,1/30)",152_154,
hexagonal,154,P3_221,"(34,54,22)",c_his_not_ours_P2_reproduced,,537ba9ce2e87ee05,,1,14/25,"(49/250,19/50,23/300)",152_154,
hexagonal,154,P3_221,"(35,53,20)",c_his_not_ours_P2_reproduced,,105f31a69137db42,,1,797/1000,"(22/125,11/25,1/12)",152_154,
hexagonal,154,P3_221,"(35,54,21)",c_his_not_ours_P2_reproduced,,17035e0af2fcd22d,,1,4/5,"(9/50,83/250,7/1500)",152_154,
hexagonal,154,P3_221,"(36,54,20)",a_ours_in_his,66563d07a1110a25;7e023be581e7c50a,a4605e8d26f6e121,2777/4000;3/4;3047/4000;2447/3200;1,1,3497/1000,"(24/125,101/125,4/125)",152_154,
hexagonal,154,P3_221,"(37,56,21)",c_his_not_ours_P2_reproduced,,2cc555d1b81ba023,,1,3497/1000,"(6/125,98/125,1/125)",152_154,
hexagonal,154,P3_221,"(37,57,22)",c_his_not_ours_P2_reproduced,,f2ca3002be16e624,,1,136/125,"(7/50,101/250,1/12)",152_154,
hexagonal,154,P3_221,"(38,57,21)",a_ours_in_his,c82ebc15c49c1413,b778a118e7a44050,8351/16000;4189/8000;527/1000;4439/8000;9101/16000,1,797/1000,"(109/250,23/50,1/12)",152_154,
hexagonal,154,P3_221,"(39,59,22)",c_his_not_ours_P2_reproduced,,07685c7e15273955,,1,797/1000,"(43/250,109/250,1/12)",152_154,
hexagonal,154,P3_221,"(40,60,22)",c_his_not_ours_P2_reproduced,,950cf6be912ad9b8,,1,3497/1000,"(13/250,177/250,13/1500)",152_154,
hexagonal,154,P3_221,"(41,62,23)",c_his_not_ours_P2_reproduced,,8e3cfcf4c02900c9,,1,797/1000,"(53/250,73/250,61/1500)",152_154,
hexagonal,154,P3_221,"(42,63,23)",c_his_not_ours_P2_reproduced,,cdbc156bd69fabe7,,1,797/1000,"(21/125,53/125,1/12)",152_154,
hexagonal,154,P3_221,"(43,65,24)",c_his_not_ours_P2_reproduced,,8a46a28a0df09735,,1,1037/1000,"(51/250,73/250,53/1500)",152_154,
hexagonal,154,P3_221,"(44,66,24)",c_his_not_ours_P2_reproduced,,7921a079d435b987,,1,797/1000,"(41/250,109/250,1/12)",152_154,
hexagonal,154,P3_221,"(45,68,25)",c_his_not_ours_P2_reproduced,,1cfe04755c637eb0,,1,527/1000,"(57/250,71/250,43/1500)",152_154,
hexagonal,154,P3_221,"(46,69,25)",c_his_not_ours_P2_reproduced,,85938f578052e0c3,,1,797/1000,"(1/5,37/125,1/50)",152_154,
hexagonal,155,R32,"(6,11,7)",c_his_not_ours_P2_reproduced,,d2d935e5499e6e11,,1,7/2,"(-49/375,-49/125,4/125)",155,
hexagonal,155,R32,"(6,12,8)",c_his_not_ours_P2_reproduced,,3cb6c70abd57e0b9,,1,13/5,"(-88/375,0,1/15)",155,
hexagonal,155,R32,"(7,12,7)",c_his_not_ours_P2_reproduced,,ac1e98f9be48162a,,1,7/2,"(-163/750,-87/250,2/125)",155,
hexagonal,155,R32,"(8,13,7)",c_his_not_ours_P2_reproduced,,4ab699adbeb533b0,,1,3497/1000,"(-1/750,-1/250,1/12)",155,
hexagonal,155,R32,"(8,14,8)",a_ours_in_his,a53e946faf92e440,a53e946faf92e440,79/64;5/4;3/2;7/4;2;9/4;5/2;11/4;3;13/4;3497/1000;7/2,1,3497/1000,"(-1/375,0,1/12)",155,
hexagonal,155,R32,"(10,16,8)",c_his_not_ours_P2_reproduced,,61a294835c4c4a23,,1,3497/1000,"(-247/750,-1/250,0)",155,
hexagonal,155,R32,"(10,18,10)",b_ours_not_his,3ab0f86bf4aa2403,,2,0,,,,
hexagonal,155,R32,"(11,18,9)",c_his_not_ours_P2_reproduced,,d433e9bbb8412362,,1,7/2,"(-38/375,-29/125,2/125)",155,
hexagonal,155,R32,"(11,20,11)",c_his_not_ours_P2_reproduced,,e2bfffe1e811adfe,,1,4/5,"(-71/375,-2/125,0)",155,
hexagonal,155,R32,"(12,18,8)",b_ours_not_his,fd9a9f68ec1db422,,1/2;527/1000;3/4;797/1000;4/5;7/8;1;5/4;3/2;7/4;2;9/4;5/2;11/4;3;13/4;3497/1000;7/2,0,,,,
hexagonal,155,R32,"(12,21,11)",c_his_not_ours_P2_reproduced,,f2af171517f10480,,1,5/4,"(-4/15,-1/5,19/750)",155,
hexagonal,155,R32,"(12,22,12)",a_ours_in_his,6f204b14872fdfe3,2dd4332c2d59834e,3/4,1,7/2,"(-49/375,0,1/125)",155,
hexagonal,155,R32,"(13,20,9)",c_his_not_ours_P2_reproduced,,b130c8084f8559f0,,1,797/1000,"(-247/750,-1/250,0)",155,
hexagonal,155,R32,"(13,21,10)",a_ours_in_his,4a24e04257d3d0f4,4a24e04257d3d0f4,129/64;65/32;33/16;17/8;9/4;157/64;79/32;5/2;11/4;3;13/4;27729/8000;3497/1000;7/2,1,3497/1000,"(-1/3,0,1/12)",155,
hexagonal,155,R32,"(13,22,11)",a_ours_in_his,9fa7f38938046e47,9fa7f38938046e47,2447/3200;6141/8000;1547/2000;797/1000;4/5;7/8;1;5/4;3/2;7/4;2;9/4;5/2;11/4;3;13/4;3497/1000;7/2,1,3497/1000,"(-1/750,-1/250,0)",155,
hexagonal,155,R32,"(14,23,11)",c_his_not_ours_P2_reproduced,,7f99db4f8ceb12b6,,1,3497/1000,"(-83/250,-1/250,0)",155,
hexagonal,155,R32,"(14,24,12)",a_ours_in_his,1da02fe6c7c6eb73;f0b07b168368759b,1da02fe6c7c6eb73,9993/16000;1277/2000;3/4;797/1000;4/5;7/8;1;9/8;19/16;39/32;79/64;5/4;3/2;7/4;2;9/4;157/64;79/32;5/2;11/4;3;13/4;27729/8000;3497/1000;7/2,1,3497/1000,"(-1/6,-1/2,1/12)",155,
hexagonal,155,R32,"(14,25,13)",c_his_not_ours_P2_reproduced,,20aca8f41d6bb08e,,1,7/2,"(-26/375,-1/5,2/125)",155,
hexagonal,155,R32,"(15,24,11)",c_his_not_ours_P2_reproduced,,c430780986390d29,,1,3497/1000,"(-1/250,-1/250,1/12)",155,
hexagonal,155,R32,"(15,25,12)",c_his_not_ours_P2_reproduced,,0aa5767e78cb4d8f,,1,4/5,"(-17/150,-17/250,1/12)",155,
hexagonal,155,R32,"(15,26,13)",c_his_not_ours_P2_reproduced,,f5ca5d72e1182852,,1,4/5,"(-77/375,0,1/60)",155,
hexagonal,155,R32,"(15,27,14)",a_ours_in_his,a9c85108747f254c,a9c85108747f254c,1,1,7/5,"(-67/375,-29/125,1/15)",155,
hexagonal,155,R32,"(16,25,11)",c_his_not_ours_P2_reproduced,,3f5fce0d11d8899e,,1,3497/1000,"(-63/250,-61/250,1/1500)",155,
hexagonal,155,R32,"(16,26,12)",a_ours_in_his,d0ed9179c6947b5f,4eaa641c282f54ad,1/2;527/1000;3/4;3047/4000,1,797/1000,"(-1/750,-1/250,0)",155,
hexagonal,155,R32,"(16,27,13)",a_ours_in_his,105e41c2798e6180,cf213e55efccc5f8,2,1,4/5,"(-61/750,-61/250,1/30)",155,
hexagonal,155,R32,"(16,28,14)",c_his_not_ours_P2_reproduced,,4decf0ba67a4d092,,1,4/5,"(-77/375,-24/125,1/60)",155,
hexagonal,155,R32,"(16,30,16)",c_his_not_ours_P2_reproduced,,2001fe7ea92fd0ad,,1,5/4,"(0,0,1/150)",155,
hexagonal,155,R32,"(17,28,13)",c_his_not_ours_P2_reproduced,,346c81a0f2121bf1,,1,3497/1000,"(-101/375,0,2/125)",155,
hexagonal,155,R32,"(17,29,14)",a_ours_in_his,67b1ede4b021a4fc,b1ad3d36d393920e,3/2,1,7/2,"(-11/50,-1/50,2/75)",155,
hexagonal,155,R32,"(18,29,13)",c_his_not_ours_P2_reproduced,,a1b2ac427f563716,,1,3497/1000,"(-14/125,-42/125,41/1500)",155,
hexagonal,155,R32,"(18,30,14)",a_ours_in_his,52c5120f1148da14;7b9cfe26fe4a9c4b;c97273f4df7f3fdc,52c5120f1148da14,2331/4000;9993/16000;1277/2000;3/4;12423/16000;1247/1600;3141/4000;797/1000;4/5;557/640;7/8;29/32;15/16;1;65/64;33/32;17/16;69/64;35/32;9/8;73/64;37/32;19/16;5/4;3/2;7/4;2;9/4;5/2;11/4;3;13/4;3497/1000;7/2,1,3497/1000,"(-2/375,-1/125,1/12)",155,
hexagonal,155,R32,"(19,30,13)",a_ours_in_his,687010310906c548,687010310906c548,111/64;7/4;2;9/4;5/2;11/4;3;13/4;3497/1000;7/2,1,3497/1000,"(-1/6,-1/2,0)",155,
hexagonal,155,R32,"(19,31,14)",c_his_not_ours_P2_reproduced,,291bcd53f8980b24,,1,3497/1000,"(-247/750,-1/250,1/1500)",155,
hexagonal,155,R32,"(19,32,15)",c_his_not_ours_P2_reproduced,,a43db3dc6eaab107,,1,7/2,"(-49/375,-31/125,4/375)",155,
hexagonal,155,R32,"(19,33,16)",c_his_not_ours_P2_reproduced,,9303ea4df8683c79,,1,4/5,"(-76/375,-22/125,1/20)",155,
hexagonal,155,R32,"(20,31,13)",c_his_not_ours_P2_reproduced,,fa027394e7e22a9e,,1,3497/1000,"(-83/250,-1/250,1/1500)",155,
hexagonal,155,R32,"(20,32,14)",a_ours_in_his,47b6d29f5de536f0;64203f15fcf6c09b,47b6d29f5de536f0,1/2;527/1000;2331/4000;977/1600;1277/2000;2777/4000;5777/8000;11777/16000;3/4;797/1000;4/5;67/80;137/160;277/320;7/8;15/16;61/64;123/128;1;33/32;67/64;9/8;73/64,1,797/1000,"(-43/375,0,1/12)",155,
hexagonal,155,R32,"(20,33,15)",c_his_not_ours_P2_reproduced,,1a804bb88ddff3e2,,1,527/1000,"(-203/750,-47/250,0)",155,
hexagonal,155,R32,"(21,33,14)",c_his_not_ours_P2_reproduced,,7c2110f9291ac134,,1,797/1000,"(-23/375,-23/125,79/1500)",155,
hexagonal,155,R32,"(21,34,15)",c_his_not_ours_P2_reproduced,,5765fd482850eb3e,,1,3497/1000,"(-32/125,-11/125,3/250)",155,
hexagonal,155,R32,"(21,35,16)",c_his_not_ours_P2_reproduced,,e342309850479963,,1,4/5,"(-103/750,-7/50,1/20)",155,
hexagonal,155,R32,"(22,34,14)",c_his_not_ours_P2_reproduced,,4297fd505b9cc36d,,1,797/1000,"(-9/125,0,1/12)",155,
hexagonal,155,R32,"(22,35,15)",c_his_not_ours_P2_reproduced,,eaa671755c4af4f6,,1,3497/1000,"(-67/250,-1/250,2/125)",155,
hexagonal,155,R32,"(22,36,16)",a_ours_in_his,01a494d767bd713c;181713b518d1112b,181713b518d1112b,1/2;527/1000;4439/8000;9101/16000;9993/16000;1277/2000;3/4;12047/16000;6047/8000;3047/4000;1547/2000;797/1000;4/5;557/640;7/8;57/64;115/128;15/16;31/32;63/64;127/128;1;17/16;9/8;37/32;75/64;91/64;23/16;3/2;111/64;7/4;15/8;31/16;63/32;127/64;2;9/4;19/8;39/16;157/64;79/32;5/2;11/4;3;13/4;6747/2000;13741/4000;55211/16000,1,3497/1000,"(-1/3,0,31/1500)",155,
hexagonal,155,R32,"(23,36,15)",c_his_not_ours_P2_reproduced,,af72144b7d92ca68,,1,3497/1000,"(-121/750,-43/250,1/1500)",155,
hexagonal,155,R32,"(23,37,16)",c_his_not_ours_P2_reproduced,,9c2cdf4347408e3c,,1,797/1000,"(-2/25,-4/25,1/20)",155,
hexagonal,155,R32,"(23,38,17)",c_his_not_ours_P2_reproduced,,bbcc378efcedfb90,,1,797/1000,"(-46/375,-19/125,1/12)",155,
hexagonal,155,R32,"(24,36,14)",a_ours_in_his,31d09faf7fb2bf6f,31d09faf7fb2bf6f,1/2;527/1000;3/4;797/1000;4/5;7/8;1;9/8;19/16;39/32;5/4;41/32;83/64;11/8;45/32;3/2;49/32;99/64;13/8;27/16;55/32;7/4;15/8;31/16;63/32;127/64;2;9/4;19/8;39/16,1,797/1000,"(-1/3,0,1/12)",155,
hexagonal,155,R32,"(24,37,15)",c_his_not_ours_P2_reproduced,,550900e445751dbc,,1,797/1000,"(-1/150,-3/250,1/12)",155,
hexagonal,155,R32,"(24,38,16)",a_ours_in_his,efc24204486dde03,efc24204486dde03,1/2;527/1000;1731/3200;4439/8000;2331/4000;9547/16000;977/1600;1277/2000;3/4;797/1000;4/5;67/80;137/160;277/320;7/8;1;33/32;67/64,1,3497/1000,"(-163/750,-1/250,43/1500)",155,
hexagonal,155,R32,"(24,39,17)",c_his_not_ours_P2_reproduced,,1d81d76adec2770e,,1,4/5,"(-163/750,-9/50,1/60)",155,
hexagonal,155,R32,"(25,39,16)",c_his_not_ours_P2_reproduced,,33c7b789b3038d2c,,1,797/1000,"(-81/250,-3/250,0)",155,
hexagonal,155,R32,"(25,40,17)",c_his_not_ours_P2_reproduced,,3764b3787e4572c7,,1,3497/1000,"(-1/6,-77/250,2/125)",155,
hexagonal,155,R32,"(25,41,18)",c_his_not_ours_P2_reproduced,,64ffcf8d9e69c2af,,1,4/5,"(-13/150,-9/50,1/12)",155,
hexagonal,155,R32,"(26,40,16)",c_his_not_ours_P2_reproduced,,ddbf7770e983e608,,1,797/1000,"(-2/375,0,1/1500)",155,
hexagonal,155,R32,"(26,41,17)",a_ours_in_his,f43b45fd6383b36b,cfc98aacd04e3fd0,19/16;39/32;79/64,1,3497/1000,"(-77/250,-7/250,1/250)",155,
hexagonal,155,R32,"(26,43,19)",c_his_not_ours_P2_reproduced,,73da44040f4851b3,,1,2,"(-32/125,-24/125,3/250)",155,
hexagonal,155,R32,"(27,42,17)",c_his_not_ours_P2_reproduced,,991a5023fc8d713a,,1,797/1000,"(-11/375,-11/125,1/12)",155,
hexagonal,155,R32,"(27,43,18)",c_his_not_ours_P2_reproduced,,2732dde8b250a1dd,,1,4/5,"(-91/375,-1/5,1/20)",155,
hexagonal,155,R32,"(27,44,19)",c_his_not_ours_P2_reproduced,,807e101f134333a0,,1,7/2,"(-181/750,-37/250,1/375)",155,
hexagonal,155,R32,"(28,43,17)",a_ours_in_his,c3b4b14633c9d4d5,819dfbe16f40f3f9,557/640;7/8;1;17/16;35/32;71/64,1,797/1000,"(-4/125,-11/125,1/12)",155,
hexagonal,155,R32,"(28,44,18)",c_his_not_ours_P2_reproduced,,67925f0f3d2b7911,,1,3497/1000,"(-82/375,-1/125,7/250)",155,
hexagonal,155,R32,"(28,45,19)",c_his_not_ours_P2_reproduced,,a5e4b271775f7839,,1,797/1000,"(-44/375,-19/125,1/12)",155,
hexagonal,155,R32,"(29,45,18)",c_his_not_ours_P2_reproduced,,cfa3bfb9fefaaa21,,1,797/1000,"(-3/50,-9/50,4/75)",155,
hexagonal,155,R32,"(29,46,19)",c_his_not_ours_P2_reproduced,,795dc56280d76e8e,,1,3497/1000,"(-191/750,-31/250,7/750)",155,
hexagonal,155,R32,"(29,47,20)",c_his_not_ours_P2_reproduced,,963883d727ee9240,,1,44/25,"(-33/125,-1/5,1/60)",155,
hexagonal,155,R32,"(30,46,18)",c_his_not_ours_P2_reproduced,,b8a3099f8963dc67,,1,797/1000,"(-7/125,-21/125,83/1500)",155,
hexagonal,155,R32,"(30,47,19)",a_ours_in_his,37aa18e6e10583be;d9bf7fb7a80eaa38,1691bbed1350a06b,9/8;37/32;75/64;5/4;21/16,1,3497/1000,"(-39/125,-3/125,1/300)",155,
hexagonal,155,R32,"(31,48,19)",a_ours_in_his,1db3ca5e82f8746f;f593cb348adf804b,f593cb348adf804b,21/16;11/8;45/32;91/64;23/16;3/2;25/16;13/8;27/16;55/32;7/4;2;129/64;65/32;33/16;17/8;9/4;19/8;39/16;5/2;11/4;3;13/4;6747/2000;13741/4000;55211/16000,1,3497/1000,"(-1/6,-1/2,1/1500)",155,
hexagonal,155,R32,"(31,49,20)",c_his_not_ours_P2_reproduced,,0b122baf1b5ff02f,,1,4/5,"(-76/375,-24/125,1/300)",155,
hexagonal,155,R32,"(31,50,21)",c_his_not_ours_P2_reproduced,,857198e51a455925,,1,7/2,"(-101/375,-22/125,2/375)",155,
hexagonal,155,R32,"(32,49,19)",a_ours_in_his,a46cbaad3c23e834,852443780b89673b,1/2;527/1000,1,797/1000,"(-1/30,-23/250,1/12)",155,
hexagonal,155,R32,"(32,50,20)",a_ours_in_his,2081d7b9a734e4fe,a4f97dc195c6c141,11/8,1,3497/1000,"(-41/125,-1/125,1/1500)",155,
hexagonal,155,R32,"(32,51,21)",c_his_not_ours_P2_reproduced,,20e949243aa21dd5,,1,7/5,"(-103/375,-18/125,1/20)",155,
hexagonal,155,R32,"(33,51,20)",c_his_not_ours_P2_reproduced,,cbce8df8b10bf7e0,,1,797/1000,"(-28/375,-23/125,1/12)",155,
hexagonal,155,R32,"(33,52,21)",c_his_not_ours_P2_reproduced,,cd7c88f98c7edd9b,,1,3497/1000,"(-19/75,-4/25,1/150)",155,
hexagonal,155,R32,"(33,53,22)",c_his_not_ours_P2_reproduced,,8e0b9f82e65fe49f,,1,7/2,"(-197/750,-47/250,1/250)",155,
hexagonal,155,R32,"(34,52,20)",a_ours_in_his,59b28b3a59c27092;87c94384d7851cb2,ff65c54d78bb4e50,1731/3200;4439/8000;2331/4000;1277/2000;2777/4000;5777/8000;6047/8000;3047/4000;1547/2000;797/1000;4/5;67/80;137/160;277/320,1,797/1000,"(-19/375,-19/125,29/500)",155,
hexagonal,155,R32,"(34,53,21)",c_his_not_ours_P2_reproduced,,b300d983e2f616e0,,1,3497/1000,"(-79/250,-1/50,1/375)",155,
hexagonal,155,R32,"(35,54,21)",c_his_not_ours_P2_reproduced,,ce2093366e18b477,,1,797/1000,"(-13/150,-7/50,1/12)",155,
hexagonal,155,R32,"(35,55,22)",c_his_not_ours_P2_reproduced,,995dd0c71ffe93f5,,1,4/5,"(-86/375,-26/125,1/60)",155,
hexagonal,155,R32,"(36,55,21)",c_his_not_ours_P2_reproduced,,7658eeac8f59a799,,1,797/1000,"(-17/375,-16/125,1/12)",155,
hexagonal,155,R32,"(36,56,22)",c_his_not_ours_P2_reproduced,,5acea0cd2158d501,,1,3497/1000,"(-199/750,-37/250,7/1500)",155,
hexagonal,155,R32,"(38,58,22)",a_ours_in_his,d70e6901953070e7,ecfa31c242637f8d,11777/16000;3/4;12047/16000,1,797/1000,"(-26/375,-24/125,1/12)",155,
hexagonal,155,R32,"(38,59,23)",c_his_not_ours_P2_reproduced,,93f1a220dc00dac6,,1,3497/1000,"(-98/375,-16/125,11/1500)",155,
hexagonal,155,R32,"(39,61,24)",c_his_not_ours_P2_reproduced,,3b1f13925d4a0aa9,,1,7/8,"(-8/125,-22/125,61/750)",155,
hexagonal,155,R32,"(40,61,23)",c_his_not_ours_P2_reproduced,,aa98eb9bdc2a5fc1,,1,797/1000,"(-53/750,-43/250,1/12)",155,
hexagonal,155,R32,"(40,62,24)",c_his_not_ours_P2_reproduced,,69d31bab629ae17c,,1,3497/1000,"(-33/125,-22/125,7/1500)",155,
hexagonal,155,R32,"(42,64,24)",c_his_not_ours_P2_reproduced,,b8cc546083d219d8,,1,797/1000,"(-19/250,-39/250,1/12)",155,
hexagonal,155,R32,"(44,67,25)",c_his_not_ours_P2_reproduced,,49d80ecbd4191a36,,1,797/1000,"(-1/15,-24/125,1/12)",155,
hexagonal,155,R32,"(48,73,27)",c_his_not_ours_P2_reproduced,,016b4a91dfde6d6f,,1,797/1000,"(-193/750,-53/250,6/125)",155,
hexagonal,156,P3m1,"(6,9,5)",a_ours_in_his,a1053191a6317676,a1053191a6317676,1/2;527/1000;3/4;797/1000;4/5;7/8;1;5/4;3/2;7/4;2;9/4;5/2;11/4;3;13/4;3497/1000;7/2,1,3497/1000,"(1/6,1/6,0)",156,
hexagonal,156,P3m1,"(8,12,6)",a_ours_in_his,e3faf0283734fac7,e3faf0283734fac7,1/2;527/1000;3/4;797/1000;4/5;7/8;1;5/4;3/2;7/4;2;9/4;5/2;11/4;3;13/4;3497/1000;7/2,1,3497/1000,"(1/6,0,0)",156,
hexagonal,156,P3m1,"(12,18,8)",a_ours_in_his,fd9a9f68ec1db422,fd9a9f68ec1db422,1/2;527/1000;3/4;797/1000;4/5;7/8;1;5/4;3/2;7/4;2;9/4;5/2;11/4;3;13/4;3497/1000;7/2,1,3497/1000,"(0,0,0)",156,
hexagonal,157,P31m,"(6,9,5)",a_ours_in_his,a1053191a6317676,a1053191a6317676,1/2;527/1000;3/4;797/1000;4/5;7/8;1;5/4;3/2;7/4;2;9/4;5/2;11/4;3;13/4;3497/1000;7/2,1,3497/1000,"(1/3,0,0)",157,
hexagonal,157,P31m,"(8,12,6)",a_ours_in_his,e3faf0283734fac7,e3faf0283734fac7,1/2;527/1000;3/4;797/1000;4/5;7/8;1;5/4;3/2;7/4;2;9/4;5/2;11/4;3;13/4;3497/1000;7/2,1,3497/1000,"(1/4,-1/4,0)",157,
hexagonal,157,P31m,"(12,18,8)",a_ours_in_his,fd9a9f68ec1db422,fd9a9f68ec1db422,1/2;527/1000;3/4;797/1000;4/5;7/8;1;5/4;3/2;7/4;2;9/4;5/2;11/4;3;13/4;3497/1000;7/2,1,3497/1000,"(0,0,0)",157,
hexagonal,158,P3c1,"(8,12,6)",c_his_not_ours_P2_reproduced,,e3faf0283734fac7,,1,3497/1000,"(1/6,0,0)",158,
hexagonal,158,P3c1,"(12,18,8)",a_ours_in_his,fd9a9f68ec1db422,fd9a9f68ec1db422,1/2;527/1000;3/4;797/1000;4/5;7/8;1;5/4;3/2;7/4;2;9/4;5/2;11/4;3;13/4;3497/1000;7/2,1,3497/1000,"(0,0,0)",158,
hexagonal,158,P3c1,"(14,24,12)",a_ours_in_his,0fef47b559fef709,0fef47b559fef709,1/2;527/1000;1277/2000;3/4;797/1000;4/5;7/8;1;5/4;3/2;7/4;2;9/4;5/2;11/4;3;13/4;3497/1000;7/2,1,3497/1000,"(1/6,1/6,0)",158,
hexagonal,158,P3c1,"(18,30,14)",a_ours_in_his,76108b085b4e40f8,76108b085b4e40f8,1/2;527/1000;2331/4000;977/1600;9993/16000,1,527/1000,"(1/6,1/6,0)",158,
hexagonal,159,P31c,"(8,12,6)",c_his_not_ours_P2_reproduced,,e3faf0283734fac7,,1,3497/1000,"(1/4,-1/4,0)",159,
hexagonal,159,P31c,"(8,14,8)",c_his_not_ours_P2_reproduced,,a53e946faf92e440,,1,3497/1000,"(1412/4239,0,0)",159,
hexagonal,159,P31c,"(12,18,8)",a_ours_in_his,fd9a9f68ec1db422,fd9a9f68ec1db422,1/2;527/1000;3/4;797/1000;4/5;7/8;1;5/4;3/2;7/4;2;9/4;5/2;11/4;3;13/4;3497/1000;7/2,1,3497/1000,"(0,0,0)",159,
hexagonal,159,P31c,"(14,22,10)",c_his_not_ours_P2_reproduced,,f3ed2550b3b58d01,,1,797/1000,"(1412/4239,0,0)",159,
hexagonal,159,P31c,"(14,24,12)",a_ours_in_his,0fef47b559fef709,0fef47b559fef709,37/32;19/16;5/4;3/2;7/4;2;9/4;5/2;11/4;3;13/4;3497/1000;7/2,1,3497/1000,"(1/3,0,0)",159,
hexagonal,159,P31c,"(18,30,14)",a_ours_in_his,6784d6995cabf9df;76108b085b4e40f8,6784d6995cabf9df,1/2;527/1000;2331/4000;1277/2000;3/4;797/1000;4/5;7/8;1;9/8;73/64;5/4;3/2;7/4;2;9/4;5/2;11/4;3;13/4;3497/1000;7/2,1,3497/1000,"(5647/16956,-1/5652,0)",159,
hexagonal,159,P31c,"(21,33,14)",a_ours_in_his,67cf3994cfeceb8b,67cf3994cfeceb8b,1/2;527/1000;1731/3200,1,797/1000,"(5647/16956,-1/5652,0)",159,
hexagonal,159,P31c,"(22,36,16)",c_his_not_ours_P2_reproduced,,878c796cf524cdb7,,1,797/1000,"(703/4239,-10/1413,0)",159,
hexagonal,159,P31c,"(25,39,16)",a_ours_in_his,2a07738610416021,2a07738610416021,4439/8000;9101/16000,1,797/1000,"(5645/16956,-1/1884,0)",159,
hexagonal,160,R3m,"(4,6,4)",c_his_not_ours_P2_reproduced,,e1c6bb874212013b,,1,1/2,"(5/36,5/36,0)",160,
hexagonal,160,R3m,"(5,8,5)",a_ours_in_his,42bc5c5af1f296ae,42bc5c5af1f296ae,3/4,1,1/2,"(1831/11988,721/3996,0)",160,
hexagonal,160,R3m,"(6,9,5)",a_ours_in_his,a1053191a6317676,a1053191a6317676,12047/16000;6047/8000;3047/4000;1547/2000;797/1000;4/5;7/8;1;17/16;9/8;5/4;3/2;7/4;2;9/4;5/2;11/4;3;13/4;3497/1000;7/2,1,3497/1000,"(1/6,1/6,0)",160,
hexagonal,160,R3m,"(7,11,6)",c_his_not_ours_P2_reproduced,,26df90c2289ea27c,,1,1/2,"(1/9,1/6,0)",160,
hexagonal,160,R3m,"(8,13,7)",c_his_not_ours_P2_reproduced,,d724d08efce3fe5f,,1,1/2,"(1/9,2/9,0)",160,
hexagonal,160,R3m,"(8,14,8)",a_ours_in_his,a53e946faf92e440,a53e946faf92e440,79/64;5/4;3/2;7/4;2;9/4;5/2;11/4;3;13/4;3497/1000;7/2,1,3497/1000,"(1/6,0,0)",160,
hexagonal,160,R3m,"(9,14,7)",c_his_not_ours_P2_reproduced,,443323be6b76de8a,,1,1/2,"(1333/11988,1997/11988,0)",160,
hexagonal,160,R3m,"(9,15,8)",c_his_not_ours_P2_reproduced,,6a4ade2834332648,,1,1/2,"(38/333,53/333,0)",160,
hexagonal,160,R3m,"(10,15,7)",a_ours_in_his,5aa8e199fd7ddb2f,5aa8e199fd7ddb2f,1/2;527/1000;1277/2000;2777/4000;5777/8000;11777/16000;557/640;7/8;1;33/32;67/64,1,797/1000,"(250/2997,749/2997,0)",160,
hexagonal,160,R3m,"(10,16,8)",c_his_not_ours_P2_reproduced,,0d4a8151c1334f83,,1,1/2,"(443/3996,667/3996,0)",160,
hexagonal,160,R3m,"(12,18,8)",a_ours_in_his,abfdf73c2f298784,abfdf73c2f298784,1/2;527/1000;3/4;797/1000;4/5;259/320,1,797/1000,"(383/3996,383/3996,0)",160,
hexagonal,160,R3m,"(14,21,9)",a_ours_in_his,91f7061ce1442584,91f7061ce1442584,521/640;131/160;67/80;137/160;277/320,1,797/1000,"(575/5994,32/333,0)",160,
hexagonal,160,R3m,"(14,24,12)",a_ours_in_his,1da02fe6c7c6eb73;f0b07b168368759b,1da02fe6c7c6eb73,9993/16000;1277/2000;2177/3200;2777/4000;3/4;797/1000;4/5;557/640;7/8;1;17/16;9/8;19/16;39/32;79/64;5/4;3/2;7/4;2;9/4;5/2;11/4;3;13/4;3497/1000;7/2,1,3497/1000,"(0,0,0)",160,
hexagonal,160,R3m,"(19,29,12)",a_ours_in_his,d0a0a455a34f3fcb,d0a0a455a34f3fcb,1/2;527/1000;2331/4000;977/1600;3/4;797/1000;4/5;259/320;7/8;1,1,797/1000,"(7/162,7/54,0)",160,
hexagonal,160,R3m,"(20,32,14)",a_ours_in_his,47b6d29f5de536f0,47b6d29f5de536f0,1/2;527/1000;2331/4000;977/1600;9993/16000;1277/2000;5331/8000,1,527/1000,"(1/6,0,0)",160,
hexagonal,160,R3m,"(21,33,14)",a_ours_in_his,4b7239e30e871c23,4b7239e30e871c23,521/640;131/160;67/80;137/160;277/320;65/64;33/32;67/64,1,797/1000,"(575/11988,575/3996,0)",160,
hexagonal,160,R3m,"(24,36,14)",a_ours_in_his,31d09faf7fb2bf6f,31d09faf7fb2bf6f,1/2;527/1000;3/4;797/1000;4/5;7/8;1;9/8;19/16;39/32,1,797/1000,"(0,0,0)",160,
hexagonal,161,R3c,"(8,14,8)",c_his_not_ours_P2_reproduced,,a53e946faf92e440,,1,3497/1000,"(1/6,0,0)",161,
hexagonal,161,R3c,"(8,16,10)",c_his_not_ours_P2_reproduced,,3d1a3ee0cfdc0206,,1,2,"(1/18,1/18,0)",161,
hexagonal,161,R3c,"(11,21,12)",c_his_not_ours_P2_reproduced,,161778d5fb8390c6,,1,2,"(1/6,1/6,0)",161,
hexagonal,161,R3c,"(13,23,12)",a_ours_in_his,c4f881b551b2d197,c4f881b551b2d197,3/2,1,2,"(1/9,2/9,0)",161,
hexagonal,161,R3c,"(14,24,12)",a_ours_in_his,0fef47b559fef709;1da02fe6c7c6eb73,1da02fe6c7c6eb73,17/8;9/4;157/64;79/32;5/2;11/4;3;13/4;3497/1000;7/2,1,3497/1000,"(0,0,0)",161,
hexagonal,161,R3c,"(18,30,14)",a_ours_in_his,76108b085b4e40f8,76108b085b4e40f8,97/64;49/32;25/16;13/8;7/4;2;17/8;35/16;71/32;143/64,1,797/1000,"(1/6,1/6,0)",161,
hexagonal,161,R3c,"(19,29,12)",c_his_not_ours_P2_reproduced,,d0a0a455a34f3fcb,,1,797/1000,"(893/11988,893/3996,0)",161,
hexagonal,161,R3c,"(19,31,14)",c_his_not_ours_P2_reproduced,,e60f1e050ee2897c,,1,2,"(221/3996,223/3996,0)",161,
hexagonal,161,R3c,"(20,32,14)",a_ours_in_his,af480ebac6f37935,47b6d29f5de536f0,1;5/4;11/8;23/16;47/32;95/64;111/64;7/4;2;33/16;67/32;135/64,1,797/1000,"(1/6,0,0)",161,
hexagonal,161,R3c,"(21,33,14)",c_his_not_ours_P2_reproduced,,4b7239e30e871c23,,1,709/500,"(166/2997,166/999,0)",161,
hexagonal,161,R3c,"(22,34,14)",a_ours_in_his,56918d2cff883e22;b27ba8dbcbc2891a;bbf85b4df505dab4,bbf85b4df505dab4,1/2;4027/8000;527/1000;1731/3200;4439/8000;9101/16000;2331/4000;1277/2000;3/4;6047/8000;12141/16000;797/1000;4/5;7/8,1,797/1000,"(1211/11988,787/3996,0)",161,
hexagonal,161,R3c,"(24,36,14)",a_ours_in_his,31d09faf7fb2bf6f,31d09faf7fb2bf6f,1/2;527/1000;3/4;797/1000;4/5;7/8;1;5/4;3/2;7/4;2;9/4;19/8;39/16,1,797/1000,"(0,0,0)",161,
hexagonal,161,R3c,"(24,38,16)",a_ours_in_his,35eb3afa3bddf1b7,35eb3afa3bddf1b7,557/640;7/8;15/16;31/32;63/64;127/128,1,797/1000,"(787/5994,605/2997,0)",161,
hexagonal,161,R3c,"(26,40,16)",a_ours_in_his,15b6ef3944666056;27dbb77012555d28;466b12546dd936c3,15b6ef3944666056,8081/16000;2027/4000;1027/2000;527/1000;4439/8000;3047/4000;1547/2000;797/1000;4/5;67/80;137/160;277/320;113/128;57/64;29/32;15/16;1;5/4;3/2;13/8;53/32,1,797/1000,"(1271/11988,727/3996,0)",161,
hexagonal,161,R3c,"(28,44,18)",c_his_not_ours_P2_reproduced,,36a8aa7100d8b78d,,1,797/1000,"(565/3996,211/1332,0)",161,
hexagonal,161,R3c,"(30,46,18)",a_ours_in_his,42b6cf7b856d357a,42b6cf7b856d357a,107/64;27/16;55/32,1,1397/1000,"(1331/11988,455/3996,0)",161,
hexagonal,161,R3c,"(32,50,20)",c_his_not_ours_P2_reproduced,,da3fd395f5f416a6,,1,527/1000,"(428/2997,1081/5994,0)",161,
hexagonal,162,P-31m,"(6,9,5)",a_ours_in_his,a1053191a6317676,a1053191a6317676,1/2;527/1000;3/4;797/1000;4/5;7/8;1;5/4;3/2;7/4;2;9/4;5/2;11/4;3;13/4;3497/1000;7/2,1,3497/1000,"(1/3,0,0)",162,
hexagonal,162,P-31m,"(8,12,6)",a_ours_in_his,e3faf0283734fac7,e3faf0283734fac7,1/2;527/1000;3/4;797/1000;4/5;7/8;1;5/4;3/2;7/4;2;9/4;5/2;11/4;3;13/4;3497/1000;7/2,1,3497/1000,"(1/4,-1/4,0)",162,
hexagonal,162,P-31m,"(8,14,8)",c_his_not_ours_P2_reproduced,,9b1c0d54955637e5,,1,4/5,"(3/25,-8/125,1/20)",162,
hexagonal,162,P-31m,"(10,16,8)",a_ours_in_his,342dd2988fa48b2c,342dd2988fa48b2c,1731/3200;4439/8000;2331/4000;977/1600;1277/2000;3/4;797/1000;4/5;7/8;1;5/4;3/2;7/4;2;9/4;5/2;11/4;3;13/4;3497/1000;7/2,1,3497/1000,"(33/100,-1/500,1/4)",162,
hexagonal,162,P-31m,"(12,18,8)",a_ours_in_his,fd9a9f68ec1db422,fd9a9f68ec1db422,1/2;527/1000;3/4;797/1000;4/5;7/8;1;5/4;3/2;7/4;2;9/4;5/2;11/4;3;13/4;3497/1000;7/2,1,3497/1000,"(0,0,0)",162,
hexagonal,162,P-31m,"(14,22,10)",a_ours_in_his,7534d49b2a3cdb08,7534d49b2a3cdb08,1/2;527/1000;2331/4000;9547/16000,1,3497/1000,"(88/375,-29/125,1/500)",162,
hexagonal,162,P-31m,"(14,24,12)",a_ours_in_his,0fef47b559fef709,0fef47b559fef709,1/2;4081/8000;1027/2000;527/1000;1731/3200;4439/8000;2331/4000;977/1600;1277/2000;10439/16000;5331/8000;2177/3200;2777/4000;11331/16000;5777/8000;11777/16000;3/4;12141/16000;3047/4000;12329/16000;1547/2000;797/1000;4/5;131/160;67/80;109/128;137/160;7/8;113/128;57/64;115/128;29/32;15/16;1;5/4;3/2;7/4;2;9/4;5/2;11/4;3;13/4;3497/1000;7/2,1,3497/1000,"(31/125,-31/125,1/4)",162,
hexagonal,162,P-31m,"(18,30,14)",a_ours_in_his,76108b085b4e40f8,76108b085b4e40f8,1/2;2027/4000;1627/3200;527/1000;1731/3200;4439/8000;9101/16000;2331/4000;9547/16000;977/1600;9993/16000;1277/2000;10439/16000;5331/8000;2777/4000;5777/8000;3/4;6047/8000;3047/4000;6141/8000;797/1000;4/5;259/320;521/640;67/80;271/320;7/8;57/64,1,3497/1000,"(117/500,-117/500,1/500)",162,
hexagonal,163,P-31c,"(5,8,5)",c_his_not_ours_P2_reproduced,,42bc5c5af1f296ae,,1,4/5,"(36/125,-16/125,1/4)",163,
hexagonal,163,P-31c,"(6,9,5)",a_ours_in_his,a1053191a6317676,a1053191a6317676,1/2;527/1000;3/4;797/1000;4/5;7/8;1;5/4;3/2;7/4;2;9/4;5/2;11/4;3;13/4;3497/1000;7/2,1,3497/1000,"(1/3,0,0)",163,
hexagonal,163,P-31c,"(6,11,7)",c_his_not_ours_P2_reproduced,,d2d935e5499e6e11,,1,4/5,"(16/125,0,1/5)",163,
hexagonal,163,P-31c,"(6,12,8)",a_ours_in_his,3cb6c70abd57e0b9,3cb6c70abd57e0b9,1,1,4/5,"(4/25,0,1/4)",163,
hexagonal,163,P-31c,"(7,11,6)",a_ours_in_his,a4d2e4badea1fc0f,a4d2e4badea1fc0f,1,1,4/5,"(29/100,-13/100,1/4)",163,
hexagonal,163,P-31c,"(8,12,6)",a_ours_in_his,e3faf0283734fac7,e3faf0283734fac7,1/2;527/1000;37/64;19/32;5/8;3/4;797/1000;4/5;131/160;67/80;7/8;1;65/64;33/32;17/16;9/8;5/4;3/2;7/4;2;9/4;5/2;11/4;3;13/4;3497/1000;7/2,1,3497/1000,"(1/4,-1/4,0)",163,
hexagonal,163,P-31c,"(8,13,7)",c_his_not_ours_P2_reproduced,,4ab699adbeb533b0,,1,3497/1000,"(124/375,0,31/125)",163,
hexagonal,163,P-31c,"(8,14,8)",a_ours_in_his,a53e946faf92e440,a53e946faf92e440,1/2;2331/4000;1277/2000;11331/16000;5777/8000;3/4;797/1000;4/5;131/160;67/80;7/8;59/64;15/16;1;65/64;33/32;17/16;35/32;9/8;5/4;3/2;7/4;2;9/4;5/2;11/4;3;13/4;3497/1000;7/2,1,3497/1000,"(124/375,0,1/4)",163,
hexagonal,163,P-31c,"(10,15,7)",c_his_not_ours_P2_reproduced,,ca9a19039647d676,,1,3497/1000,"(499/1500,-1/500,13/500)",163,
hexagonal,163,P-31c,"(10,18,10)",a_ours_in_his,3ab0f86bf4aa2403,46bc51e41565aad0,2,1,2,"(11/50,-1/50,1/20)",163,
hexagonal,163,P-31c,"(11,17,8)",c_his_not_ours_P2_reproduced,,ef8048ef68ceb307,,1,3497/1000,"(124/375,0,13/500)",163,
hexagonal,163,P-31c,"(11,21,12)",c_his_not_ours_P2_reproduced,,161778d5fb8390c6,,1,5/4,"(3/25,-3/25,3/25)",163,
hexagonal,163,P-31c,"(12,18,8)",a_ours_in_his,9b7039e0c295ff94;fd9a9f68ec1db422,fd9a9f68ec1db422,1/2;527/1000;9/16;3/4;797/1000;4/5;259/320;521/640;7/8;15/16;31/32;63/64;127/128;1;5/4;3/2;7/4;2;9/4;5/2;11/4;3;13/4;3497/1000;7/2,1,3497/1000,"(0,0,0)",163,
hexagonal,163,P-31c,"(13,21,10)",a_ours_in_his,4a24e04257d3d0f4,4a24e04257d3d0f4,81/64;41/32;21/16;11/8;91/64;23/16;3/2;105/64;53/32;27/16;7/4;2;129/64;65/32;33/16;17/8;9/4;5/2;11/4;91/32;23/8;3;13/4;3497/1000;7/2,1,3497/1000,"(1/3,0,31/125)",163,
hexagonal,163,P-31c,"(13,23,12)",c_his_not_ours_P2_reproduced,,d258927240eb1863,,1,4/5,"(29/125,-13/125,1/5)",163,
hexagonal,163,P-31c,"(14,22,10)",a_ours_in_his,f3ed2550b3b58d01,f3ed2550b3b58d01,1/2;527/1000;4439/8000;9101/16000;1277/2000;2777/4000;3/4;797/1000;4/5;259/320;521/640;7/8;29/32;15/16;31/32;63/64;127/128;1;17/16;69/64,1,797/1000,"(124/375,0,1/4)",163,
hexagonal,163,P-31c,"(14,23,11)",c_his_not_ours_P2_reproduced,,7824c3404ec7c532,,1,3497/1000,"(33/100,-1/500,0)",163,
hexagonal,163,P-31c,"(14,24,12)",a_ours_in_his,0fef47b559fef709,0fef47b559fef709,35/32;9/8;37/32;19/16;5/4;45/32;23/16;3/2;7/4;2;9/4;5/2;11/4;3;13/4;3497/1000;7/2,1,3497/1000,"(1/3,0,1/4)",163,
hexagonal,163,P-31c,"(15,24,11)",a_ours_in_his,ff8725c53f6c0182,ff8725c53f6c0182,1/2;527/1000;3/4;797/1000;4/5;7/8;1;5/4;11/8;45/32;3/2;13/8;7/4;15/8;31/16;63/32;127/64;2;9/4;5/2;11/4;45/16;181/64,1,3497/1000,"(1/3,0,13/500)",163,
hexagonal,163,P-31c,"(18,30,14)",a_ours_in_his,76108b085b4e40f8,76108b085b4e40f8,1/2;527/1000;11331/16000;5777/8000;3/4;797/1000;4/5;7/8;1;17/16;69/64;9/8;73/64;5/4;11/8;89/64,1,3497/1000,"(121/500,-121/500,1/500)",163,
hexagonal,163,P-31c,"(20,32,14)",a_ours_in_his,f7c3e10af5321d77,f7c3e10af5321d77,1/2;527/1000;1277/2000;2777/4000,1,3497/1000,"(33/100,-1/500,2/125)",163,
hexagonal,163,P-31c,"(24,38,16)",c_his_not_ours_P2_reproduced,,ee8fc310966e8a5a,,1,3497/1000,"(33/100,-1/500,13/500)",163,
hexagonal,164,P-3m1,"(5,8,5)",c_his_not_ours_P2_reproduced,,42bc5c5af1f296ae,,1,4/5,"(36/125,-16/125,1/4)",164,
hexagonal,164,P-3m1,"(6,9,5)",a_ours_in_his,a1053191a6317676,a1053191a6317676,1/2;527/1000;4439/8000;2331/4000;9993/16000;1277/2000;3/4;797/1000;4/5;7/8;1;5/4;3/2;7/4;2;9/4;5/2;11/4;3;13/4;3497/1000;7/2,1,3497/1000,"(1/3,0,0)",164,
hexagonal,164,P-3m1,"(6,12,8)",a_ours_in_his,3cb6c70abd57e0b9,3cb6c70abd57e0b9,3/4;1,1,4/5,"(4/25,0,1/4)",164,
hexagonal,164,P-3m1,"(7,11,6)",a_ours_in_his,a4d2e4badea1fc0f,a4d2e4badea1fc0f,1,1,4/5,"(29/100,-13/100,1/4)",164,
hexagonal,164,P-3m1,"(8,12,6)",a_ours_in_his,e3faf0283734fac7,e3faf0283734fac7,1/2;527/1000;3/4;797/1000;4/5;131/160;67/80;557/640;7/8;121/128;61/64;31/32;1;65/64;33/32;17/16;71/64;9/8;37/32;19/16;5/4;43/32;11/8;3/2;7/4;2;9/4;5/2;11/4;3;13/4;3497/1000;7/2,1,3497/1000,"(1/4,-1/4,0)",164,
hexagonal,164,P-3m1,"(8,14,8)",a_ours_in_his,a53e946faf92e440,a53e946faf92e440,2331/4000;9993/16000;1277/2000;2177/3200;2777/4000;11331/16000;5777/8000;3/4;12047/16000;6047/8000;3047/4000;1547/2000;12423/16000;1247/1600;3141/4000;797/1000;4/5;131/160;67/80;557/640;7/8;121/128;61/64;31/32;1;65/64;33/32;17/16;71/64;9/8;37/32;19/16;5/4;43/32;11/8;3/2;7/4;2;9/4;5/2;11/4;3;13/4;3497/1000;7/2,1,3497/1000,"(124/375,0,1/4)",164,
hexagonal,164,P-3m1,"(10,15,7)",a_ours_in_his,ca9a19039647d676,ca9a19039647d676,1/2;527/1000;1731/3200;2331/4000;977/1600,1,3497/1000,"(33/100,-1/500,3/250)",164,
hexagonal,164,P-3m1,"(12,18,8)",a_ours_in_his,9b7039e0c295ff94;fd9a9f68ec1db422,fd9a9f68ec1db422,1/2;527/1000;3/4;797/1000;4/5;259/320;521/640;67/80;137/160;277/320;7/8;15/16;31/32;63/64;127/128;1;33/32;67/64;17/16;35/32;9/8;73/64;5/4;21/16;85/64;3/2;7/4;2;9/4;5/2;11/4;3;13/4;3497/1000;7/2,1,3497/1000,"(0,0,0)",164,
hexagonal,164,P-3m1,"(14,22,10)",a_ours_in_his,f3ed2550b3b58d01,f3ed2550b3b58d01,1/2;527/1000;4439/8000;9101/16000;2331/4000;977/1600;1277/2000;5331/8000;2777/4000;5777/8000;11777/16000;3/4;1547/2000;797/1000;4/5;259/320;521/640;67/80;137/160;277/320;7/8;15/16;121/128;31/32;63/64;127/128;1;33/32;67/64;17/16;35/32;9/8;73/64;5/4;21/16;85/64,1,3497/1000,"(124/375,0,3/250)",164,
hexagonal,164,P-3m1,"(14,24,12)",a_ours_in_his,0fef47b559fef709,0fef47b559fef709,37/32;75/64;19/16;79/64;5/4;43/32;11/8;3/2;25/16;13/8;7/4;2;67/32;17/8;9/4;5/2;11/4;3;13/4;3497/1000;7/2,1,3497/1000,"(1/3,0,1/4)",164,
hexagonal,164,P-3m1,"(18,30,14)",a_ours_in_his,76108b085b4e40f8,76108b085b4e40f8,1/2;527/1000;3/4;797/1000;4/5;7/8;1;9/8;73/64;37/32;19/16;39/32;5/4;21/16;85/64;3/2;49/32;99/64;7/4;2;33/16;133/64,1,3497/1000,"(1/3,0,7/500)",164,
hexagonal,165,P-3c1,"(6,9,5)",a_ours_in_his,a1053191a6317676,a1053191a6317676,1/2;527/1000;3/4;797/1000;4/5;7/8;1;5/4;3/2;7/4;2;9/4;5/2;11/4;3;13/4;3497/1000;7/2,1,3497/1000,"(1/3,0,0)",165,
hexagonal,165,P-3c1,"(6,12,8)",c_his_not_ours_P2_reproduced,,3cb6c70abd57e0b9,,1,2,"(4/25,0,1/5)",165,
hexagonal,165,P-3c1,"(7,11,6)",c_his_not_ours_P2_reproduced,,a4d2e4badea1fc0f,,1,2,"(29/100,-13/100,1/5)",165,
hexagonal,165,P-3c1,"(8,12,6)",a_ours_in_his,e3faf0283734fac7,e3faf0283734fac7,1/2;527/1000;3/4;797/1000;4/5;7/8;1;5/4;3/2;7/4;2;9/4;5/2;11/4;3;13/4;3497/1000;7/2,1,3497/1000,"(1/4,-1/4,0)",165,
hexagonal,165,P-3c1,"(8,14,8)",c_his_not_ours_P2_reproduced,,a53e946faf92e440,,1,3497/1000,"(37/125,0,111/500)",165,
hexagonal,165,P-3c1,"(10,16,8)",c_his_not_ours_P2_reproduced,,342dd2988fa48b2c,,1,3497/1000,"(33/100,-1/500,1/4)",165,
hexagonal,165,P-3c1,"(10,18,10)",c_his_not_ours_P2_reproduced,,3ab0f86bf4aa2403,,1,5/4,"(1/5,-1/5,8/125)",165,
hexagonal,165,P-3c1,"(12,18,8)",a_ours_in_his,fd9a9f68ec1db422,fd9a9f68ec1db422,1/2;527/1000;3/4;797/1000;4/5;7/8;1;5/4;3/2;7/4;2;9/4;5/2;11/4;3;13/4;3497/1000;7/2,1,3497/1000,"(0,0,0)",165,
hexagonal,165,P-3c1,"(13,21,10)",c_his_not_ours_P2_reproduced,,4a24e04257d3d0f4,,1,3497/1000,"(31/125,-31/125,31/125)",165,
hexagonal,165,P-3c1,"(14,22,10)",c_his_not_ours_P2_reproduced,,f3ed2550b3b58d01,,1,3497/1000,"(124/375,0,31/125)",165,
hexagonal,165,P-3c1,"(14,23,11)",c_his_not_ours_P2_reproduced,,7824c3404ec7c532,,1,3497/1000,"(33/100,-1/500,0)",165,
hexagonal,165,P-3c1,"(14,24,12)",a_ours_in_his,0fef47b559fef709,0fef47b559fef709,1/2;527/1000;4439/8000;2331/4000;39/64;977/1600;5/8;1277/2000;5331/8000;43/64;2177/3200;11/16;2777/4000;3/4;797/1000;4/5;7/8;1;5/4;3/2;7/4;2;9/4;37/16;19/8;157/64;79/32;5/2;11/4;3;199/64;25/8;13/4;3497/1000;7/2,1,3497/1000,"(31/125,-31/125,1/4)",165,
hexagonal,165,P-3c1,"(15,24,11)",c_his_not_ours_P2_reproduced,,ff8725c53f6c0182,,1,3497/1000,"(121/500,-121/500,1/500)",165,
hexagonal,165,P-3c1,"(15,26,13)",c_his_not_ours_P2_reproduced,,79fb8eeab73368fe,,1,7/2,"(23/125,-7/125,1/250)",165,
hexagonal,165,P-3c1,"(16,27,13)",a_ours_in_his,3a714f5cd139122d,3a714f5cd139122d,69/64;35/32;9/8;5/4;83/64;21/16;11/8;3/2;7/4;2;9/4;5/2;11/4;3;13/4;3497/1000;7/2,1,3497/1000,"(161/500,-13/500,111/500)",165,
hexagonal,165,P-3c1,"(17,30,15)",c_his_not_ours_P2_reproduced,,3017e880f425ffb4,,1,4/5,"(6/25,-28/125,7/100)",165,
hexagonal,165,P-3c1,"(18,30,14)",a_ours_in_his,76108b085b4e40f8,76108b085b4e40f8,1/2;527/1000;1731/3200;9/16;2331/4000;19/32;9547/16000;977/1600;9993/16000;5/8;1277/2000;10439/16000;21/32;5331/8000;3/4;797/1000;4/5;7/8;1;5/4;3/2;7/4;2;9/4;73/32;147/64;19/8;39/16;5/2;11/4;3;49/16;99/32,1,3497/1000,"(1/3,0,31/125)",165,
hexagonal,165,P-3c1,"(20,32,14)",a_ours_in_his,a0d5da53a88ce913,a0d5da53a88ce913,1/2;527/1000;1277/2000;5331/8000;2177/3200,1,3497/1000,"(36/125,-13/125,1/500)",165,
hexagonal,165,P-3c1,"(20,33,15)",a_ours_in_his,001cbd004f823a98,001cbd004f823a98,557/640;7/8;1;17/16;79/64;5/4;41/32,1,3497/1000,"(307/1500,-97/500,1/125)",165,
hexagonal,165,P-3c1,"(22,35,15)",a_ours_in_his,a81aa52ff8097087,a81aa52ff8097087,2777/4000;3/4;797/1000;4/5;67/80;137/160;277/320;7/8;1;9/8;19/16;39/32,1,3497/1000,"(33/100,-1/500,123/500)",165,
hexagonal,165,P-3c1,"(24,38,16)",c_his_not_ours_P2_reproduced,,58b9ace241cfcbba,,1,527/1000,"(59/250,-43/250,31/125)",165,
hexagonal,165,P-3c1,"(26,41,17)",c_his_not_ours_P2_reproduced,,1e16ef18c442be58,,1,3497/1000,"(41/125,-1/125,6/25)",165,
hexagonal,165,P-3c1,"(26,42,18)",c_his_not_ours_P2_reproduced,,98fa2b41824a17ad,,1,3497/1000,"(91/375,-6/25,1/500)",165,
hexagonal,166,R-3m,"(4,6,4)",b_ours_not_his,e1c6bb874212013b,,3/4,0,,,,
hexagonal,166,R-3m,"(5,8,5)",a_ours_in_his,42bc5c5af1f296ae,42bc5c5af1f296ae,3/2,1,7/2,"(-11/50,-1/50,2/75)",166,
hexagonal,166,R-3m,"(6,9,5)",a_ours_in_his,a1053191a6317676,a1053191a6317676,1/2;527/1000;9993/16000;1277/2000;3/4;12047/16000;6047/8000;3047/4000;1547/2000;797/1000;4/5;557/640;7/8;31/32;1;17/16;9/8;37/32;19/16;5/4;3/2;97/64;49/32;25/16;13/8;7/4;2;9/4;5/2;11/4;3;13/4;3497/1000;7/2,1,3497/1000,"(-1/250,-1/250,1/12)",166,
hexagonal,166,R-3m,"(6,11,7)",a_ours_in_his,d2d935e5499e6e11,d2d935e5499e6e11,3/2;3,1,7/2,"(-49/375,-49/125,4/125)",166,
hexagonal,166,R-3m,"(6,12,8)",a_ours_in_his,3cb6c70abd57e0b9,3cb6c70abd57e0b9,3,1,13/5,"(-88/375,0,1/15)",166,
hexagonal,166,R-3m,"(7,12,7)",c_his_not_ours_P2_reproduced,,ac1e98f9be48162a,,1,7/2,"(-163/750,-87/250,2/125)",166,
hexagonal,166,R-3m,"(8,12,6)",c_his_not_ours_P2_reproduced,,d1fe8ecee64ce269,,1,797/1000,"(-59/750,-49/250,1/12)",166,
hexagonal,166,R-3m,"(8,13,7)",a_ours_in_his,4ab699adbeb533b0,4ab699adbeb533b0,79/64;5/4;91/64;23/16;3/2;49/32;25/16;13/8;111/64;7/4;31/16;2;17/8;9/4;147/64;37/16;19/8;157/64;79/32;5/2;11/4;3;193/64;97/32;49/16;25/8;13/4;3497/1000;7/2,1,3497/1000,"(-1/750,-1/250,1/12)",166,
hexagonal,166,R-3m,"(8,14,8)",a_ours_in_his,a53e946faf92e440,a53e946faf92e440,79/64;5/4;3/2;7/4;2;9/4;157/64;79/32;5/2;11/4;91/32;23/8;3;193/64;97/32;49/16;25/8;203/64;51/16;13/4;3497/1000;7/2,1,3497/1000,"(-1/375,0,1/12)",166,
hexagonal,166,R-3m,"(9,14,7)",a_ours_in_his,09db8da0e3d736f9,09db8da0e3d736f9,9993/16000;1277/2000;3/4;797/1000;4/5;7/8;1;5/4;3/2;7/4;2;9/4;5/2;11/4;3;13/4;3497/1000;7/2,1,3497/1000,"(-1/150,-1/250,0)",166,
hexagonal,166,R-3m,"(10,15,7)",a_ours_in_his,5aa8e199fd7ddb2f,5aa8e199fd7ddb2f,1/2;527/1000;1731/3200;4439/8000;2331/4000;977/1600;1277/2000;3/4;797/1000;4/5;67/80;137/160;277/320;7/8;1;33/32;67/64;79/64;5/4;11/8;23/16;47/32;95/64,1,3497/1000,"(-163/750,-1/250,43/1500)",166,
hexagonal,166,R-3m,"(10,16,8)",c_his_not_ours_P2_reproduced,,57e73e4a4b32d121,,1,4/5,"(-17/150,-9/250,1/12)",166,
hexagonal,166,R-3m,"(10,18,10)",b_ours_not_his,3ab0f86bf4aa2403,,2,0,,,,
hexagonal,166,R-3m,"(11,17,8)",a_ours_in_his,106d395ff6b33d4d,53c210f4c6694d0e,1/2;527/1000;2331/4000;977/1600,1,797/1000,"(-19/375,-16/125,1/12)",166,
hexagonal,166,R-3m,"(11,18,9)",c_his_not_ours_P2_reproduced,,85a4f36ac8ecf795,,1,797/1000,"(-1/15,-1/5,1/12)",166,
hexagonal,166,R-3m,"(12,18,8)",a_ours_in_his,124ad8c2b2beb9cd;abfdf73c2f298784,124ad8c2b2beb9cd,1/2;527/1000;2331/4000;977/1600;1277/2000;5331/8000;2777/4000;5777/8000;11777/16000;3/4;797/1000;4/5;67/80;137/160;277/320;7/8;15/16;61/64;123/128;1;33/32;67/64;17/16;35/32;71/64;9/8;73/64;19/16;39/32,1,3497/1000,"(-67/250,-1/250,2/125)",166,
hexagonal,166,R-3m,"(12,19,9)",c_his_not_ours_P2_reproduced,,1ebfa38126e23081,,1,797/1000,"(-1/150,-1/250,0)",166,
hexagonal,166,R-3m,"(12,21,11)",a_ours_in_his,c95a5fcf4d681568;f2af171517f10480,f2af171517f10480,1;3/2,1,5/4,"(-4/15,-1/5,19/750)",166,
hexagonal,166,R-3m,"(12,22,12)",a_ours_in_his,2dd4332c2d59834e,2dd4332c2d59834e,3/2,1,7/2,"(-49/375,0,1/125)",166,
hexagonal,166,R-3m,"(13,20,9)",c_his_not_ours_P2_reproduced,,f46a4b499e11341c,,1,797/1000,"(-17/375,-8/125,1/150)",166,
hexagonal,166,R-3m,"(13,21,10)",a_ours_in_his,4a24e04257d3d0f4,4a24e04257d3d0f4,129/64;65/32;33/16;17/8;9/4;157/64;79/32;5/2;11/4;3;13/4;27729/8000;3497/1000;7/2,1,3497/1000,"(-1/3,0,1/12)",166,
hexagonal,166,R-3m,"(13,22,11)",a_ours_in_his,9fa7f38938046e47,9fa7f38938046e47,557/640;7/8;31/32;1;17/16;9/8;37/32;19/16;79/64;5/4;3/2;97/64;49/32;25/16;13/8;7/4;2;9/4;5/2;11/4;3;13/4;3497/1000;7/2,1,3497/1000,"(-1/750,-1/250,0)",166,
hexagonal,166,R-3m,"(14,21,9)",a_ours_in_his,23e145b7ec91e9b7,06d0c09475d0926a,1/2;527/1000,1,797/1000,"(-19/250,-1/250,1/12)",166,
hexagonal,166,R-3m,"(14,22,10)",c_his_not_ours_P2_reproduced,,527aec035042c48b,,1,4/5,"(-32/375,-3/25,1/60)",166,
hexagonal,166,R-3m,"(14,23,11)",a_ours_in_his,34e5e7acce18b5cd;7f99db4f8ceb12b6,7f99db4f8ceb12b6,11/8;3/2;97/64;49/32;25/16;13/8;7/4;2;9/4;5/2;11/4;3;13/4;3497/1000;7/2,1,3497/1000,"(-83/250,-1/250,0)",166,
hexagonal,166,R-3m,"(14,24,12)",a_ours_in_his,1da02fe6c7c6eb73;f0b07b168368759b,1da02fe6c7c6eb73,9993/16000;1277/2000;3/4;797/1000;4/5;7/8;1;9/8;19/16;39/32;79/64;5/4;11/8;3/2;97/64;49/32;25/16;13/8;111/64;7/4;31/16;2;17/8;9/4;19/8;39/16;157/64;79/32;5/2;11/4;45/16;181/64;23/8;47/16;95/32;191/64;3;25/8;101/32;13/4;27729/8000;3497/1000;7/2,1,3497/1000,"(-1/6,-1/2,1/12)",166,
hexagonal,166,R-3m,"(15,23,10)",c_his_not_ours_P2_reproduced,,8dbbc84eb341d829,,1,1/2,"(-13/375,-2/25,17/250)",166,
hexagonal,166,R-3m,"(15,24,11)",c_his_not_ours_P2_reproduced,,84ccad0879e89ce6,,1,4/5,"(-19/250,-39/250,1/20)",166,
hexagonal,166,R-3m,"(15,25,12)",c_his_not_ours_P2_reproduced,,0aa5767e78cb4d8f,,1,7/8,"(-38/375,0,29/375)",166,
hexagonal,166,R-3m,"(15,26,13)",a_ours_in_his,f5ca5d72e1182852,f5ca5d72e1182852,1,1,4/5,"(-77/375,0,1/60)",166,
hexagonal,166,R-3m,"(16,24,10)",a_ours_in_his,3d888d502de4fbd7,3d888d502de4fbd7,1/2;527/1000;1277/2000;10439/16000,1,797/1000,"(-1/30,-23/250,1/12)",166,
hexagonal,166,R-3m,"(16,25,11)",a_ours_in_his,3f5fce0d11d8899e,3f5fce0d11d8899e,97/64;49/32;25/16;13/8;111/64;7/4;15/8;61/32;123/64;2;17/8;35/16;71/32;143/64,1,3497/1000,"(-63/250,-61/250,1/1500)",166,
hexagonal,166,R-3m,"(16,26,12)",a_ours_in_his,4eaa641c282f54ad;d0ed9179c6947b5f,4eaa641c282f54ad,1/2;527/1000;2331/4000;977/1600;9993/16000;1277/2000;3/4;797/1000;4/5;67/80;137/160;277/320;557/640;7/8;15/16;61/64;123/128;1;33/32;67/64;17/16;9/8;73/64,1,797/1000,"(-1/750,-1/250,0)",166,
hexagonal,166,R-3m,"(16,27,13)",a_ours_in_his,105e41c2798e6180;f7bd7cd9eae6436b,cf213e55efccc5f8,1;2,1,4/5,"(-61/750,-61/250,1/30)",166,
hexagonal,166,R-3m,"(16,30,16)",c_his_not_ours_P2_reproduced,,2001fe7ea92fd0ad,,1,5/4,"(0,0,1/150)",166,
hexagonal,166,R-3m,"(17,26,11)",c_his_not_ours_P2_reproduced,,37a954b9530aaa49,,1,4/5,"(-7/150,-33/250,1/20)",166,
hexagonal,166,R-3m,"(17,28,13)",a_ours_in_his,346c81a0f2121bf1;9bc4922a7b574aa6;a3164ecfcd75d3ec,346c81a0f2121bf1,1/2;9993/16000;1277/2000;3/4;797/1000;4/5;557/640;7/8;1;65/64;33/32;17/16;71/64;9/8;19/16;39/32;79/64;5/4;21/16;43/32;87/64;11/8;23/16;47/32;95/64;3/2;25/16;51/32;103/64;13/8;27/16;55/32;7/4;15/8;61/32;123/64;2;33/16;67/32;135/64,1,3497/1000,"(-101/375,0,2/125)",166,
hexagonal,166,R-3m,"(18,27,11)",c_his_not_ours_P2_reproduced,,f9490a5b6fce3ae5,,1,797/1000,"(-17/375,-16/125,1/12)",166,
hexagonal,166,R-3m,"(18,28,12)",c_his_not_ours_P2_reproduced,,2ab6dcf780cbe900,,1,1/2,"(-13/250,-31/250,3/50)",166,
hexagonal,166,R-3m,"(18,29,13)",a_ours_in_his,a1b2ac427f563716,a1b2ac427f563716,5331/8000;2777/4000;11331/16000;5777/8000;3/4;12423/16000;1247/1600;3141/4000;797/1000;4/5;7/8;1;79/64;5/4;11/8;45/32;91/64;23/16;3/2;13/8;27/16;55/32;111/64;7/4;15/8;61/32;123/64;2;33/16;67/32;135/64;17/8;9/4;73/32;19/8;39/16;5/2;11/4;23/8;47/16;95/32;191/64;3;25/8;51/16;103/32;207/64,1,3497/1000,"(-14/125,-42/125,41/1500)",166,
hexagonal,166,R-3m,"(19,30,13)",a_ours_in_his,36c92427e3d084dc;687010310906c548;9d4396ca0b08fc3c;ab801b11bead62ef,687010310906c548,1/2;8027/16000;4027/8000;2027/4000;1027/2000;527/1000;1731/3200;4439/8000;2331/4000;9993/16000;1277/2000;2177/3200;2777/4000;11331/16000;5777/8000;3/4;12047/16000;6047/8000;3047/4000;1547/2000;797/1000;4/5;67/80;137/160;277/320;557/640;7/8;15/16;31/32;63/64;127/128;1;65/64;33/32;17/16;35/32;9/8;19/16;39/32;5/4;21/16;85/64;43/32;87/64;11/8;45/32;23/16;47/32;95/64;3/2;25/16;51/32;103/64;13/8;27/16;55/32;111/64;7/4;2;33/16;67/32;135/64;9/4;19/8;39/16;5/2;11/4;3;13/4;3497/1000;7/2,1,3497/1000,"(-1/6,-1/2,0)",166,
hexagonal,166,R-3m,"(20,30,12)",c_his_not_ours_P2_reproduced,,edfdbd2c674c8487,,1,797/1000,"(-26/375,-24/125,1/12)",166,
hexagonal,166,R-3m,"(20,31,13)",a_ours_in_his,fa027394e7e22a9e,fa027394e7e22a9e,85/64;43/32;11/8;23/16;47/32;95/64;3/2;13/8;27/16;55/32,1,3497/1000,"(-83/250,-1/250,1/1500)",166,
hexagonal,166,R-3m,"(20,32,14)",a_ours_in_his,090dcafb7ce9cb08;47b6d29f5de536f0,47b6d29f5de536f0,1/2;2027/4000;1027/2000;527/1000;2331/4000;977/1600;11331/16000;5777/8000;3/4;12423/16000;1247/1600;3141/4000;797/1000;4/5;67/80;137/160;277/320;7/8;119/128;15/16;31/32;63/64;127/128;1;33/32;67/64;9/8;19/16;39/32,1,797/1000,"(-43/375,0,1/12)",166,
hexagonal,166,R-3m,"(20,33,15)",a_ours_in_his,1a804bb88ddff3e2,1a804bb88ddff3e2,1/2;527/1000,1,527/1000,"(-203/750,-47/250,0)",166,
hexagonal,166,R-3m,"(21,33,14)",a_ours_in_his,7c2110f9291ac134,7c2110f9291ac134,1/2;527/1000;1277/2000;10439/16000;2777/4000;3/4;1547/2000,1,797/1000,"(-23/375,-23/125,79/1500)",166,
hexagonal,166,R-3m,"(22,33,13)",c_his_not_ours_P2_reproduced,,72c8bd4e2164606c,,1,797/1000,"(-1/150,-3/250,1/1500)",166,
hexagonal,166,R-3m,"(22,34,14)",a_ours_in_his,4297fd505b9cc36d,4297fd505b9cc36d,1/2;527/1000;1731/3200;4439/8000;2331/4000;977/1600;1277/2000;2777/4000;5777/8000;11777/16000;3/4;1547/2000;797/1000;4/5;67/80;137/160;277/320;7/8;29/32;59/64,1,797/1000,"(-9/125,0,1/12)",166,
hexagonal,166,R-3m,"(22,36,16)",a_ours_in_his,181713b518d1112b,181713b518d1112b,91/64;23/16;3/2;111/64;7/4;15/8;31/16;63/32;127/64;2;9/4;19/8;39/16;157/64;79/32;5/2;11/4;3;13/4;6747/2000;13741/4000;55211/16000,1,3497/1000,"(-1/3,0,31/1500)",166,
hexagonal,166,R-3m,"(23,37,16)",c_his_not_ours_P2_reproduced,,6042f81fdad94a1a,,1,7/8,"(-19/375,-19/125,29/750)",166,
hexagonal,166,R-3m,"(24,36,14)",a_ours_in_his,31d09faf7fb2bf6f,31d09faf7fb2bf6f,1/2;527/1000;3/4;797/1000;4/5;7/8;1;9/8;19/16;39/32;5/4;41/32;83/64;11/8;45/32;3/2;49/32;99/64;13/8;27/16;55/32;7/4;15/8;31/16;63/32;127/64;2;9/4;19/8;39/16,1,797/1000,"(-1/3,0,1/12)",166,
hexagonal,166,R-3m,"(24,38,16)",a_ours_in_his,0bbbe41ef60154b9,0bbbe41ef60154b9,1/2;4027/8000;8081/16000,1,1/2,"(-94/375,-31/125,1/750)",166,
hexagonal,166,R-3m,"(25,40,17)",a_ours_in_his,a66305b551fd919e,a66305b551fd919e,1/2,1,1/2,"(-3/10,-1/10,1/15)",166,
hexagonal,166,R-3m,"(26,40,16)",a_ours_in_his,ddbf7770e983e608,ddbf7770e983e608,1/2;527/1000;1731/3200,1,797/1000,"(-2/375,0,1/1500)",166,
hexagonal,166,R-3m,"(27,42,17)",a_ours_in_his,991a5023fc8d713a,991a5023fc8d713a,1/2;8027/16000;4027/8000;2027/4000;1027/2000;527/1000;2331/4000;977/1600;1277/2000;5331/8000,1,797/1000,"(-11/375,-11/125,1/12)",166,
hexagonal,166,R-3m,"(29,45,18)",c_his_not_ours_P2_reproduced,,cfa3bfb9fefaaa21,,1,797/1000,"(-3/50,-9/50,4/75)",166,
hexagonal,166,R-3m,"(29,46,19)",a_ours_in_his,9f88c069215c2229,9f88c069215c2229,3/4,1,4/5,"(-16/375,-16/125,1/20)",166,
hexagonal,166,R-3m,"(30,46,18)",c_his_not_ours_P2_reproduced,,b8a3099f8963dc67,,1,797/1000,"(-7/125,-21/125,83/1500)",166,
hexagonal,166,R-3m,"(31,48,19)",a_ours_in_his,1db3ca5e82f8746f;c53bc05bc306c97d;f593cb348adf804b,f593cb348adf804b,12047/16000;6047/8000;3047/4000;1547/2000;797/1000;4/5;131/160;53/64;533/640;557/640;7/8;15/16;31/32;125/128;21/16;11/8;45/32;91/64;23/16;3/2;25/16;13/8;27/16;55/32;7/4;2;129/64;65/32;33/16;17/8;9/4;19/8;39/16;5/2;11/4;3;13/4;6747/2000;13741/4000;55211/16000,1,3497/1000,"(-1/6,-1/2,1/1500)",166,
hexagonal,166,R-3m,"(34,52,20)",a_ours_in_his,ff65c54d78bb4e50,ff65c54d78bb4e50,1627/3200;4081/8000;1027/2000;527/1000;2331/4000;1277/2000;2777/4000;5777/8000;11777/16000;3/4;797/1000;4/5;67/80;137/160;277/320,1,797/1000,"(-19/375,-19/125,29/500)",166,
hexagonal,166,R-3m,"(34,53,21)",a_ours_in_his,b3d52575f76a33bd,b3d52575f76a33bd,67/80;137/160;277/320;63/64;127/128,1,797/1000,"(-49/750,-49/250,1/12)",166,
hexagonal,166,R-3m,"(38,58,22)",a_ours_in_his,1b1288f460af270d,1b1288f460af270d,1/2;2027/4000;527/1000;4439/8000;9101/16000,1,527/1000,"(-16/375,-16/125,31/500)",166,
hexagonal,167,R-3c,"(6,9,5)",c_his_not_ours_P2_reproduced,,a1053191a6317676,,1,3497/1000,"(-1/250,-1/250,0)",167,
hexagonal,167,R-3c,"(6,11,7)",c_his_not_ours_P2_reproduced,,d2d935e5499e6e11,,1,7/2,"(-29/125,-38/125,77/1500)",167,
hexagonal,167,R-3c,"(8,13,7)",c_his_not_ours_P2_reproduced,,4ab699adbeb533b0,,1,3497/1000,"(-37/375,0,22/375)",167,
hexagonal,167,R-3c,"(8,14,8)",b_ours_not_his,a53e946faf92e440,,157/64;79/32;5/2;11/4;3;13/4;3497/1000;7/2,0,,,,
hexagonal,167,R-3c,"(8,16,10)",b_ours_not_his,3d1a3ee0cfdc0206,,3/2,0,,,,
hexagonal,167,R-3c,"(10,15,7)",c_his_not_ours_P2_reproduced,,5aa8e199fd7ddb2f,,1,797/1000,"(-22/125,-22/125,0)",167,
hexagonal,167,R-3c,"(10,17,9)",c_his_not_ours_P2_reproduced,,621105063e0d888d,,1,3497/1000,"(-1/250,-1/250,1/12)",167,
hexagonal,167,R-3c,"(11,21,12)",b_ours_not_his,161778d5fb8390c6,,2,0,,,,
hexagonal,167,R-3c,"(12,18,8)",c_his_not_ours_P2_reproduced,,abfdf73c2f298784,,1,797/1000,"(-1/250,-1/250,0)",167,
hexagonal,167,R-3c,"(12,20,10)",c_his_not_ours_P2_reproduced,,6b840366e4df5f52,,1,7/2,"(-1/6,-107/250,8/125)",167,
hexagonal,167,R-3c,"(12,21,11)",c_his_not_ours_P2_reproduced,,f2af171517f10480,,1,7/2,"(-223/750,-27/250,29/1500)",167,
hexagonal,167,R-3c,"(12,22,12)",c_his_not_ours_P2_reproduced,,2dd4332c2d59834e,,1,7/2,"(-49/375,-49/125,4/125)",167,
hexagonal,167,R-3c,"(13,21,10)",c_his_not_ours_P2_reproduced,,4a24e04257d3d0f4,,1,3497/1000,"(-1/6,-1/2,41/500)",167,
hexagonal,167,R-3c,"(13,22,11)",a_ours_in_his,9fa7f38938046e47,9fa7f38938046e47,157/64;79/32;5/2;11/4;3;13/4;3497/1000;7/2,1,3497/1000,"(-1/750,-1/250,0)",167,
hexagonal,167,R-3c,"(13,23,12)",c_his_not_ours_P2_reproduced,,bd4becebe9a87d0a,,1,4/5,"(-119/750,-17/250,0)",167,
hexagonal,167,R-3c,"(13,24,13)",c_his_not_ours_P2_reproduced,,b33154e90fc009f0,,1,7/2,"(-11/50,-13/50,3/100)",167,
hexagonal,167,R-3c,"(14,21,9)",c_his_not_ours_P2_reproduced,,23e145b7ec91e9b7,,1,797/1000,"(-51/250,-51/250,0)",167,
hexagonal,167,R-3c,"(14,23,11)",c_his_not_ours_P2_reproduced,,7f99db4f8ceb12b6,,1,3497/1000,"(-1/375,0,1/12)",167,
hexagonal,167,R-3c,"(14,24,12)",a_ours_in_his,0fef47b559fef709;1da02fe6c7c6eb73;f0b07b168368759b,1da02fe6c7c6eb73,79/64;5/4;3/2;7/4;2;129/64;65/32;33/16;67/32;135/64;17/8;139/64;35/16;71/32;143/64;9/4;37/16;19/8;39/16;157/64;79/32;5/2;11/4;3;13/4;3497/1000;7/2,1,3497/1000,"(-1/6,-1/2,1/12)",167,
hexagonal,167,R-3c,"(14,25,13)",c_his_not_ours_P2_reproduced,,e30363425618c8b0,,1,1/2,"(-1/6,-43/250,8/125)",167,
hexagonal,167,R-3c,"(15,25,12)",c_his_not_ours_P2_reproduced,,c393eac29f065b31,,1,7/2,"(-223/750,-1/250,29/1500)",167,
hexagonal,167,R-3c,"(15,26,13)",c_his_not_ours_P2_reproduced,,60d0af9c17c02301,,1,7/2,"(-14/75,-7/125,4/125)",167,
hexagonal,167,R-3c,"(16,25,11)",c_his_not_ours_P2_reproduced,,3f5fce0d11d8899e,,1,3497/1000,"(-31/375,0,47/750)",167,
hexagonal,167,R-3c,"(16,26,12)",a_ours_in_his,484e0e43bcc91678;d0ed9179c6947b5f,484e0e43bcc91678,31/32;1;9/8;19/16;39/32;79/64;5/4;3/2;7/4;2;9/4;5/2;11/4;3;13/4;3497/1000;7/2,1,3497/1000,"(-1/150,-1/250,0)",167,
hexagonal,167,R-3c,"(16,27,13)",c_his_not_ours_P2_reproduced,,3a714f5cd139122d,,1,3497/1000,"(-73/750,-1/250,22/375)",167,
hexagonal,167,R-3c,"(17,28,13)",a_ours_in_his,400cba5c78326d1d,346c81a0f2121bf1,1,1,3497/1000,"(-1/750,-1/250,31/375)",167,
hexagonal,167,R-3c,"(17,29,14)",c_his_not_ours_P2_reproduced,,232991a4cd50763b,,1,7/2,"(-29/150,-1/50,1/25)",167,
hexagonal,167,R-3c,"(17,30,15)",c_his_not_ours_P2_reproduced,,3017e880f425ffb4,,1,7/2,"(-16/75,-37/125,2/125)",167,
hexagonal,167,R-3c,"(18,28,12)",c_his_not_ours_P2_reproduced,,c21c6e35c00f0f25,,1,797/1000,"(-7/250,-7/250,1/12)",167,
hexagonal,167,R-3c,"(18,29,13)",c_his_not_ours_P2_reproduced,,a1b2ac427f563716,,1,3497/1000,"(-64/375,0,61/1500)",167,
hexagonal,167,R-3c,"(18,30,14)",a_ours_in_his,76108b085b4e40f8,76108b085b4e40f8,1/2;527/1000;3/4;797/1000;4/5;557/640;7/8;1;79/64;5/4;3/2;97/64;49/32;25/16;13/8;111/64;7/4;15/8;31/16;63/32;127/64;2;129/64;65/32;131/64;33/16;133/64;67/32;17/8;69/32;35/16;141/64;71/32;9/4;73/32;147/64;37/16;75/32;151/64,1,797/1000,"(-1/6,-49/250,1/12)",167,
hexagonal,167,R-3c,"(19,29,12)",c_his_not_ours_P2_reproduced,,b0684ed7ec24892d,,1,527/1000,"(-4/25,-48/125,1/12)",167,
hexagonal,167,R-3c,"(19,30,13)",a_ours_in_his,687010310906c548;9d4396ca0b08fc3c,687010310906c548,41/32;21/16;11/8;3/2;7/4;2;9/4;19/8;39/16;27729/8000;3497/1000;7/2,1,3497/1000,"(-1/3,0,1/12)",167,
hexagonal,167,R-3c,"(19,31,14)",c_his_not_ours_P2_reproduced,,53cedb4bbc4b3cdb,,1,3497/1000,"(-247/750,-1/250,1/1500)",167,
hexagonal,167,R-3c,"(19,32,15)",c_his_not_ours_P2_reproduced,,65edc055e06a2bb8,,1,3497/1000,"(-13/50,-1/10,1/20)",167,
hexagonal,167,R-3c,"(20,31,13)",a_ours_in_his,5e68ffe7582a0657,fa027394e7e22a9e,1/2;527/1000;3/4;797/1000;4/5;67/80;137/160;277/320,1,3497/1000,"(-1/375,0,31/375)",167,
hexagonal,167,R-3c,"(20,32,14)",a_ours_in_his,47b6d29f5de536f0;af480ebac6f37935,6f0a6ca65af00fd8,1/2;1627/3200;4081/8000;1027/2000;4189/8000;527/1000;2331/4000;9547/16000;977/1600;9993/16000;1277/2000;3/4;797/1000;4/5;67/80;137/160;277/320;557/640;7/8;1;33/32;67/64;17/16;9/8;19/16;39/32;5/4;3/2;13/8;27/16;55/32;7/4;2;33/16;67/32;135/64,1,3497/1000,"(-56/375,-6/25,13/500)",167,
hexagonal,167,R-3c,"(20,33,15)",c_his_not_ours_P2_reproduced,,001cbd004f823a98,,1,3497/1000,"(-64/375,-1/125,1/25)",167,
hexagonal,167,R-3c,"(21,32,13)",c_his_not_ours_P2_reproduced,,ca421fc002dd936c,,1,797/1000,"(-8/75,-33/125,1/12)",167,
hexagonal,167,R-3c,"(21,33,14)",c_his_not_ours_P2_reproduced,,79747689b7012656,,1,3497/1000,"(-1/6,-1/250,59/1500)",167,
hexagonal,167,R-3c,"(21,34,15)",c_his_not_ours_P2_reproduced,,97aded6ec2fb4310,,1,3497/1000,"(-88/375,-14/125,23/1500)",167,
hexagonal,167,R-3c,"(21,35,16)",c_his_not_ours_P2_reproduced,,49f056a80fde4d75,,1,3497/1000,"(-29/150,-11/50,1/60)",167,
hexagonal,167,R-3c,"(22,34,14)",a_ours_in_his,4297fd505b9cc36d;56918d2cff883e22,6ffc096f5fb6c308,1/2;1627/3200;4081/8000;1027/2000;4189/8000;527/1000;2331/4000;9547/16000;977/1600;1277/2000;3/4;797/1000;4/5;67/80;137/160;277/320;7/8;1;65/64;33/32;17/16;9/8;19/16;39/32;5/4;81/64;11/8;23/16;47/32;95/64;3/2;13/8;27/16;55/32;7/4;15/8;61/32;123/64;2;33/16;67/32;135/64;9/4;73/32,1,3497/1000,"(-49/150,-1/250,2/375)",167,
hexagonal,167,R-3c,"(22,35,15)",a_ours_in_his,9d0b36ad5caceb2e,0f4801852648d41d,557/640;7/8;15/16;61/64;123/128,1,3497/1000,"(-1/250,-1/250,41/500)",167,
hexagonal,167,R-3c,"(22,36,16)",a_ours_in_his,181713b518d1112b,181713b518d1112b,27729/8000;3497/1000;7/2,1,3497/1000,"(-1/6,-1/2,31/750)",167,
hexagonal,167,R-3c,"(23,35,14)",c_his_not_ours_P2_reproduced,,d253a5e5a97f5ee4,,1,797/1000,"(-71/750,-69/250,1/12)",167,
hexagonal,167,R-3c,"(23,36,15)",c_his_not_ours_P2_reproduced,,3b3df95a0d326504,,1,797/1000,"(-41/150,-3/50,1/100)",167,
hexagonal,167,R-3c,"(23,37,16)",c_his_not_ours_P2_reproduced,,fc773438bde0fc69,,1,3497/1000,"(-61/750,-1/250,1/60)",167,
hexagonal,167,R-3c,"(23,38,17)",c_his_not_ours_P2_reproduced,,bca6a68e91e04321,,1,1/2,"(-1/5,-1/5,1/15)",167,
hexagonal,167,R-3c,"(24,36,14)",a_ours_in_his,31d09faf7fb2bf6f,31d09faf7fb2bf6f,1/2;527/1000;3/4;797/1000;4/5;7/8;1;5/4;3/2;7/4;2;9/4;19/8;39/16;5/2;11/4;45/16;181/64;3;13/4;6747/2000;13741/4000;55211/16000;3497/1000;7/2,1,3497/1000,"(-1/3,0,1/500)",167,
hexagonal,167,R-3c,"(24,37,15)",a_ours_in_his,4ff9d77aa9f8194a,824b1b069b0bf03b,3/4;797/1000;4/5;7/8;15/16;31/32;63/64;127/128,1,3497/1000,"(-39/125,-7/125,41/1500)",167,
hexagonal,167,R-3c,"(24,38,16)",a_ours_in_his,057255f61286b052,e06c687e1207b7a5,1/2;2027/4000;1027/2000;2081/4000;8351/16000;527/1000;2331/4000,1,3497/1000,"(-43/250,-1/250,1/25)",167,
hexagonal,167,R-3c,"(24,39,17)",c_his_not_ours_P2_reproduced,,e7d823cdff66ff7d,,1,4/5,"(-39/250,-33/250,1/30)",167,
hexagonal,167,R-3c,"(25,39,16)",c_his_not_ours_P2_reproduced,,13339324305e6b7d,,1,3497/1000,"(-247/750,-1/250,1/250)",167,
hexagonal,167,R-3c,"(25,40,17)",c_his_not_ours_P2_reproduced,,6499aeee1040df2c,,1,797/1000,"(-29/125,-31/125,7/250)",167,
hexagonal,167,R-3c,"(25,41,18)",c_his_not_ours_P2_reproduced,,d20cfcf10a643ae9,,1,1/2,"(-37/150,-63/250,11/300)",167,
hexagonal,167,R-3c,"(26,40,16)",a_ours_in_his,6de3dac5f334cfed;f429e996b3f455a6,ddbf7770e983e608,1/2;2027/4000;1027/2000;2081/4000;8351/16000;527/1000;4439/8000;9101/16000;2331/4000,1,797/1000,"(-13/125,-39/125,0)",167,
hexagonal,167,R-3c,"(26,41,17)",c_his_not_ours_P2_reproduced,,7660c6ae04abe0cf,,1,3497/1000,"(-7/75,-1/125,89/1500)",167,
hexagonal,167,R-3c,"(26,42,18)",c_his_not_ours_P2_reproduced,,c3283798c7f63e9d,,1,3497/1000,"(-149/750,-37/250,8/375)",167,
hexagonal,167,R-3c,"(27,42,17)",c_his_not_ours_P2_reproduced,,991a5023fc8d713a,,1,797/1000,"(-6/125,0,107/1500)",167,
hexagonal,167,R-3c,"(27,43,18)",c_his_not_ours_P2_reproduced,,7f31ff3a260a0c58,,1,3497/1000,"(-57/250,-73/250,1/100)",167,
hexagonal,167,R-3c,"(27,44,19)",c_his_not_ours_P2_reproduced,,13d1122d13364263,,1,1/2,"(-161/750,-53/250,2/25)",167,
hexagonal,167,R-3c,"(28,43,17)",a_ours_in_his,74a69fba4266de3b,53cb46c76695acc2,4189/8000;527/1000;1277/2000;2777/4000;5777/8000;11777/16000,1,3497/1000,"(-41/125,-1/125,7/1500)",167,
hexagonal,167,R-3c,"(28,44,18)",c_his_not_ours_P2_reproduced,,63c7612b4026201f,,1,3497/1000,"(-86/375,-32/125,7/1500)",167,
hexagonal,167,R-3c,"(29,45,18)",c_his_not_ours_P2_reproduced,,cfa3bfb9fefaaa21,,1,797/1000,"(-4/25,0,13/300)",167,
hexagonal,167,R-3c,"(29,46,19)",c_his_not_ours_P2_reproduced,,4d4ca5f6220b084e,,1,4/5,"(-13/75,-59/125,2/25)",167,
hexagonal,167,R-3c,"(30,46,18)",c_his_not_ours_P2_reproduced,,88da140bdfed6c6d,,1,797/1000,"(-22/375,0,103/1500)",167,
hexagonal,167,R-3c,"(30,47,19)",c_his_not_ours_P2_reproduced,,7c11e29fe6def4a8,,1,3497/1000,"(-1/150,-1/250,61/750)",167,
hexagonal,167,R-3c,"(30,48,20)",c_his_not_ours_P2_reproduced,,b11b92648644fc35,,1,3497/1000,"(-21/125,-26/125,3/125)",167,
hexagonal,167,R-3c,"(31,48,19)",a_ours_in_his,1db3ca5e82f8746f,1db3ca5e82f8746f,91/32;23/8;3;13/4;6747/2000;13741/4000;55211/16000,1,3497/1000,"(-1/6,-1/2,1/1500)",167,
hexagonal,167,R-3c,"(31,49,20)",c_his_not_ours_P2_reproduced,,d79b29df1281a5aa,,1,527/1000,"(-59/250,-59/250,11/250)",167,
hexagonal,167,R-3c,"(32,49,19)",c_his_not_ours_P2_reproduced,,9962d361e7117b91,,1,3497/1000,"(-77/250,-7/250,7/500)",167,
hexagonal,167,R-3c,"(32,50,20)",c_his_not_ours_P2_reproduced,,8688f5eb681d8392,,1,3497/1000,"(-24/125,-44/125,37/1500)",167,
hexagonal,167,R-3c,"(33,51,20)",c_his_not_ours_P2_reproduced,,99c293423782b92a,,1,797/1000,"(-83/375,-41/125,43/1500)",167,
hexagonal,167,R-3c,"(34,52,20)",c_his_not_ours_P2_reproduced,,b59bc71b512e4257,,1,797/1000,"(-1/15,0,1/15)",167,
hexagonal,167,R-3c,"(34,53,21)",c_his_not_ours_P2_reproduced,,3139038d1b156c37,,1,3497/1000,"(-37/750,-1/250,53/750)",167,
hexagonal,167,R-3c,"(35,54,21)",c_his_not_ours_P2_reproduced,,b3c81cdf6091bfd3,,1,181/200,"(-139/750,-89/250,11/300)",167,
hexagonal,167,R-3c,"(35,55,22)",c_his_not_ours_P2_reproduced,,3deee41d72630687,,1,2,"(-17/75,-39/125,7/250)",167,
hexagonal,167,R-3c,"(36,55,21)",c_his_not_ours_P2_reproduced,,5060f9fcdf69f362,,1,797/1000,"(-53/375,-6/125,11/250)",167,
hexagonal,167,R-3c,"(36,56,22)",c_his_not_ours_P2_reproduced,,61ae981b48f51714,,1,527/1000,"(-173/750,-57/250,17/375)",167,
hexagonal,167,R-3c,"(37,57,22)",c_his_not_ours_P2_reproduced,,a447ff728729e3b8,,1,769/500,"(-68/375,-52/125,1/15)",167,
hexagonal,167,R-3c,"(38,58,22)",c_his_not_ours_P2_reproduced,,1b1288f460af270d,,1,797/1000,"(-14/125,0,83/1500)",167,
hexagonal,167,R-3c,"(39,60,23)",c_his_not_ours_P2_reproduced,,5349777b4097efcb,,1,131/100,"(-29/125,-7/25,9/500)",167,
hexagonal,167,R-3c,"(40,61,23)",c_his_not_ours_P2_reproduced,,24ec08378bbbe887,,1,797/1000,"(-127/750,-111/250,109/1500)",167,
hexagonal,167,R-3c,"(42,64,24)",c_his_not_ours_P2_reproduced,,158cb9cc9463c37d,,1,299/250,"(-169/750,-71/250,19/1500)",167,
hexagonal,167,R-3c,"(44,67,25)",c_his_not_ours_P2_reproduced,,452171285d4bfe5d,,1,649/500,"(-91/375,-33/125,17/1500)",167,
hexagonal,167,R-3c,"(46,70,26)",c_his_not_ours_P2_reproduced,,e40d93624cd66f5d,,1,323/250,"(-41/250,-1/250,59/750)",167,
hexagonal,168,P6,"(6,9,5)",a_ours_in_his,a1053191a6317676,a1053191a6317676,1/2;527/1000;3/4;797/1000;4/5;7/8;1;5/4;3/2;7/4;2;9/4;5/2;11/4;3;13/4;3497/1000;7/2,1,3497/1000,"(1/3,0,0)",168,
hexagonal,168,P6,"(8,12,6)",a_ours_in_his,e3faf0283734fac7,e3faf0283734fac7,1/2;527/1000;3/4;797/1000;4/5;7/8;1;5/4;3/2;7/4;2;9/4;5/2;11/4;3;13/4;3497/1000;7/2,1,3497/1000,"(1/4,-1/4,0)",168,
hexagonal,168,P6,"(10,15,7)",a_ours_in_his,52392121966e66eb,52392121966e66eb,1/2;527/1000;3/4;797/1000;4/5;7/8;1;5/4;3/2;7/4;2;9/4;5/2;11/4;3;13/4;3497/1000;7/2,1,3497/1000,"(5647/16956,-1/5652,0)",168,
hexagonal,168,P6,"(12,18,8)",a_ours_in_his,fd9a9f68ec1db422,fd9a9f68ec1db422,1/2;527/1000;3/4;797/1000;4/5;7/8;1;5/4;3/2;7/4;2;9/4;5/2;11/4;3;13/4;3497/1000;7/2,1,3497/1000,"(0,0,0)",168,
hexagonal,169,P6_1,"(12,18,8)",c_his_not_ours_P2_reproduced,,fd9a9f68ec1db422,,1,3497/1000,"(0,0,0)",169_170,
hexagonal,169,P6_1,"(14,24,12)",c_his_not_ours_P2_reproduced,,0fef47b559fef709,,1,3497/1000,"(1/3,0,0)",169_170,
hexagonal,169,P6_1,"(18,28,12)",c_his_not_ours_P2_reproduced,,29148698f93136e6,,1,3497/1000,"(1997/5994,0,0)",169_170,
hexagonal,169,P6_1,"(18,30,14)",c_his_not_ours_P2_reproduced,,76108b085b4e40f8,,1,797/1000,"(1/3,0,0)",169_170,
hexagonal,169,P6_1,"(22,34,14)",c_his_not_ours_P2_reproduced,,f905851c28b76464,,1,797/1000,"(1997/5994,0,0)",169_170,
hexagonal,169,P6_1,"(24,36,14)",a_ours_in_his,e948828e76447bbb,e948828e76447bbb,5/2;11/4;3;13/4;3497/1000;7/2,1,3497/1000,"(1/4,-1/4,0)",169_170,
hexagonal,169,P6_1,"(25,39,16)",a_ours_in_his,d7c638d7fa23127e,7486adf08fa8f986,3/2,1,2,"(2/9,1/9,0)",169_170,
hexagonal,169,P6_1,"(26,42,18)",c_his_not_ours_P2_reproduced,,1d99b90a6f1d77d9,,1,1/2,"(1/27,0,0)",169_170,
hexagonal,169,P6_1,"(28,42,16)",a_ours_in_his,1a36f90bbc759307;b7c0d3d85242db64;bff9b24ce78050f5,1a36f90bbc759307,3/2;7/4;2;9/4;11/4;3,1,797/1000,"(1/4,-1/4,0)",169_170,
hexagonal,169,P6_1,"(29,45,18)",c_his_not_ours_P2_reproduced,,512784efdab33f4a,,1,4/5,"(2/9,2/9,0)",169_170,
hexagonal,169,P6_1,"(30,46,18)",c_his_not_ours_P2_reproduced,,254345236188cc50,,1,797/1000,"(1885/5994,0,0)",169_170,
hexagonal,169,P6_1,"(32,48,18)",a_ours_in_his,16025e0680843c36;322d5ff451e4101d;85244add8d1f2d55;a35623e347ef03b4;e5760549017956be;f05f0b009e0929f6,f94c2ae7de04a72e,1/2;527/1000;1277/2000;3/4;797/1000;4/5;53/64;67/80;7/8;57/64;115/128;31/32;1;65/64;17/16;9/8;73/64;75/64;19/16;77/64;79/64;5/4;21/16;43/32;87/64;11/8;23/16;7/4;2;9/4;5/2,1,797/1000,"(1595/5994,403/1998,0)",169_170,
hexagonal,169,P6_1,"(36,54,20)",a_ours_in_his,2d654c836f3731c6;646b518ccf3bd724;6f4101f83371033d;71d2c9953ca110b8;8d90c524c89922d9;9c0b7e0c29dfebb2;a348875c3f707895;d9ac68100a276dfe,04a532437a590239,1731/3200;4439/8000;2331/4000;977/1600;10439/16000;5331/8000;2777/4000;5777/8000;11777/16000;3/4;12047/16000;527/640;29/32;15/16;61/64;123/128;33/32;67/64;37/32;39/32;11/8,1,797/1000,"(1/4,715/3996,0)",169_170,
hexagonal,169,P6_1,"(40,60,22)",a_ours_in_his,5b86a254c715306c;e1a38303b2378f17,ed6e6228fdbafd09,9993/16000;1277/2000;5331/8000;2177/3200;6047/8000;3047/4000;1547/2000;797/1000;4/5;131/160,1,797/1000,"(1/4,685/3996,0)",169_170,
hexagonal,169,P6_1,"(44,66,24)",c_his_not_ours_P2_reproduced,,067f7b18037b3cda,,1,797/1000,"(1/4,5/148,0)",169_170,
hexagonal,169,P6_1,"(48,72,26)",c_his_not_ours_P2_reproduced,,3c64dac6eb064915,,1,797/1000,"(55/1998,5/1998,0)",169_170,
hexagonal,170,P6_5,"(12,18,8)",c_his_not_ours_P2_reproduced,,fd9a9f68ec1db422,,1,3497/1000,"(0,0,0)",169_170,
hexagonal,170,P6_5,"(14,24,12)",c_his_not_ours_P2_reproduced,,0fef47b559fef709,,1,3497/1000,"(1/3,0,0)",169_170,
hexagonal,170,P6_5,"(18,28,12)",c_his_not_ours_P2_reproduced,,29148698f93136e6,,1,3497/1000,"(1997/5994,0,0)",169_170,
hexagonal,170,P6_5,"(18,30,14)",c_his_not_ours_P2_reproduced,,76108b085b4e40f8,,1,797/1000,"(1/3,0,0)",169_170,
hexagonal,170,P6_5,"(22,34,14)",c_his_not_ours_P2_reproduced,,f905851c28b76464,,1,797/1000,"(1997/5994,0,0)",169_170,
hexagonal,170,P6_5,"(24,36,14)",a_ours_in_his,e948828e76447bbb,e948828e76447bbb,5/2;11/4;3;13/4;3497/1000;7/2,1,3497/1000,"(1/4,-1/4,0)",169_170,
hexagonal,170,P6_5,"(25,39,16)",a_ours_in_his,d7c638d7fa23127e,7486adf08fa8f986,3/2,1,2,"(2/9,1/9,0)",169_170,
hexagonal,170,P6_5,"(26,42,18)",c_his_not_ours_P2_reproduced,,1d99b90a6f1d77d9,,1,1/2,"(1/27,0,0)",169_170,
hexagonal,170,P6_5,"(28,42,16)",a_ours_in_his,1a36f90bbc759307;b7c0d3d85242db64;bff9b24ce78050f5,1a36f90bbc759307,3/2;7/4;2;9/4;11/4;3,1,797/1000,"(1/4,-1/4,0)",169_170,
hexagonal,170,P6_5,"(29,45,18)",c_his_not_ours_P2_reproduced,,512784efdab33f4a,,1,4/5,"(2/9,2/9,0)",169_170,
hexagonal,170,P6_5,"(30,46,18)",c_his_not_ours_P2_reproduced,,254345236188cc50,,1,797/1000,"(1885/5994,0,0)",169_170,
hexagonal,170,P6_5,"(32,48,18)",a_ours_in_his,16025e0680843c36;322d5ff451e4101d;85244add8d1f2d55;a35623e347ef03b4;e5760549017956be;f05f0b009e0929f6,f94c2ae7de04a72e,1/2;527/1000;1277/2000;3/4;797/1000;4/5;53/64;67/80;7/8;57/64;115/128;31/32;1;65/64;17/16;9/8;73/64;75/64;19/16;77/64;79/64;5/4;21/16;43/32;87/64;11/8;23/16;7/4;2;9/4;5/2,1,797/1000,"(1595/5994,403/1998,0)",169_170,
hexagonal,170,P6_5,"(36,54,20)",a_ours_in_his,2d654c836f3731c6;646b518ccf3bd724;6f4101f83371033d;71d2c9953ca110b8;8d90c524c89922d9;9c0b7e0c29dfebb2;a348875c3f707895;d9ac68100a276dfe,04a532437a590239,1731/3200;4439/8000;2331/4000;977/1600;10439/16000;5331/8000;2777/4000;5777/8000;11777/16000;3/4;12047/16000;527/640;29/32;15/16;61/64;123/128;33/32;67/64;37/32;39/32;11/8,1,797/1000,"(1/4,715/3996,0)",169_170,
hexagonal,170,P6_5,"(40,60,22)",a_ours_in_his,5b86a254c715306c;e1a38303b2378f17,ed6e6228fdbafd09,9993/16000;1277/2000;5331/8000;2177/3200;6047/8000;3047/4000;1547/2000;797/1000;4/5;131/160,1,797/1000,"(1/4,685/3996,0)",169_170,
hexagonal,170,P6_5,"(44,66,24)",c_his_not_ours_P2_reproduced,,067f7b18037b3cda,,1,797/1000,"(1/4,5/148,0)",169_170,
hexagonal,170,P6_5,"(48,72,26)",c_his_not_ours_P2_reproduced,,3c64dac6eb064915,,1,797/1000,"(55/1998,5/1998,0)",169_170,
hexagonal,171,P6_2,"(6,9,5)",c_his_not_ours_P2_reproduced,,a1053191a6317676,,1,3497/1000,"(1/3,0,0)",171_172,
hexagonal,171,P6_2,"(12,18,8)",a_ours_in_his,fd9a9f68ec1db422,fd9a9f68ec1db422,1/2;527/1000;3/4;797/1000;4/5;7/8;1;5/4;3/2;7/4;2;9/4;5/2;11/4;3;13/4;3497/1000;7/2,1,3497/1000,"(0,0,0)",171_172,
hexagonal,171,P6_2,"(12,19,9)",c_his_not_ours_P2_reproduced,,03b5c7cc17c5e015,,1,3497/1000,"(1/6,0,0)",171_172,
hexagonal,171,P6_2,"(12,23,13)",c_his_not_ours_P2_reproduced,,ac1d4522145eba72,,1,1/2,"(17/54,1/18,0)",171_172,
hexagonal,171,P6_2,"(18,29,13)",c_his_not_ours_P2_reproduced,,bb3eeb50e1c37ee6,,1,3497/1000,"(1499/5994,499/1998,0)",171_172,
hexagonal,171,P6_2,"(18,30,14)",a_ours_in_his,4db369a636f4396b,9bf0299ebc6762cc,3/2,1,1/2,"(1/18,1/18,0)",171_172,
hexagonal,171,P6_2,"(18,31,15)",c_his_not_ours_P2_reproduced,,75ed0d99a1ca0d26,,1,797/1000,"(1499/5994,499/1998,0)",171_172,
hexagonal,171,P6_2,"(20,31,13)",c_his_not_ours_P2_reproduced,,6a892fdc51b24155,,1,797/1000,"(1/6,0,0)",171_172,
hexagonal,171,P6_2,"(20,32,14)",c_his_not_ours_P2_reproduced,,4722fae8179ce536,,1,1/2,"(5/27,4/27,0)",171_172,
hexagonal,171,P6_2,"(20,33,15)",c_his_not_ours_P2_reproduced,,5ecea070beaf2efa,,1,1/2,"(1/54,0,0)",171_172,
hexagonal,171,P6_2,"(21,33,14)",c_his_not_ours_P2_reproduced,,59f008daf5ef67b4,,1,1/2,"(293/999,1/18,0)",171_172,
hexagonal,171,P6_2,"(22,34,14)",c_his_not_ours_P2_reproduced,,c57d8f62f90c0cf0,,1,3497/1000,"(1/4,997/3996,0)",171_172,
hexagonal,171,P6_2,"(22,35,15)",c_his_not_ours_P2_reproduced,,4a6f33270c17ba66,,1,3497/1000,"(166/999,0,0)",171_172,
hexagonal,171,P6_2,"(23,35,14)",a_ours_in_his,cff2d5fb5e0d4149,ac07ab8d0a87b192,1/2;527/1000;1277/2000;10439/16000,1,3497/1000,"(28/111,15/74,0)",171_172,
hexagonal,171,P6_2,"(23,36,15)",c_his_not_ours_P2_reproduced,,03f53da3198e3c1f,,1,1/2,"(17/54,19/666,0)",171_172,
hexagonal,171,P6_2,"(24,36,14)",a_ours_in_his,e948828e76447bbb,e948828e76447bbb,97/64;49/32;25/16;13/8;7/4;2;9/4;5/2;11/4;3;13/4;3497/1000;7/2,1,3497/1000,"(1/4,-1/4,0)",171_172,
hexagonal,171,P6_2,"(24,38,16)",c_his_not_ours_P2_reproduced,,96db1db2ceed20c0,,1,797/1000,"(499/1998,499/1998,0)",171_172,
hexagonal,171,P6_2,"(25,39,16)",c_his_not_ours_P2_reproduced,,99358d93421880fb,,1,7/8,"(104/333,35/666,0)",171_172,
hexagonal,171,P6_2,"(26,39,15)",a_ours_in_his,66b85b9283c62463,66b85b9283c62463,2331/4000;1277/2000;3/4;797/1000;4/5;103/128;259/320;131/160;67/80;7/8;1;5/4,1,797/1000,"(1/4,467/3996,0)",171_172,
hexagonal,171,P6_2,"(27,41,16)",a_ours_in_his,27d463eac6cda5ea,5132a86f3bfc2ada,5331/8000;2177/3200,1,797/1000,"(1/4,997/3996,0)",171_172,
hexagonal,171,P6_2,"(27,42,17)",c_his_not_ours_P2_reproduced,,713b343f658c4957,,1,1/2,"(17/54,55/999,0)",171_172,
hexagonal,171,P6_2,"(28,42,16)",a_ours_in_his,1a36f90bbc759307;29bbba1adec778da;2a139a0af47705e5,f28bef0f024f5de6,1/2;527/1000;3/4;797/1000;4/5;557/640;7/8;15/16;31/32;1;33/32;67/64;17/16;9/8;5/4;41/32;21/16;43/32;45/32;23/16;3/2;7/4;2;9/4;5/2;11/4;3;13/4;3497/1000;7/2,1,3497/1000,"(1499/5994,83/333,0)",171_172,
hexagonal,171,P6_2,"(28,44,18)",c_his_not_ours_P2_reproduced,,043672adda0ac3e4,,1,1/2,"(383/1332,19/148,0)",171_172,
hexagonal,171,P6_2,"(29,45,18)",c_his_not_ours_P2_reproduced,,e1f5a74be3f30cf5,,1,1/2,"(619/1998,1/18,0)",171_172,
hexagonal,171,P6_2,"(30,45,17)",a_ours_in_his,2b9726574a0a8bed;d07f950b8309de82,a35802ad9f295b2b,1/2;527/1000;4439/8000;9101/16000;2777/4000;3/4;797/1000;4/5;103/128;259/320;131/160;67/80;137/160;277/320,1,797/1000,"(1/4,563/3996,0)",171_172,
hexagonal,171,P6_2,"(31,47,18)",c_his_not_ours_P2_reproduced,,d398254093a55b10,,1,797/1000,"(3001/11988,331/1332,0)",171_172,
hexagonal,171,P6_2,"(31,48,19)",c_his_not_ours_P2_reproduced,,6a51523c9668ff0d,,1,1/2,"(47/1998,5/666,0)",171_172,
hexagonal,171,P6_2,"(32,48,18)",a_ours_in_his,3ddc41389e6d484f;aef8972953d53d20;e5760549017956be,42b088d0062340e5,125/128;63/64;1;33/32;67/64;17/16;9/8;5/4;81/64;87/64;11/8;89/64;23/16;47/32;95/64,1,3497/1000,"(665/3996,1/3996,0)",171_172,
hexagonal,171,P6_2,"(33,51,20)",c_his_not_ours_P2_reproduced,,13c02224e7107df9,,1,1/2,"(943/2997,1/18,0)",171_172,
hexagonal,171,P6_2,"(34,51,19)",c_his_not_ours_P2_reproduced,,7aaa8e4688568ce2,,1,797/1000,"(3431/11988,563/3996,0)",171_172,
hexagonal,171,P6_2,"(35,53,20)",c_his_not_ours_P2_reproduced,,a54a8df98a9f5c0d,,1,797/1000,"(3005/11988,989/3996,0)",171_172,
hexagonal,171,P6_2,"(36,54,20)",c_his_not_ours_P2_reproduced,,2a09c7ea23790633,,1,797/1000,"(286/999,227/1998,0)",171_172,
hexagonal,171,P6_2,"(38,57,21)",c_his_not_ours_P2_reproduced,,38dc22951fbd90e7,,1,797/1000,"(1715/5994,47/333,0)",171_172,
hexagonal,171,P6_2,"(40,60,22)",c_his_not_ours_P2_reproduced,,838a93dbdca09ee5,,1,797/1000,"(52/999,5/666,0)",171_172,
hexagonal,172,P6_4,"(6,9,5)",c_his_not_ours_P2_reproduced,,a1053191a6317676,,1,3497/1000,"(1/3,0,0)",171_172,
hexagonal,172,P6_4,"(12,18,8)",a_ours_in_his,fd9a9f68ec1db422,fd9a9f68ec1db422,1/2;527/1000;3/4;797/1000;4/5;7/8;1;5/4;3/2;7/4;2;9/4;5/2;11/4;3;13/4;3497/1000;7/2,1,3497/1000,"(0,0,0)",171_172,
hexagonal,172,P6_4,"(12,19,9)",c_his_not_ours_P2_reproduced,,03b5c7cc17c5e015,,1,3497/1000,"(1/6,0,0)",171_172,
hexagonal,172,P6_4,"(12,23,13)",c_his_not_ours_P2_reproduced,,ac1d4522145eba72,,1,1/2,"(17/54,1/18,0)",171_172,
hexagonal,172,P6_4,"(18,29,13)",c_his_not_ours_P2_reproduced,,bb3eeb50e1c37ee6,,1,3497/1000,"(1499/5994,499/1998,0)",171_172,
hexagonal,172,P6_4,"(18,30,14)",a_ours_in_his,4db369a636f4396b,9bf0299ebc6762cc,3/2,1,1/2,"(1/18,1/18,0)",171_172,
hexagonal,172,P6_4,"(18,31,15)",c_his_not_ours_P2_reproduced,,75ed0d99a1ca0d26,,1,797/1000,"(1499/5994,499/1998,0)",171_172,
hexagonal,172,P6_4,"(20,31,13)",c_his_not_ours_P2_reproduced,,6a892fdc51b24155,,1,797/1000,"(1/6,0,0)",171_172,
hexagonal,172,P6_4,"(20,32,14)",c_his_not_ours_P2_reproduced,,4722fae8179ce536,,1,1/2,"(5/27,4/27,0)",171_172,
hexagonal,172,P6_4,"(20,33,15)",c_his_not_ours_P2_reproduced,,5ecea070beaf2efa,,1,1/2,"(1/54,0,0)",171_172,
hexagonal,172,P6_4,"(21,33,14)",c_his_not_ours_P2_reproduced,,59f008daf5ef67b4,,1,1/2,"(293/999,1/18,0)",171_172,
hexagonal,172,P6_4,"(22,34,14)",c_his_not_ours_P2_reproduced,,c57d8f62f90c0cf0,,1,3497/1000,"(1/4,997/3996,0)",171_172,
hexagonal,172,P6_4,"(22,35,15)",c_his_not_ours_P2_reproduced,,4a6f33270c17ba66,,1,3497/1000,"(166/999,0,0)",171_172,
hexagonal,172,P6_4,"(23,35,14)",a_ours_in_his,cff2d5fb5e0d4149,ac07ab8d0a87b192,1/2;527/1000;1277/2000;10439/16000,1,3497/1000,"(28/111,15/74,0)",171_172,
hexagonal,172,P6_4,"(23,36,15)",c_his_not_ours_P2_reproduced,,03f53da3198e3c1f,,1,1/2,"(17/54,19/666,0)",171_172,
hexagonal,172,P6_4,"(24,36,14)",a_ours_in_his,e948828e76447bbb,e948828e76447bbb,97/64;49/32;25/16;13/8;7/4;2;9/4;5/2;11/4;3;13/4;3497/1000;7/2,1,3497/1000,"(1/4,-1/4,0)",171_172,
hexagonal,172,P6_4,"(24,38,16)",c_his_not_ours_P2_reproduced,,96db1db2ceed20c0,,1,797/1000,"(499/1998,499/1998,0)",171_172,
hexagonal,172,P6_4,"(25,39,16)",c_his_not_ours_P2_reproduced,,99358d93421880fb,,1,7/8,"(104/333,35/666,0)",171_172,
hexagonal,172,P6_4,"(26,39,15)",a_ours_in_his,66b85b9283c62463,66b85b9283c62463,2331/4000;1277/2000;3/4;797/1000;4/5;103/128;259/320;131/160;67/80;7/8;1;5/4,1,797/1000,"(1/4,467/3996,0)",171_172,
hexagonal,172,P6_4,"(27,41,16)",a_ours_in_his,27d463eac6cda5ea,5132a86f3bfc2ada,5331/8000;2177/3200,1,797/1000,"(1/4,997/3996,0)",171_172,
hexagonal,172,P6_4,"(27,42,17)",c_his_not_ours_P2_reproduced,,713b343f658c4957,,1,1/2,"(17/54,55/999,0)",171_172,
hexagonal,172,P6_4,"(28,42,16)",a_ours_in_his,1a36f90bbc759307;29bbba1adec778da;2a139a0af47705e5,f28bef0f024f5de6,1/2;527/1000;3/4;797/1000;4/5;557/640;7/8;15/16;31/32;1;33/32;67/64;17/16;9/8;5/4;41/32;21/16;43/32;45/32;23/16;3/2;7/4;2;9/4;5/2;11/4;3;13/4;3497/1000;7/2,1,3497/1000,"(1499/5994,83/333,0)",171_172,
hexagonal,172,P6_4,"(28,44,18)",c_his_not_ours_P2_reproduced,,043672adda0ac3e4,,1,1/2,"(383/1332,19/148,0)",171_172,
hexagonal,172,P6_4,"(29,45,18)",c_his_not_ours_P2_reproduced,,e1f5a74be3f30cf5,,1,1/2,"(619/1998,1/18,0)",171_172,
hexagonal,172,P6_4,"(30,45,17)",a_ours_in_his,2b9726574a0a8bed;d07f950b8309de82,a35802ad9f295b2b,1/2;527/1000;4439/8000;9101/16000;2777/4000;3/4;797/1000;4/5;103/128;259/320;131/160;67/80;137/160;277/320,1,797/1000,"(1/4,563/3996,0)",171_172,
hexagonal,172,P6_4,"(31,47,18)",c_his_not_ours_P2_reproduced,,d398254093a55b10,,1,797/1000,"(3001/11988,331/1332,0)",171_172,
hexagonal,172,P6_4,"(31,48,19)",c_his_not_ours_P2_reproduced,,6a51523c9668ff0d,,1,1/2,"(47/1998,5/666,0)",171_172,
hexagonal,172,P6_4,"(32,48,18)",a_ours_in_his,3ddc41389e6d484f;aef8972953d53d20;e5760549017956be,42b088d0062340e5,125/128;63/64;1;33/32;67/64;17/16;9/8;5/4;81/64;87/64;11/8;89/64;23/16;47/32;95/64,1,3497/1000,"(665/3996,1/3996,0)",171_172,
hexagonal,172,P6_4,"(33,51,20)",c_his_not_ours_P2_reproduced,,13c02224e7107df9,,1,1/2,"(943/2997,1/18,0)",171_172,
hexagonal,172,P6_4,"(34,51,19)",c_his_not_ours_P2_reproduced,,7aaa8e4688568ce2,,1,797/1000,"(3431/11988,563/3996,0)",171_172,
hexagonal,172,P6_4,"(35,53,20)",c_his_not_ours_P2_reproduced,,a54a8df98a9f5c0d,,1,797/1000,"(3005/11988,989/3996,0)",171_172,
hexagonal,172,P6_4,"(36,54,20)",c_his_not_ours_P2_reproduced,,2a09c7ea23790633,,1,797/1000,"(286/999,227/1998,0)",171_172,
hexagonal,172,P6_4,"(38,57,21)",c_his_not_ours_P2_reproduced,,38dc22951fbd90e7,,1,797/1000,"(1715/5994,47/333,0)",171_172,
hexagonal,172,P6_4,"(40,60,22)",c_his_not_ours_P2_reproduced,,838a93dbdca09ee5,,1,797/1000,"(52/999,5/666,0)",171_172,
hexagonal,173,P6_3,"(8,12,6)",c_his_not_ours_P2_reproduced,,e3faf0283734fac7,,1,3497/1000,"(1/4,-1/4,0)",173,
hexagonal,173,P6_3,"(8,14,8)",c_his_not_ours_P2_reproduced,,a53e946faf92e440,,1,3497/1000,"(1412/4239,0,0)",173,
hexagonal,173,P6_3,"(12,18,8)",a_ours_in_his,fd9a9f68ec1db422,fd9a9f68ec1db422,1/2;527/1000;3/4;797/1000;4/5;7/8;1;5/4;3/2;7/4;2;9/4;5/2;11/4;3;13/4;3497/1000;7/2,1,3497/1000,"(0,0,0)",173,
hexagonal,173,P6_3,"(14,22,10)",c_his_not_ours_P2_reproduced,,f3ed2550b3b58d01,,1,797/1000,"(1412/4239,0,0)",173,
hexagonal,173,P6_3,"(14,24,12)",a_ours_in_his,0fef47b559fef709,0fef47b559fef709,1731/3200;4439/8000;2331/4000;1277/2000;11331/16000;5777/8000;3/4;797/1000;4/5;7/8;1;37/32;19/16;5/4;3/2;7/4;2;9/4;5/2;11/4;3;13/4;3497/1000;7/2,1,3497/1000,"(1/3,0,0)",173,
hexagonal,173,P6_3,"(17,27,12)",a_ours_in_his,d2a47816896b676a,d2a47816896b676a,1/2;527/1000;4439/8000;9101/16000,1,797/1000,"(5647/16956,-1/5652,0)",173,
hexagonal,173,P6_3,"(18,30,14)",a_ours_in_his,76108b085b4e40f8,76108b085b4e40f8,1/2;527/1000;2331/4000;1277/2000;2777/4000;3/4;797/1000;4/5;7/8;1;9/8;73/64,1,797/1000,"(1/3,0,0)",173,
hexagonal,173,P6_3,"(21,33,14)",c_his_not_ours_P2_reproduced,,18e92e9e3cc1b7a7,,1,797/1000,"(5645/16956,-1/1884,0)",173,
hexagonal,174,P-6,"(8,12,6)",a_ours_in_his,e3faf0283734fac7,e3faf0283734fac7,1/2;527/1000;3/4;797/1000;4/5;7/8;1;5/4;3/2;7/4;2;9/4;5/2;11/4;3;13/4;3497/1000;7/2,1,3497/1000,"(1/6,0,0)",174,
hexagonal,174,P-6,"(12,18,8)",a_ours_in_his,fd9a9f68ec1db422,fd9a9f68ec1db422,1/2;527/1000;3/4;797/1000;4/5;7/8;1;5/4;3/2;7/4;2;9/4;5/2;11/4;3;13/4;3497/1000;7/2,1,3497/1000,"(0,0,0)",174,
hexagonal,175,P6/m,"(6,9,5)",a_ours_in_his,a1053191a6317676,a1053191a6317676,1/2;527/1000;3/4;797/1000;4/5;7/8;1;5/4;3/2;7/4;2;9/4;5/2;11/4;3;13/4;3497/1000;7/2,1,3497/1000,"(1/3,0,0)",175,
hexagonal,175,P6/m,"(8,12,6)",a_ours_in_his,e3faf0283734fac7,e3faf0283734fac7,1/2;527/1000;3/4;797/1000;4/5;7/8;1;5/4;3/2;7/4;2;9/4;5/2;11/4;3;13/4;3497/1000;7/2,1,3497/1000,"(1/4,-1/4,0)",175,
hexagonal,175,P6/m,"(10,15,7)",a_ours_in_his,52392121966e66eb,52392121966e66eb,1/2;527/1000;3/4;797/1000;4/5;7/8;1;5/4;3/2;7/4;2;9/4;5/2;11/4;3;13/4;3497/1000;7/2,1,3497/1000,"(33/100,-1/500,1/4)",175,
hexagonal,175,P6/m,"(12,18,8)",a_ours_in_his,fd9a9f68ec1db422,fd9a9f68ec1db422,1/2;527/1000;3/4;797/1000;4/5;7/8;1;5/4;3/2;7/4;2;9/4;5/2;11/4;3;13/4;3497/1000;7/2,1,3497/1000,"(0,0,0)",175,
hexagonal,176,P6_3/m,"(6,9,5)",a_ours_in_his,a1053191a6317676,a1053191a6317676,1/2;527/1000;3/4;797/1000;4/5;7/8;1;5/4;3/2;7/4;2;9/4;5/2;11/4;3;13/4;3497/1000;7/2,1,3497/1000,"(1/3,0,0)",176,
hexagonal,176,P6_3/m,"(6,11,7)",c_his_not_ours_P2_reproduced,,d2d935e5499e6e11,,1,4/5,"(16/125,0,1/5)",176,
hexagonal,176,P6_3/m,"(6,12,8)",a_ours_in_his,3cb6c70abd57e0b9,3cb6c70abd57e0b9,1,1,4/5,"(4/25,0,1/4)",176,
hexagonal,176,P6_3/m,"(7,11,6)",a_ours_in_his,a4d2e4badea1fc0f,a4d2e4badea1fc0f,1,1,4/5,"(29/100,-13/100,1/4)",176,
hexagonal,176,P6_3/m,"(8,12,6)",a_ours_in_his,e3faf0283734fac7,e3faf0283734fac7,1/2;527/1000;3/4;797/1000;4/5;131/160;67/80;7/8;1;65/64;33/32;17/16;9/8;5/4;3/2;7/4;2;9/4;5/2;11/4;3;13/4;3497/1000;7/2,1,3497/1000,"(1/4,-1/4,0)",176,
hexagonal,176,P6_3/m,"(8,13,7)",c_his_not_ours_P2_reproduced,,4ab699adbeb533b0,,1,3497/1000,"(124/375,0,31/125)",176,
hexagonal,176,P6_3/m,"(8,14,8)",a_ours_in_his,a53e946faf92e440,a53e946faf92e440,2331/4000;1277/2000;11331/16000;5777/8000;3/4;797/1000;4/5;131/160;67/80;7/8;1;65/64;33/32;17/16;9/8;5/4;3/2;7/4;2;9/4;5/2;11/4;3;13/4;3497/1000;7/2,1,3497/1000,"(124/375,0,1/4)",176,
hexagonal,176,P6_3/m,"(10,15,7)",c_his_not_ours_P2_reproduced,,52392121966e66eb,,1,3497/1000,"(33/100,-1/500,0)",176,
hexagonal,176,P6_3/m,"(10,18,10)",a_ours_in_his,3ab0f86bf4aa2403,3ab0f86bf4aa2403,2,1,5/4,"(1/5,-1/5,8/125)",176,
hexagonal,176,P6_3/m,"(11,17,8)",c_his_not_ours_P2_reproduced,,ef8048ef68ceb307,,1,3497/1000,"(124/375,0,13/500)",176,
hexagonal,176,P6_3/m,"(11,18,9)",c_his_not_ours_P2_reproduced,,597334d831e18e8b,,1,4/5,"(87/500,-39/500,3/20)",176,
hexagonal,176,P6_3/m,"(12,18,8)",a_ours_in_his,9b7039e0c295ff94;fd9a9f68ec1db422,fd9a9f68ec1db422,1/2;527/1000;3/4;797/1000;4/5;259/320;521/640;7/8;15/16;31/32;63/64;127/128;1;5/4;3/2;7/4;2;9/4;5/2;11/4;3;13/4;3497/1000;7/2,1,3497/1000,"(0,0,0)",176,
hexagonal,176,P6_3/m,"(12,20,10)",c_his_not_ours_P2_reproduced,,6b840366e4df5f52,,1,4/5,"(29/125,-13/125,1/5)",176,
hexagonal,176,P6_3/m,"(13,20,9)",a_ours_in_his,508e73881e1a160f,508e73881e1a160f,1/2;527/1000;1277/2000;2777/4000,1,3497/1000,"(33/100,-1/500,2/125)",176,
hexagonal,176,P6_3/m,"(13,21,10)",a_ours_in_his,4a24e04257d3d0f4,4a24e04257d3d0f4,137/160;7/8;119/128;15/16;1;5/4;81/64;41/32;21/16;11/8;91/64;23/16;3/2;105/64;53/32;27/16;7/4;2;129/64;65/32;33/16;17/8;9/4;5/2;11/4;91/32;23/8;3;13/4;3497/1000;7/2,1,3497/1000,"(1/3,0,31/125)",176,
hexagonal,176,P6_3/m,"(13,23,12)",a_ours_in_his,8cb03a3652c58a13,8cb03a3652c58a13,1,1,4/5,"(36/125,-16/125,1/4)",176,
hexagonal,176,P6_3/m,"(14,22,10)",a_ours_in_his,f3ed2550b3b58d01,f3ed2550b3b58d01,1/2;527/1000;4439/8000;9101/16000;1277/2000;2777/4000;3/4;797/1000;4/5;259/320;521/640;7/8;15/16;31/32;63/64;127/128,1,797/1000,"(124/375,0,1/4)",176,
hexagonal,176,P6_3/m,"(14,24,12)",a_ours_in_his,0fef47b559fef709,0fef47b559fef709,1/2;527/1000;1731/3200;4439/8000;2331/4000;977/1600;9993/16000;1277/2000;10439/16000;5331/8000;2177/3200;2777/4000;11331/16000;5777/8000;11777/16000;3/4;797/1000;4/5;131/160;67/80;7/8;117/128;59/64;15/16;1;65/64;33/32;17/16;35/32;9/8;37/32;19/16;5/4;3/2;7/4;2;9/4;5/2;11/4;3;13/4;3497/1000;7/2,1,3497/1000,"(1/3,0,1/4)",176,
hexagonal,176,P6_3/m,"(15,24,11)",a_ours_in_his,ff8725c53f6c0182,ff8725c53f6c0182,1/2;527/1000;11331/16000;5777/8000;3/4;797/1000;4/5;67/80;271/320;109/128;7/8;29/32;59/64;1;5/4;11/8;45/32;3/2;13/8;7/4;15/8;31/16;63/32;127/64;2;9/4;5/2;11/4;45/16;181/64,1,3497/1000,"(1/3,0,13/500)",176,
hexagonal,176,P6_3/m,"(17,26,11)",c_his_not_ours_P2_reproduced,,691c824d3bd6104e,,1,3497/1000,"(33/100,-1/500,13/500)",176,
hexagonal,176,P6_3/m,"(17,27,12)",a_ours_in_his,d2a47816896b676a,d2a47816896b676a,1/2;4027/8000;1027/2000;527/1000;4439/8000;9101/16000;2331/4000;977/1600;1277/2000;2777/4000;11331/16000;3/4;3047/4000;2447/3200;1547/2000;3141/4000;6329/8000;797/1000;4/5;103/128;259/320;521/640,1,797/1000,"(33/100,-1/500,1/4)",176,
hexagonal,176,P6_3/m,"(18,30,14)",a_ours_in_his,76108b085b4e40f8,76108b085b4e40f8,1/2;527/1000;1731/3200;2331/4000;9547/16000;977/1600;9993/16000;1277/2000;10439/16000;5331/8000;2177/3200;2777/4000;11331/16000;5777/8000;11777/16000;3/4;797/1000;4/5;7/8;1;9/8;73/64,1,797/1000,"(1/3,0,1/4)",176,
hexagonal,176,P6_3/m,"(21,33,14)",a_ours_in_his,18e92e9e3cc1b7a7,18e92e9e3cc1b7a7,1/2;8081/16000;2027/4000;1027/2000;8243/16000;827/1600;2081/4000;527/1000;4439/8000;9101/16000;9547/16000;977/1600;9993/16000;1277/2000;2777/4000;5777/8000;3/4;6141/8000;1547/2000;2541/3200;797/1000;4/5;259/320;521/640;7/8;29/32;15/16;31/32;63/64;127/128;1;17/16;69/64,1,797/1000,"(493/1500,-3/500,1/4)",176,
hexagonal,177,P622,"(6,9,5)",a_ours_in_his,a1053191a6317676,a1053191a6317676,1/2;527/1000;3/4;797/1000;4/5;7/8;1;5/4;3/2;7/4;2;9/4;5/2;11/4;3;13/4;3497/1000;7/2,1,3497/1000,"(1/3,0,0)",177,
hexagonal,177,P622,"(8,12,6)",a_ours_in_his,e3faf0283734fac7,e3faf0283734fac7,1/2;527/1000;3/4;797/1000;4/5;7/8;1;5/4;3/2;7/4;2;9/4;5/2;11/4;3;13/4;3497/1000;7/2,1,3497/1000,"(1/4,-1/4,0)",177,
hexagonal,177,P622,"(12,18,8)",a_ours_in_his,fd9a9f68ec1db422,fd9a9f68ec1db422,1/2;527/1000;3/4;797/1000;4/5;7/8;1;5/4;3/2;7/4;2;9/4;5/2;11/4;3;13/4;3497/1000;7/2,1,3497/1000,"(0,0,0)",177,
hexagonal,177,P622,"(14,23,11)",a_ours_in_his,7824c3404ec7c532,7824c3404ec7c532,1/2;527/1000;3/4;797/1000;4/5;7/8;1;5/4;3/2;7/4;2;9/4;5/2;11/4;3;13/4;3497/1000;7/2,1,3497/1000,"(33/100,-1/500,1/4)",177,
hexagonal,177,P622,"(18,29,13)",c_his_not_ours_P2_reproduced,,2626c0b5370635a6,,1,797/1000,"(88/375,-29/125,1/500)",177,
hexagonal,178,P6_122,"(11,20,11)",c_his_not_ours_P2_reproduced,,4de1f05907f793a8,,1,4/5,"(8/25,0,3/50)",178_179,
hexagonal,178,P6_122,"(12,18,8)",a_ours_in_his,fd9a9f68ec1db422,fd9a9f68ec1db422,1/2;527/1000;3/4;797/1000;4/5;7/8;1;5/4;3/2;7/4;2;9/4;5/2;11/4;3;13/4;3497/1000;7/2,1,3497/1000,"(0,0,0)",178_179,
hexagonal,178,P6_122,"(12,19,9)",c_his_not_ours_P2_reproduced,,8f6b3652ccfef570,,1,44/25,"(121/250,-121/250,4/75)",178_179,
hexagonal,178,P6_122,"(13,22,11)",c_his_not_ours_P2_reproduced,,f1e0d6a24a06b752,,1,3497/1000,"(62/125,0,0)",178_179,
hexagonal,178,P6_122,"(14,24,12)",b_ours_not_his,0fef47b559fef709,,27729/8000;3497/1000;7/2,0,,,,
hexagonal,178,P6_122,"(15,23,10)",c_his_not_ours_P2_reproduced,,29f83598c9f23455,,1,3497/1000,"(41/125,0,31/375)",178_179,
hexagonal,178,P6_122,"(15,25,12)",a_ours_in_his,d1f1121757598de0;fcfb951dfb823866,d7d05715f27226eb,3/2;3,1,3497/1000,"(62/125,61/125,1/12)",178_179,
hexagonal,178,P6_122,"(15,26,13)",c_his_not_ours_P2_reproduced,,78d4f549b6980099,,1,2,"(2/5,0,11/300)",178_179,
hexagonal,178,P6_122,"(16,26,12)",c_his_not_ours_P2_reproduced,,0cea04a8f66814e0,,1,797/1000,"(62/125,0,0)",178_179,
hexagonal,178,P6_122,"(16,27,13)",c_his_not_ours_P2_reproduced,,4dc56d72019ce2e1,,1,4/5,"(17/50,1/50,0)",178_179,
hexagonal,178,P6_122,"(18,27,11)",c_his_not_ours_P2_reproduced,,3781e6ffb4480fca,,1,3497/1000,"(21/125,-21/125,7/250)",178_179,
hexagonal,178,P6_122,"(18,28,12)",a_ours_in_his,29148698f93136e6,29148698f93136e6,27/16;7/4;2;9/4;5/2;87/32;11/4;3;103/32;13/4;55/16;3497/1000;7/2,1,3497/1000,"(41/125,0,1/12)",178_179,
hexagonal,178,P6_122,"(18,29,13)",c_his_not_ours_P2_reproduced,,bb3eeb50e1c37ee6,,1,3497/1000,"(83/250,-1/250,0)",178_179,
hexagonal,178,P6_122,"(18,30,14)",a_ours_in_his,161b09808f4c1863;4db369a636f4396b;76108b085b4e40f8,3025fc1ae084cc69,1/2;527/1000;3/4;797/1000;4/5;7/8;1;5/4;3/2;7/4;2;9/4;5/2;11/4;3;13/4;6747/2000;13741/4000;55211/16000,1,4/5,"(8/25,0,1/150)",178_179,
hexagonal,178,P6_122,"(18,31,15)",c_his_not_ours_P2_reproduced,,75ed0d99a1ca0d26,,1,797/1000,"(8/25,-1/25,0)",178_179,
hexagonal,178,P6_122,"(20,31,13)",c_his_not_ours_P2_reproduced,,7f6b3145aa326409,,1,16/5,"(1/2,9/50,3/100)",178_179,
hexagonal,178,P6_122,"(20,32,14)",c_his_not_ours_P2_reproduced,,c23407c24f02fc46,,1,797/1000,"(62/125,0,31/375)",178_179,
hexagonal,178,P6_122,"(20,36,18)",b_ours_not_his,f07d69523ef41b37,,3/2,0,,,,
hexagonal,178,P6_122,"(21,32,13)",c_his_not_ours_P2_reproduced,,6a76b4fcea1180cc,,1,3497/1000,"(1/250,1/250,121/1500)",178_179,
hexagonal,178,P6_122,"(21,33,14)",c_his_not_ours_P2_reproduced,,570720a72da4608d,,1,4/5,"(69/250,61/250,1/15)",178_179,
hexagonal,178,P6_122,"(22,34,14)",a_ours_in_his,7e79f1c38b5516bf;8e6a80eb6f0f31a9;f905851c28b76464,b3981da714598974,37/32;19/16;5/4;3/2;97/64;49/32;25/16;13/8;53/32;107/64;27/16;111/64;7/4;2;35/16;9/4;5/2;21/8;43/16;11/4;23/8;47/16;3;25/8;51/16;205/64;13/4;27/8;109/32;219/64;3497/1000;7/2,1,3497/1000,"(62/125,-62/125,1/12)",178_179,
hexagonal,178,P6_122,"(22,35,15)",c_his_not_ours_P2_reproduced,,4a6f33270c17ba66,,1,3497/1000,"(62/125,61/125,0)",178_179,
hexagonal,178,P6_122,"(22,36,16)",c_his_not_ours_P2_reproduced,,89816521d3ce1f8d,,1,4/5,"(59/250,9/250,1/12)",178_179,
hexagonal,178,P6_122,"(23,35,14)",c_his_not_ours_P2_reproduced,,67c9c7e50c25b4ff,,1,3497/1000,"(1/2,-43/250,41/1500)",178_179,
hexagonal,178,P6_122,"(23,36,15)",c_his_not_ours_P2_reproduced,,3ec42b021af2f749,,1,797/1000,"(1/2,23/50,1/150)",178_179,
hexagonal,178,P6_122,"(23,37,16)",c_his_not_ours_P2_reproduced,,c75f7ef66ff4b06b,,1,797/1000,"(3/10,1/10,1/12)",178_179,
hexagonal,178,P6_122,"(24,36,14)",a_ours_in_his,e948828e76447bbb,e948828e76447bbb,77/64;39/32;5/4;3/2;107/64;27/16;7/4;127/64;2;9/4;39/16;5/2;21/8;175/64;11/4;91/32;23/8;93/32;47/16;95/32;3;193/64;97/32;49/16;25/8;103/32;13/4;53729/16000;6747/2000;55211/16000;27729/8000;3497/1000;7/2,1,3497/1000,"(62/125,-62/125,0)",178_179,
hexagonal,178,P6_122,"(24,37,15)",c_his_not_ours_P2_reproduced,,a3e15b01b9793cf0,,1,3497/1000,"(119/250,67/250,1/60)",178_179,
hexagonal,178,P6_122,"(24,38,16)",c_his_not_ours_P2_reproduced,,96db1db2ceed20c0,,1,797/1000,"(1/2,107/250,1/12)",178_179,
hexagonal,178,P6_122,"(25,38,15)",a_ours_in_his,4b6055c7aa3d341b,fe31ad168ce3d232,65/32;33/16;17/8;69/32,1,3497/1000,"(1/250,1/250,41/500)",178_179,
hexagonal,178,P6_122,"(25,39,16)",c_his_not_ours_P2_reproduced,,764cb8e1359802de,,1,3497/1000,"(11/25,0,11/150)",178_179,
hexagonal,178,P6_122,"(26,39,15)",c_his_not_ours_P2_reproduced,,5ff09c7df2d7975b,,1,3497/1000,"(53/125,-6/125,53/750)",178_179,
hexagonal,178,P6_122,"(26,40,16)",c_his_not_ours_P2_reproduced,,d3c2279edf9fd9d5,,1,3497/1000,"(67/250,1/250,23/300)",178_179,
hexagonal,178,P6_122,"(26,41,17)",c_his_not_ours_P2_reproduced,,4e084035f3f784fa,,1,797/1000,"(58/125,0,29/375)",178_179,
hexagonal,178,P6_122,"(27,41,16)",a_ours_in_his,5beb94b61eb66eb1,aebb44e6146d2ee8,1/2;527/1000;1277/2000;5331/8000;2177/3200,1,3497/1000,"(44/125,-11/125,0)",178_179,
hexagonal,178,P6_122,"(27,42,17)",c_his_not_ours_P2_reproduced,,2cbc5dda5819aedf,,1,4/5,"(23/50,-13/50,1/60)",178_179,
hexagonal,178,P6_122,"(27,43,18)",c_his_not_ours_P2_reproduced,,a77d7b7a9b716163,,1,527/1000,"(56/125,0,28/375)",178_179,
hexagonal,178,P6_122,"(28,42,16)",a_ours_in_his,1a36f90bbc759307;2a139a0af47705e5;34351050a4f29035;b7c0d3d85242db64,86602dcb5a9c3739,1/2;527/1000;3/4;797/1000;4/5;27/32;557/640;7/8;57/64;29/32;15/16;1;33/32;17/16;9/8;37/32;75/64;19/16;39/32;5/4;21/16;11/8;89/64;91/64;23/16;95/64;3/2;97/64;49/32;99/64;25/16;101/64;13/8;27/16;55/32;7/4;29/16;117/64;15/8;61/32;123/64;31/16;63/32;127/64;2;129/64;65/32;131/64;33/16;133/64;67/32;135/64;9/4;147/64;37/16;19/8;5/2;87/32;11/4;3;25/8;51/16;205/64;13/4;13247/4000;26741/8000;6747/2000;13741/4000,1,3497/1000,"(62/125,62/125,31/375)",178_179,
hexagonal,178,P6_122,"(28,44,18)",c_his_not_ours_P2_reproduced,,fee2122be9f75053,,1,797/1000,"(13/50,1/250,1/12)",178_179,
hexagonal,178,P6_122,"(29,44,17)",a_ours_in_his,30f2a1e483babf55;bc59e5d778f60d1f,3b9dfad98f70b4e9,2777/4000;3/4;797/1000;4/5;67/80;137/160;277/320;11/4;3;13/4;3497/1000;7/2,1,3497/1000,"(41/250,41/250,41/1500)",178_179,
hexagonal,178,P6_122,"(29,45,18)",c_his_not_ours_P2_reproduced,,c1ef2ee15fe4dfbc,,1,7/2,"(9/50,7/50,53/1500)",178_179,
hexagonal,178,P6_122,"(30,45,17)",a_ours_in_his,24a6b511067d37b2;303d3c41bbb6461d,186e5f1d6d8fd071,79/64;5/4;41/32;83/64;21/16;2;9/4,1,3497/1000,"(41/125,41/125,41/750)",178_179,
hexagonal,178,P6_122,"(30,46,18)",a_ours_in_his,254345236188cc50,a347c7296fecdf52,1;9/8;73/64;21/16;11/8;23/16;93/64;47/32;95/64;3/2;97/64;49/32;25/16;13/8;53/32;107/64;27/16;55/32,1,797/1000,"(81/250,-17/250,0)",178_179,
hexagonal,178,P6_122,"(30,47,19)",c_his_not_ours_P2_reproduced,,0105f5c3d7eb0b30,,1,4/5,"(36/125,-16/125,3/500)",178_179,
hexagonal,178,P6_122,"(31,47,18)",c_his_not_ours_P2_reproduced,,7726458558997ff1,,1,3497/1000,"(31/250,31/250,17/375)",178_179,
hexagonal,178,P6_122,"(31,48,19)",c_his_not_ours_P2_reproduced,,583c462ad070ba78,,1,797/1000,"(57/250,-3/50,7/100)",178_179,
hexagonal,178,P6_122,"(32,48,18)",a_ours_in_his,042c19cbfdc869cb;a35623e347ef03b4;d176b8d859dd651a;d718e083bd23d2b1;e5760549017956be;f05f0b009e0929f6;f94c2ae7de04a72e,3bb4e5b783529bc7,1/2;1681/3200;527/1000;17/32;4439/8000;9/16;37/64;2331/4000;5/8;1277/2000;21/32;2177/3200;11/16;2777/4000;11331/16000;23/32;5777/8000;3/4;12141/16000;3047/4000;49/64;1547/2000;25/32;12611/16000;6329/8000;797/1000;4/5;103/128;13/16;53/64;55/64;557/640;7/8;113/128;57/64;115/128;59/64;15/16;121/128;61/64;31/32;1;65/64;33/32;17/16;69/64;35/32;71/64;9/8;75/64;19/16;77/64;39/32;79/64;5/4;81/64;41/32;83/64;21/16;85/64;43/32;11/8;45/32;23/16;47/32;95/64;3/2;49/32;51/32;13/8;53/32;107/64;111/64;7/4;59/32;15/8;31/16;63/32;2;129/64;65/32;33/16;67/32;17/8;35/16;71/32;143/64;9/4;73/32;19/8;77/32;155/64;5/2;41/16;83/32;21/8;43/16;173/64;87/32;11/4;45/16;23/8;185/64;47/16;189/64;95/32;191/64,1,3497/1000,"(19/50,19/50,19/300)",178_179,
hexagonal,178,P6_122,"(32,49,19)",c_his_not_ours_P2_reproduced,,5f94bfbbf6c2206d,,1,3497/1000,"(29/125,12/125,1/300)",178_179,
hexagonal,178,P6_122,"(32,50,20)",c_his_not_ours_P2_reproduced,,00b550bf2c6b23c9,,1,2,"(1/10,-9/250,47/750)",178_179,
hexagonal,178,P6_122,"(33,50,19)",c_his_not_ours_P2_reproduced,,f562917334ad0ef2,,1,3497/1000,"(91/250,-3/10,91/1500)",178_179,
hexagonal,178,P6_122,"(33,51,20)",c_his_not_ours_P2_reproduced,,f44bbd1465d53ace,,1,797/1000,"(69/250,-1/50,2/25)",178_179,
hexagonal,178,P6_122,"(34,51,19)",c_his_not_ours_P2_reproduced,,ffdd004bb36a3753,,1,3497/1000,"(7/50,7/50,37/750)",178_179,
hexagonal,178,P6_122,"(34,52,20)",c_his_not_ours_P2_reproduced,,9ce7c2c9f9c5d7cf,,1,797/1000,"(81/250,-11/250,0)",178_179,
hexagonal,178,P6_122,"(35,53,20)",c_his_not_ours_P2_reproduced,,641eee6160b8d2f9,,1,3497/1000,"(77/250,-1/250,77/1500)",178_179,
hexagonal,178,P6_122,"(35,54,21)",c_his_not_ours_P2_reproduced,,e8ef0f219bf40a91,,1,4/5,"(34/125,18/125,39/500)",178_179,
hexagonal,178,P6_122,"(36,54,20)",a_ours_in_his,2d654c836f3731c6;7a448bed1119dfad;8cc8c5ab3cf36d8f;9be0f2271a14b6a9;a348875c3f707895;ac4489d658eb445e;b0f80776885f3ae1;dcc38ea9177089b9,b3a4321d9c054113,1/2;1027/2000;33/64;2081/4000;4189/8000;527/1000;1731/3200;4439/8000;9101/16000;2331/4000;19/32;977/1600;9993/16000;5/8;1277/2000;21/32;5331/8000;43/64;11/16;2777/4000;45/64;11331/16000;23/32;3/4;6047/8000;1547/2000;12423/16000;1247/1600;25/32;3141/4000;6329/8000;2541/3200;51/64;797/1000;4/5;259/320;131/160;527/640;53/64;67/80;7/8;113/128;57/64;29/32;117/128;15/16;121/128;61/64;31/32;127/128;1;65/64;33/32;67/64;17/16;69/64;35/32;71/64;9/8;73/64;37/32;19/16;39/32;79/64;5/4;81/64,1,3497/1000,"(1/2,27/250,19/375)",178_179,
hexagonal,178,P6_122,"(36,55,21)",c_his_not_ours_P2_reproduced,,e7ff1a2051e9f17c,,1,163/200,"(3/125,-1/125,1/20)",178_179,
hexagonal,178,P6_122,"(37,56,21)",c_his_not_ours_P2_reproduced,,4e1f5214a4adb987,,1,3497/1000,"(1/2,43/250,37/1500)",178_179,
hexagonal,178,P6_122,"(37,57,22)",c_his_not_ours_P2_reproduced,,1b1ac6860317aea8,,1,797/1000,"(57/250,-3/250,2/25)",178_179,
hexagonal,178,P6_122,"(38,57,21)",a_ours_in_his,7e05ce00d8a7cbf6;f6f8b3050a1eef42,217a3f53e486be74,2331/4000;1277/2000;3/4;3047/4000;2447/3200;539/640;271/320;137/160;277/320,1,3497/1000,"(1/2,21/250,73/1500)",178_179,
hexagonal,178,P6_122,"(38,58,22)",c_his_not_ours_P2_reproduced,,6c478d9f4d0f278a,,1,797/1000,"(3/10,-9/250,11/150)",178_179,
hexagonal,178,P6_122,"(39,59,22)",c_his_not_ours_P2_reproduced,,3d2db38aa64f9ca3,,1,797/1000,"(38/125,-6/125,19/375)",178_179,
hexagonal,178,P6_122,"(39,60,23)",c_his_not_ours_P2_reproduced,,2534a020743abfa0,,1,797/1000,"(27/125,-1/125,39/500)",178_179,
hexagonal,178,P6_122,"(40,60,22)",a_ours_in_his,095ce61d28388c98;59585d778cb3a7a4,b7e607ffe0fdc6a6,17/32;9/16;5/8;21/32;43/64;11/16;23/32;5777/8000;3/4;51/64;797/1000;4/5;13/16;53/64;533/640;67/80;7/8;57/64;115/128;29/32;59/64;15/16;61/64;31/32;63/64;1;65/64;33/32;17/16;35/32;9/8;73/64;37/32;19/16;39/32;5/4;21/16;43/32;87/64;11/8;45/32,1,3497/1000,"(1/2,41/250,13/500)",178_179,
hexagonal,178,P6_122,"(40,61,23)",c_his_not_ours_P2_reproduced,,e4ff2fde16abc8a8,,1,977/1000,"(4/125,-3/125,1/60)",178_179,
hexagonal,178,P6_122,"(40,63,25)",c_his_not_ours_P2_reproduced,,251255122a674c71,,1,7/5,"(53/250,-21/250,71/1500)",178_179,
hexagonal,178,P6_122,"(41,62,23)",c_his_not_ours_P2_reproduced,,607485f56aa8a15d,,1,797/1000,"(38/125,-2/125,29/375)",178_179,
hexagonal,178,P6_122,"(41,63,24)",c_his_not_ours_P2_reproduced,,5270cc35c7f3cb4a,,1,797/1000,"(19/250,-1/250,2/25)",178_179,
hexagonal,178,P6_122,"(42,63,23)",a_ours_in_his,a23144f3446070e6,a23144f3446070e6,6141/8000;1547/2000,1,797/1000,"(113/250,-7/50,0)",178_179,
hexagonal,178,P6_122,"(42,64,24)",c_his_not_ours_P2_reproduced,,07888e42546a9b84,,1,833/1000,"(69/250,-23/250,1/20)",178_179,
hexagonal,178,P6_122,"(43,65,24)",c_his_not_ours_P2_reproduced,,f3d091d044676870,,1,797/1000,"(3/10,-9/250,1/20)",178_179,
hexagonal,178,P6_122,"(43,66,25)",c_his_not_ours_P2_reproduced,,451922f6a8f9ace7,,1,797/1000,"(28/125,-2/125,39/500)",178_179,
hexagonal,178,P6_122,"(44,66,24)",a_ours_in_his,c49077384aaebeb0,7069f26515a08a42,15/16;31/32;63/64;79/64;5/4;41/32;83/64;11/8;91/64;23/16;47/32;95/64,1,797/1000,"(56/125,-14/125,0)",178_179,
hexagonal,178,P6_122,"(44,67,25)",c_his_not_ours_P2_reproduced,,1a1b752574b512ca,,1,827/1000,"(6/25,-24/125,1/60)",178_179,
hexagonal,178,P6_122,"(45,68,25)",c_his_not_ours_P2_reproduced,,474638eca25a6073,,1,797/1000,"(77/250,-3/250,119/1500)",178_179,
hexagonal,178,P6_122,"(45,69,26)",c_his_not_ours_P2_reproduced,,5eaee276b5277410,,1,797/1000,"(67/250,-3/250,2/25)",178_179,
hexagonal,178,P6_122,"(46,69,25)",c_his_not_ours_P2_reproduced,,ff22a43e897caad0,,1,797/1000,"(3/10,-7/250,1/20)",178_179,
hexagonal,178,P6_122,"(46,70,26)",c_his_not_ours_P2_reproduced,,366f9f1830be3cd4,,1,163/200,"(69/250,-23/250,1/20)",178_179,
hexagonal,178,P6_122,"(46,71,27)",c_his_not_ours_P2_reproduced,,1e674842eb46578a,,1,4/5,"(1/25,-2/125,1/20)",178_179,
hexagonal,178,P6_122,"(46,72,28)",c_his_not_ours_P2_reproduced,,2f099abc40bbd6ad,,1,4/5,"(73/250,-3/50,49/750)",178_179,
hexagonal,178,P6_122,"(47,71,26)",c_his_not_ours_P2_reproduced,,32d6e1b3875bdb7f,,1,797/1000,"(69/250,-27/250,23/500)",178_179,
hexagonal,178,P6_122,"(47,72,27)",c_his_not_ours_P2_reproduced,,56aa43bf241a494e,,1,797/1000,"(37/125,-1/125,2/25)",178_179,
hexagonal,178,P6_122,"(48,72,26)",c_his_not_ours_P2_reproduced,,bc8ccd9f9279add2,,1,797/1000,"(34/125,-12/125,17/375)",178_179,
hexagonal,178,P6_122,"(48,73,27)",c_his_not_ours_P2_reproduced,,d782c9fef7d418d5,,1,797/1000,"(6/25,-24/125,1/60)",178_179,
hexagonal,178,P6_122,"(49,74,27)",c_his_not_ours_P2_reproduced,,c75fdd568b1ab948,,1,797/1000,"(3/10,-3/250,2/25)",178_179,
hexagonal,178,P6_122,"(49,75,28)",c_his_not_ours_P2_reproduced,,7cdcfbca735e67c1,,1,797/1000,"(11/250,-3/250,4/75)",178_179,
hexagonal,178,P6_122,"(50,75,27)",c_his_not_ours_P2_reproduced,,a9d2eec59c194286,,1,797/1000,"(33/125,-16/125,11/250)",178_179,
hexagonal,178,P6_122,"(51,77,28)",c_his_not_ours_P2_reproduced,,7542b324e3d7a650,,1,797/1000,"(69/250,-1/10,23/500)",178_179,
hexagonal,178,P6_122,"(51,78,29)",c_his_not_ours_P2_reproduced,,1d2eeb5b01fe2048,,1,4/5,"(29/125,-14/125,1/25)",178_179,
hexagonal,178,P6_122,"(52,78,28)",c_his_not_ours_P2_reproduced,,6730cd693b907c98,,1,797/1000,"(34/125,-13/125,17/375)",178_179,
hexagonal,178,P6_122,"(53,80,29)",c_his_not_ours_P2_reproduced,,0d9561b441b4320a,,1,797/1000,"(6/125,-2/125,1/20)",178_179,
hexagonal,178,P6_122,"(54,81,29)",c_his_not_ours_P2_reproduced,,4947b9d04351e885,,1,797/1000,"(67/250,-1/10,67/1500)",178_179,
hexagonal,178,P6_122,"(55,83,30)",c_his_not_ours_P2_reproduced,,140ca3f6246b6e73,,1,797/1000,"(33/125,-17/125,13/375)",178_179,
hexagonal,178,P6_122,"(56,84,30)",c_his_not_ours_P2_reproduced,,1fe535f47b4790e5,,1,797/1000,"(67/250,-27/250,67/1500)",178_179,
hexagonal,178,P6_122,"(57,86,31)",c_his_not_ours_P2_reproduced,,879261f283ff9c39,,1,1031/1000,"(51/250,-49/250,1/300)",178_179,
hexagonal,178,P6_122,"(58,87,31)",c_his_not_ours_P2_reproduced,,29f164df1545bc91,,1,797/1000,"(32/125,-3/25,16/375)",178_179,
hexagonal,178,P6_122,"(60,90,32)",c_his_not_ours_P2_reproduced,,0f1b125c3e091c75,,1,797/1000,"(34/125,-14/125,17/375)",178_179,
hexagonal,178,P6_122,"(62,93,33)",c_his_not_ours_P2_reproduced,,e82682005af325dc,,1,103/125,"(57/250,-51/250,7/750)",178_179,
hexagonal,178,P6_122,"(64,96,34)",c_his_not_ours_P2_reproduced,,e6afa68429fe25b0,,1,163/200,"(32/125,-19/125,43/1500)",178_179,
hexagonal,179,P6_522,"(11,20,11)",c_his_not_ours_P2_reproduced,,4de1f05907f793a8,,1,4/5,"(8/25,0,3/50)",178_179,
hexagonal,179,P6_522,"(12,18,8)",a_ours_in_his,fd9a9f68ec1db422,fd9a9f68ec1db422,1/2;527/1000;3/4;797/1000;4/5;7/8;1;5/4;3/2;7/4;2;9/4;5/2;11/4;3;13/4;3497/1000;7/2,1,3497/1000,"(0,0,0)",178_179,
hexagonal,179,P6_522,"(12,19,9)",c_his_not_ours_P2_reproduced,,8f6b3652ccfef570,,1,44/25,"(121/250,-121/250,4/75)",178_179,
hexagonal,179,P6_522,"(13,22,11)",c_his_not_ours_P2_reproduced,,f1e0d6a24a06b752,,1,3497/1000,"(62/125,0,0)",178_179,
hexagonal,179,P6_522,"(14,24,12)",b_ours_not_his,0fef47b559fef709,,27729/8000;3497/1000;7/2,0,,,,
hexagonal,179,P6_522,"(15,23,10)",c_his_not_ours_P2_reproduced,,29f83598c9f23455,,1,3497/1000,"(41/125,0,31/375)",178_179,
hexagonal,179,P6_522,"(15,25,12)",a_ours_in_his,d1f1121757598de0;fcfb951dfb823866,d7d05715f27226eb,3/2;3,1,3497/1000,"(62/125,61/125,1/12)",178_179,
hexagonal,179,P6_522,"(15,26,13)",c_his_not_ours_P2_reproduced,,78d4f549b6980099,,1,2,"(2/5,0,11/300)",178_179,
hexagonal,179,P6_522,"(16,26,12)",c_his_not_ours_P2_reproduced,,0cea04a8f66814e0,,1,797/1000,"(62/125,0,0)",178_179,
hexagonal,179,P6_522,"(16,27,13)",c_his_not_ours_P2_reproduced,,4dc56d72019ce2e1,,1,4/5,"(17/50,1/50,0)",178_179,
hexagonal,179,P6_522,"(18,27,11)",c_his_not_ours_P2_reproduced,,3781e6ffb4480fca,,1,3497/1000,"(21/125,-21/125,7/250)",178_179,
hexagonal,179,P6_522,"(18,28,12)",a_ours_in_his,29148698f93136e6,29148698f93136e6,27/16;7/4;2;9/4;5/2;87/32;11/4;3;103/32;13/4;55/16;3497/1000;7/2,1,3497/1000,"(41/125,0,1/12)",178_179,
hexagonal,179,P6_522,"(18,29,13)",c_his_not_ours_P2_reproduced,,bb3eeb50e1c37ee6,,1,3497/1000,"(83/250,-1/250,0)",178_179,
hexagonal,179,P6_522,"(18,30,14)",a_ours_in_his,161b09808f4c1863;4db369a636f4396b;76108b085b4e40f8,3025fc1ae084cc69,1/2;527/1000;3/4;797/1000;4/5;7/8;1;5/4;3/2;7/4;2;9/4;5/2;11/4;3;13/4;6747/2000;13741/4000;55211/16000,1,4/5,"(8/25,0,1/150)",178_179,
hexagonal,179,P6_522,"(18,31,15)",c_his_not_ours_P2_reproduced,,75ed0d99a1ca0d26,,1,797/1000,"(8/25,-1/25,0)",178_179,
hexagonal,179,P6_522,"(20,31,13)",c_his_not_ours_P2_reproduced,,7f6b3145aa326409,,1,16/5,"(1/2,9/50,3/100)",178_179,
hexagonal,179,P6_522,"(20,32,14)",c_his_not_ours_P2_reproduced,,c23407c24f02fc46,,1,797/1000,"(62/125,0,31/375)",178_179,
hexagonal,179,P6_522,"(20,36,18)",b_ours_not_his,f07d69523ef41b37,,3/2,0,,,,
hexagonal,179,P6_522,"(21,32,13)",c_his_not_ours_P2_reproduced,,6a76b4fcea1180cc,,1,3497/1000,"(1/250,1/250,121/1500)",178_179,
hexagonal,179,P6_522,"(21,33,14)",c_his_not_ours_P2_reproduced,,570720a72da4608d,,1,4/5,"(69/250,61/250,1/15)",178_179,
hexagonal,179,P6_522,"(22,34,14)",a_ours_in_his,7e79f1c38b5516bf;b3981da714598974;f905851c28b76464,b3981da714598974,37/32;19/16;5/4;3/2;97/64;49/32;25/16;13/8;53/32;107/64;27/16;111/64;7/4;2;33/16;17/8;9/4;5/2;21/8;43/16;11/4;23/8;47/16;3;25/8;51/16;205/64;13/4;27/8;109/32;219/64;3497/1000;7/2,1,3497/1000,"(62/125,-62/125,1/12)",178_179,
hexagonal,179,P6_522,"(22,35,15)",c_his_not_ours_P2_reproduced,,4a6f33270c17ba66,,1,3497/1000,"(62/125,61/125,0)",178_179,
hexagonal,179,P6_522,"(22,36,16)",c_his_not_ours_P2_reproduced,,89816521d3ce1f8d,,1,4/5,"(59/250,9/250,1/12)",178_179,
hexagonal,179,P6_522,"(23,35,14)",a_ours_in_his,67c9c7e50c25b4ff,67c9c7e50c25b4ff,11/4;3;13/4;3497/1000;7/2,1,3497/1000,"(1/2,-43/250,41/1500)",178_179,
hexagonal,179,P6_522,"(23,36,15)",a_ours_in_his,8463196a30c6643f,3ec42b021af2f749,2,1,797/1000,"(1/2,23/50,1/150)",178_179,
hexagonal,179,P6_522,"(23,37,16)",c_his_not_ours_P2_reproduced,,c75f7ef66ff4b06b,,1,797/1000,"(3/10,1/10,1/12)",178_179,
hexagonal,179,P6_522,"(24,36,14)",a_ours_in_his,e948828e76447bbb,e948828e76447bbb,77/64;39/32;5/4;3/2;107/64;27/16;7/4;127/64;2;9/4;39/16;5/2;21/8;175/64;11/4;91/32;23/8;93/32;47/16;95/32;3;193/64;97/32;49/16;25/8;103/32;13/4;53729/16000;6747/2000;55211/16000;27729/8000;3497/1000;7/2,1,3497/1000,"(62/125,-62/125,0)",178_179,
hexagonal,179,P6_522,"(24,37,15)",c_his_not_ours_P2_reproduced,,a3e15b01b9793cf0,,1,3497/1000,"(119/250,67/250,1/60)",178_179,
hexagonal,179,P6_522,"(24,38,16)",c_his_not_ours_P2_reproduced,,96db1db2ceed20c0,,1,797/1000,"(1/2,107/250,1/12)",178_179,
hexagonal,179,P6_522,"(25,38,15)",a_ours_in_his,11a9fe078850b5cd,fe31ad168ce3d232,65/32,1,3497/1000,"(1/250,1/250,41/500)",178_179,
hexagonal,179,P6_522,"(25,39,16)",a_ours_in_his,c92eef8763d02d8a,764cb8e1359802de,3/2,1,3497/1000,"(11/25,0,11/150)",178_179,
hexagonal,179,P6_522,"(26,39,15)",a_ours_in_his,59f890334e777569,5ff09c7df2d7975b,9547/16000;977/1600;1277/2000;3/4;797/1000;4/5;7/8;1;17/16;35/32,1,3497/1000,"(53/125,-6/125,53/750)",178_179,
hexagonal,179,P6_522,"(26,40,16)",a_ours_in_his,95934e84555dc2ea,d3c2279edf9fd9d5,1/2;527/1000;1277/2000;5331/8000;2177/3200,1,3497/1000,"(67/250,1/250,23/300)",178_179,
hexagonal,179,P6_522,"(26,41,17)",c_his_not_ours_P2_reproduced,,4e084035f3f784fa,,1,797/1000,"(58/125,0,29/375)",178_179,
hexagonal,179,P6_522,"(27,41,16)",a_ours_in_his,4885ce1e70fa9713,aebb44e6146d2ee8,2777/4000;3/4;797/1000;4/5;7/8;1;17/16,1,3497/1000,"(44/125,-11/125,0)",178_179,
hexagonal,179,P6_522,"(27,42,17)",c_his_not_ours_P2_reproduced,,2cbc5dda5819aedf,,1,4/5,"(23/50,-13/50,1/60)",178_179,
hexagonal,179,P6_522,"(27,43,18)",c_his_not_ours_P2_reproduced,,a77d7b7a9b716163,,1,527/1000,"(56/125,0,28/375)",178_179,
hexagonal,179,P6_522,"(28,42,16)",a_ours_in_his,1a36f90bbc759307;34351050a4f29035;99e39b85a778ce64;b7c0d3d85242db64,86602dcb5a9c3739,1/2;527/1000;3/4;797/1000;4/5;27/32;7/8;57/64;29/32;15/16;1;33/32;17/16;71/64;9/8;37/32;75/64;19/16;39/32;5/4;21/16;11/8;89/64;91/64;23/16;95/64;3/2;97/64;49/32;25/16;101/64;13/8;105/64;53/32;27/16;55/32;7/4;29/16;117/64;15/8;61/32;123/64;31/16;63/32;127/64;2;65/32;131/64;33/16;133/64;67/32;135/64;9/4;147/64;37/16;19/8;5/2;87/32;11/4;3;25/8;51/16;205/64;13/4;13247/4000;26741/8000;6747/2000;13741/4000,1,3497/1000,"(62/125,62/125,31/375)",178_179,
hexagonal,179,P6_522,"(28,44,18)",c_his_not_ours_P2_reproduced,,fee2122be9f75053,,1,797/1000,"(13/50,1/250,1/12)",178_179,
hexagonal,179,P6_522,"(29,44,17)",a_ours_in_his,272aefcd5e48ba49;e19babba732f5fd4,3b9dfad98f70b4e9,69/64;35/32;9/8;19/16;39/32;107/64;27/16;7/4,1,3497/1000,"(41/250,41/250,41/1500)",178_179,
hexagonal,179,P6_522,"(29,45,18)",c_his_not_ours_P2_reproduced,,c1ef2ee15fe4dfbc,,1,7/2,"(9/50,7/50,53/1500)",178_179,
hexagonal,179,P6_522,"(30,45,17)",a_ours_in_his,0948aa6184f13a8a;60eb4282db04fca2,e77398f50b295584,79/64;5/4;11/8;23/16;47/32;95/64,1,3497/1000,"(41/125,41/125,41/750)",178_179,
hexagonal,179,P6_522,"(30,46,18)",a_ours_in_his,254345236188cc50,a347c7296fecdf52,1;9/8;73/64;21/16;11/8;23/16;93/64;47/32;95/64;3/2;97/64;49/32;25/16;13/8;53/32;107/64;27/16;55/32,1,797/1000,"(81/250,-17/250,0)",178_179,
hexagonal,179,P6_522,"(30,47,19)",c_his_not_ours_P2_reproduced,,0105f5c3d7eb0b30,,1,4/5,"(36/125,-16/125,3/500)",178_179,
hexagonal,179,P6_522,"(31,47,18)",a_ours_in_his,dd3fb07fe11d73d3;f5fbebffa76808d5,7726458558997ff1,79/64;5/4;21/16;43/32;87/64;15/8;2;9/4;5/2,1,3497/1000,"(31/250,31/250,17/375)",178_179,
hexagonal,179,P6_522,"(31,48,19)",c_his_not_ours_P2_reproduced,,583c462ad070ba78,,1,797/1000,"(57/250,-3/50,7/100)",178_179,
hexagonal,179,P6_522,"(32,48,18)",a_ours_in_his,0b5d9beb0fc972f6;437fbe758a6dd8e3;a182e87006c7a00d;a35623e347ef03b4;e5760549017956be;f05f0b009e0929f6;f94c2ae7de04a72e,3bb4e5b783529bc7,1/2;1681/3200;527/1000;17/32;4439/8000;9/16;37/64;2331/4000;5/8;1277/2000;21/32;2177/3200;11/16;2777/4000;11331/16000;23/32;5777/8000;3/4;12141/16000;3047/4000;49/64;1547/2000;25/32;12611/16000;6329/8000;797/1000;4/5;103/128;13/16;53/64;55/64;7/8;113/128;57/64;115/128;59/64;15/16;121/128;61/64;31/32;1;65/64;33/32;17/16;69/64;35/32;71/64;9/8;75/64;19/16;77/64;39/32;79/64;5/4;81/64;41/32;83/64;21/16;11/8;45/32;23/16;93/64;47/32;95/64;3/2;97/64;49/32;25/16;51/32;13/8;53/32;107/64;111/64;7/4;59/32;15/8;31/16;63/32;2;129/64;65/32;33/16;67/32;17/8;35/16;71/32;143/64;9/4;73/32;19/8;77/32;155/64;5/2;41/16;83/32;21/8;43/16;173/64;87/32;11/4;45/16;23/8;185/64;47/16;189/64;95/32;191/64,1,3497/1000,"(19/50,19/50,19/300)",178_179,
hexagonal,179,P6_522,"(32,49,19)",c_his_not_ours_P2_reproduced,,5f94bfbbf6c2206d,,1,3497/1000,"(29/125,12/125,1/300)",178_179,
hexagonal,179,P6_522,"(32,50,20)",c_his_not_ours_P2_reproduced,,00b550bf2c6b23c9,,1,2,"(1/10,-9/250,47/750)",178_179,
hexagonal,179,P6_522,"(33,50,19)",c_his_not_ours_P2_reproduced,,f562917334ad0ef2,,1,3497/1000,"(91/250,-3/10,91/1500)",178_179,
hexagonal,179,P6_522,"(33,51,20)",c_his_not_ours_P2_reproduced,,f44bbd1465d53ace,,1,797/1000,"(69/250,-1/50,2/25)",178_179,
hexagonal,179,P6_522,"(34,51,19)",c_his_not_ours_P2_reproduced,,ffdd004bb36a3753,,1,3497/1000,"(7/50,7/50,37/750)",178_179,
hexagonal,179,P6_522,"(34,52,20)",c_his_not_ours_P2_reproduced,,9ce7c2c9f9c5d7cf,,1,797/1000,"(81/250,-11/250,0)",178_179,
hexagonal,179,P6_522,"(35,53,20)",c_his_not_ours_P2_reproduced,,641eee6160b8d2f9,,1,3497/1000,"(77/250,-1/250,77/1500)",178_179,
hexagonal,179,P6_522,"(35,54,21)",c_his_not_ours_P2_reproduced,,e8ef0f219bf40a91,,1,4/5,"(34/125,18/125,39/500)",178_179,
hexagonal,179,P6_522,"(36,54,20)",a_ours_in_his,2d654c836f3731c6;9be0f2271a14b6a9;a348875c3f707895;b0f80776885f3ae1;dcc38ea9177089b9,b3a4321d9c054113,1/2;1027/2000;33/64;2081/4000;4189/8000;527/1000;1731/3200;2331/4000;19/32;977/1600;9993/16000;5/8;1277/2000;21/32;5331/8000;43/64;11/16;2777/4000;45/64;11331/16000;23/32;3/4;6047/8000;1547/2000;25/32;3141/4000;6329/8000;2541/3200;51/64;797/1000;4/5;259/320;131/160;527/640;53/64;67/80;7/8;113/128;57/64;29/32;117/128;15/16;121/128;61/64;31/32;127/128;1;65/64;33/32;67/64;17/16;69/64;35/32;71/64;9/8;73/64;37/32;19/16;39/32;79/64;5/4,1,3497/1000,"(1/2,27/250,19/375)",178_179,
hexagonal,179,P6_522,"(36,55,21)",c_his_not_ours_P2_reproduced,,e7ff1a2051e9f17c,,1,163/200,"(3/125,-1/125,1/20)",178_179,
hexagonal,179,P6_522,"(37,56,21)",c_his_not_ours_P2_reproduced,,4e1f5214a4adb987,,1,3497/1000,"(1/2,43/250,37/1500)",178_179,
hexagonal,179,P6_522,"(37,57,22)",c_his_not_ours_P2_reproduced,,1b1ac6860317aea8,,1,797/1000,"(57/250,-3/250,2/25)",178_179,
hexagonal,179,P6_522,"(38,57,21)",c_his_not_ours_P2_reproduced,,217a3f53e486be74,,1,3497/1000,"(1/2,21/250,73/1500)",178_179,
hexagonal,179,P6_522,"(38,58,22)",c_his_not_ours_P2_reproduced,,6c478d9f4d0f278a,,1,797/1000,"(3/10,-9/250,11/150)",178_179,
hexagonal,179,P6_522,"(39,59,22)",c_his_not_ours_P2_reproduced,,3d2db38aa64f9ca3,,1,797/1000,"(38/125,-6/125,19/375)",178_179,
hexagonal,179,P6_522,"(39,60,23)",c_his_not_ours_P2_reproduced,,2534a020743abfa0,,1,797/1000,"(27/125,-1/125,39/500)",178_179,
hexagonal,179,P6_522,"(40,60,22)",a_ours_in_his,095ce61d28388c98;59585d778cb3a7a4,b7e607ffe0fdc6a6,17/32;9/16;5/8;21/32;43/64;11/16;23/32;5777/8000;3/4;51/64;797/1000;4/5;13/16;53/64;533/640;67/80;7/8;57/64;115/128;29/32;59/64;15/16;61/64;31/32;63/64;1;65/64;33/32;17/16;35/32;9/8;73/64;37/32;19/16;39/32;5/4;21/16;43/32;87/64;11/8;45/32,1,3497/1000,"(1/2,41/250,13/500)",178_179,
hexagonal,179,P6_522,"(40,61,23)",c_his_not_ours_P2_reproduced,,e4ff2fde16abc8a8,,1,977/1000,"(4/125,-3/125,1/60)",178_179,
hexagonal,179,P6_522,"(40,63,25)",c_his_not_ours_P2_reproduced,,251255122a674c71,,1,7/5,"(53/250,-21/250,71/1500)",178_179,
hexagonal,179,P6_522,"(41,62,23)",c_his_not_ours_P2_reproduced,,607485f56aa8a15d,,1,797/1000,"(38/125,-2/125,29/375)",178_179,
hexagonal,179,P6_522,"(41,63,24)",c_his_not_ours_P2_reproduced,,5270cc35c7f3cb4a,,1,797/1000,"(19/250,-1/250,2/25)",178_179,
hexagonal,179,P6_522,"(42,63,23)",c_his_not_ours_P2_reproduced,,a23144f3446070e6,,1,797/1000,"(113/250,-7/50,0)",178_179,
hexagonal,179,P6_522,"(42,64,24)",c_his_not_ours_P2_reproduced,,07888e42546a9b84,,1,833/1000,"(69/250,-23/250,1/20)",178_179,
hexagonal,179,P6_522,"(43,65,24)",c_his_not_ours_P2_reproduced,,f3d091d044676870,,1,797/1000,"(3/10,-9/250,1/20)",178_179,
hexagonal,179,P6_522,"(43,66,25)",c_his_not_ours_P2_reproduced,,451922f6a8f9ace7,,1,797/1000,"(28/125,-2/125,39/500)",178_179,
hexagonal,179,P6_522,"(44,66,24)",a_ours_in_his,c49077384aaebeb0,7069f26515a08a42,15/16;31/32;63/64;79/64;5/4;41/32;83/64;11/8;91/64;23/16;47/32;95/64,1,797/1000,"(56/125,-14/125,0)",178_179,
hexagonal,179,P6_522,"(44,67,25)",c_his_not_ours_P2_reproduced,,1a1b752574b512ca,,1,827/1000,"(6/25,-24/125,1/60)",178_179,
hexagonal,179,P6_522,"(45,68,25)",c_his_not_ours_P2_reproduced,,474638eca25a6073,,1,797/1000,"(77/250,-3/250,119/1500)",178_179,
hexagonal,179,P6_522,"(45,69,26)",c_his_not_ours_P2_reproduced,,5eaee276b5277410,,1,797/1000,"(67/250,-3/250,2/25)",178_179,
hexagonal,179,P6_522,"(46,69,25)",c_his_not_ours_P2_reproduced,,ff22a43e897caad0,,1,797/1000,"(3/10,-7/250,1/20)",178_179,
hexagonal,179,P6_522,"(46,70,26)",c_his_not_ours_P2_reproduced,,366f9f1830be3cd4,,1,163/200,"(69/250,-23/250,1/20)",178_179,
hexagonal,179,P6_522,"(46,71,27)",c_his_not_ours_P2_reproduced,,1e674842eb46578a,,1,4/5,"(1/25,-2/125,1/20)",178_179,
hexagonal,179,P6_522,"(46,72,28)",c_his_not_ours_P2_reproduced,,2f099abc40bbd6ad,,1,4/5,"(73/250,-3/50,49/750)",178_179,
hexagonal,179,P6_522,"(47,71,26)",c_his_not_ours_P2_reproduced,,32d6e1b3875bdb7f,,1,797/1000,"(69/250,-27/250,23/500)",178_179,
hexagonal,179,P6_522,"(47,72,27)",c_his_not_ours_P2_reproduced,,56aa43bf241a494e,,1,797/1000,"(37/125,-1/125,2/25)",178_179,
hexagonal,179,P6_522,"(48,72,26)",c_his_not_ours_P2_reproduced,,bc8ccd9f9279add2,,1,797/1000,"(34/125,-12/125,17/375)",178_179,
hexagonal,179,P6_522,"(48,73,27)",c_his_not_ours_P2_reproduced,,d782c9fef7d418d5,,1,797/1000,"(6/25,-24/125,1/60)",178_179,
hexagonal,179,P6_522,"(49,74,27)",c_his_not_ours_P2_reproduced,,c75fdd568b1ab948,,1,797/1000,"(3/10,-3/250,2/25)",178_179,
hexagonal,179,P6_522,"(49,75,28)",c_his_not_ours_P2_reproduced,,7cdcfbca735e67c1,,1,797/1000,"(11/250,-3/250,4/75)",178_179,
hexagonal,179,P6_522,"(50,75,27)",c_his_not_ours_P2_reproduced,,a9d2eec59c194286,,1,797/1000,"(33/125,-16/125,11/250)",178_179,
hexagonal,179,P6_522,"(51,77,28)",c_his_not_ours_P2_reproduced,,7542b324e3d7a650,,1,797/1000,"(69/250,-1/10,23/500)",178_179,
hexagonal,179,P6_522,"(51,78,29)",c_his_not_ours_P2_reproduced,,1d2eeb5b01fe2048,,1,4/5,"(29/125,-14/125,1/25)",178_179,
hexagonal,179,P6_522,"(52,78,28)",c_his_not_ours_P2_reproduced,,6730cd693b907c98,,1,797/1000,"(34/125,-13/125,17/375)",178_179,
hexagonal,179,P6_522,"(53,80,29)",c_his_not_ours_P2_reproduced,,0d9561b441b4320a,,1,797/1000,"(6/125,-2/125,1/20)",178_179,
hexagonal,179,P6_522,"(54,81,29)",c_his_not_ours_P2_reproduced,,4947b9d04351e885,,1,797/1000,"(67/250,-1/10,67/1500)",178_179,
hexagonal,179,P6_522,"(55,83,30)",c_his_not_ours_P2_reproduced,,140ca3f6246b6e73,,1,797/1000,"(33/125,-17/125,13/375)",178_179,
hexagonal,179,P6_522,"(56,84,30)",c_his_not_ours_P2_reproduced,,1fe535f47b4790e5,,1,797/1000,"(67/250,-27/250,67/1500)",178_179,
hexagonal,179,P6_522,"(57,86,31)",c_his_not_ours_P2_reproduced,,879261f283ff9c39,,1,1031/1000,"(51/250,-49/250,1/300)",178_179,
hexagonal,179,P6_522,"(58,87,31)",c_his_not_ours_P2_reproduced,,29f164df1545bc91,,1,797/1000,"(32/125,-3/25,16/375)",178_179,
hexagonal,179,P6_522,"(60,90,32)",c_his_not_ours_P2_reproduced,,0f1b125c3e091c75,,1,797/1000,"(34/125,-14/125,17/375)",178_179,
hexagonal,179,P6_522,"(62,93,33)",c_his_not_ours_P2_reproduced,,e82682005af325dc,,1,103/125,"(57/250,-51/250,7/750)",178_179,
hexagonal,179,P6_522,"(64,96,34)",c_his_not_ours_P2_reproduced,,e6afa68429fe25b0,,1,163/200,"(32/125,-19/125,43/1500)",178_179,
hexagonal,180,P6_222,"(6,9,5)",b_ours_not_his,a1053191a6317676,,1/2;527/1000;3/4;797/1000;4/5;7/8;1;5/4;3/2;7/4;2;9/4;5/2;11/4;3;13/4;3497/1000;7/2,0,,,,
hexagonal,180,P6_222,"(9,14,7)",c_his_not_ours_P2_reproduced,,09db8da0e3d736f9,,1,3497/1000,"(62/125,0,0)",180_181,
hexagonal,180,P6_222,"(9,15,8)",c_his_not_ours_P2_reproduced,,ed5ed6f70742f3bd,,1,3497/1000,"(62/125,62/125,0)",180_181,
hexagonal,180,P6_222,"(9,16,9)",b_ours_not_his,fa9c370d30741970,,3/2,0,,,,
hexagonal,180,P6_222,"(11,17,8)",c_his_not_ours_P2_reproduced,,106d395ff6b33d4d,,1,797/1000,"(62/125,0,0)",180_181,
hexagonal,180,P6_222,"(11,18,9)",c_his_not_ours_P2_reproduced,,422e1ee85f61c7b6,,1,797/1000,"(107/250,107/250,0)",180_181,
hexagonal,180,P6_222,"(11,19,10)",c_his_not_ours_P2_reproduced,,5dffaabbbc16f03e,,1,4/5,"(12/25,-12/25,23/300)",180_181,
hexagonal,180,P6_222,"(11,20,11)",b_ours_not_his,457c20cf036ae496,,3/2,0,,,,
hexagonal,180,P6_222,"(12,18,8)",a_ours_in_his,fd9a9f68ec1db422,fd9a9f68ec1db422,1/2;527/1000;3/4;797/1000;4/5;7/8;1;5/4;3/2;7/4;2;9/4;5/2;11/4;3;13/4;3497/1000;7/2,1,3497/1000,"(0,0,0)",180_181,
hexagonal,180,P6_222,"(12,19,9)",b_ours_not_his,03b5c7cc17c5e015;8f6b3652ccfef570,,97/64;49/32;25/16;13/8;7/4;2;9/4;5/2;11/4;3;13/4;3497/1000;7/2,0,,,,
hexagonal,180,P6_222,"(12,23,13)",b_ours_not_his,ac1d4522145eba72,,3/4,0,,,,
hexagonal,180,P6_222,"(13,22,11)",a_ours_in_his,54909494e08efe19;f1e0d6a24a06b752,54909494e08efe19,21/16;11/8;3/2;97/64;49/32;25/16;13/8;7/4;2;9/4;5/2;11/4;3;13/4;3497/1000;7/2,1,3497/1000,"(62/125,-1/125,0)",180_181,
hexagonal,180,P6_222,"(14,22,10)",c_his_not_ours_readonly_reproduced_cell_stored,,,,1,3497/1000,"(83/250,1/250,83/1500)",180_181,7dd584f7924de471
hexagonal,180,P6_222,"(14,23,11)",c_his_not_ours_P2_reproduced,,45cb5c5233427d61,,1,1/2,"(123/250,119/250,17/750)",180_181,
hexagonal,180,P6_222,"(15,23,10)",c_his_not_ours_P2_reproduced,,40d6eaf8ed9f4dbd,,1,3497/1000,"(62/125,-62/125,1/12)",180_181,
hexagonal,180,P6_222,"(15,26,13)",c_his_not_ours_P2_reproduced,,3a6586865a039233,,1,4/5,"(93/250,-93/250,1/30)",180_181,
hexagonal,180,P6_222,"(15,27,14)",c_his_not_ours_readonly_reproduced_cell_stored,,,,1,4/5,"(47/125,0,1/60)",180_181,6b03d68d8d6171af
hexagonal,180,P6_222,"(16,25,11)",c_his_not_ours_P2_reproduced,,28f754a17236ade8,,1,3497/1000,"(62/125,61/125,31/375)",180_181,
hexagonal,180,P6_222,"(16,26,12)",a_ours_in_his,0cea04a8f66814e0;dc51033babc85fc2,dc51033babc85fc2,1/2;527/1000;2777/4000;3/4;797/1000;4/5;7/8;1;5/4;41/32;83/64;11/8;23/16;47/32;95/64,1,797/1000,"(23/50,-3/10,0)",180_181,
hexagonal,180,P6_222,"(16,27,13)",a_ours_in_his,4dc56d72019ce2e1;683431bb18c151a5,683431bb18c151a5,1/2;527/1000;1277/2000;5331/8000;2177/3200;3/4,1,797/1000,"(44/125,-43/125,0)",180_181,
hexagonal,180,P6_222,"(17,29,14)",c_his_not_ours_readonly_reproduced_cell_stored,,,,1,7/2,"(38/125,38/125,3/125)",180_181,7576968c4324ffe3
hexagonal,180,P6_222,"(18,27,11)",b_ours_not_his,3781e6ffb4480fca,,111/64;7/4;2;17/8;9/4;5/2;11/4;3;193/64;97/32;49/16;25/8;13/4;3497/1000;7/2,0,,,,
hexagonal,180,P6_222,"(18,29,13)",a_ours_in_his,bb3eeb50e1c37ee6,bb3eeb50e1c37ee6,59/64;15/16;1;19/16;5/4;11/8;3/2;7/4;2;9/4;5/2;11/4;3;13/4;3497/1000;7/2,1,3497/1000,"(83/250,-1/250,0)",180_181,
hexagonal,180,P6_222,"(18,30,14)",a_ours_in_his,4db369a636f4396b;9bf0299ebc6762cc,d3f7f7667d5b1026,3/4;3/2;3,1,797/1000,"(49/125,-49/125,1/12)",180_181,
hexagonal,180,P6_222,"(18,31,15)",a_ours_in_his,75ed0d99a1ca0d26,75ed0d99a1ca0d26,1/2;527/1000;1277/2000;2777/4000;5777/8000;11777/16000;3/4;7/8;29/32,1,797/1000,"(71/250,-37/250,0)",180_181,
hexagonal,180,P6_222,"(19,30,13)",c_his_not_ours_P2_reproduced,,92965ea970aa430a,,1,797/1000,"(62/125,-1/125,0)",180_181,
hexagonal,180,P6_222,"(19,31,14)",c_his_not_ours_P2_reproduced,,a5350e795ad47e82,,1,3497/1000,"(62/125,12/25,0)",180_181,
hexagonal,180,P6_222,"(20,31,13)",b_ours_not_his,6a892fdc51b24155,,12047/16000;6047/8000;3047/4000;1547/2000;797/1000;4/5;7/8;1;5/4;11/8;23/16;47/32;95/64,0,,,,
hexagonal,180,P6_222,"(20,32,14)",a_ours_in_his,c23407c24f02fc46,,1/2;527/1000;3/4;797/1000;4/5;7/8;1;9/8;19/16;39/32;5/4;21/16;85/64,1,3497/1000,"(123/250,123/250,1/1500)",180_181,9525899c411056fa
hexagonal,180,P6_222,"(20,33,15)",a_ours_in_his,5ecea070beaf2efa,,3/4,1,3497/1000,"(62/125,0,11/375)",180_181,6e1c279805390881
hexagonal,180,P6_222,"(21,33,14)",c_his_not_ours_readonly_reproduced_cell_stored,,,,1,797/1000,"(109/250,-77/250,109/1500)",180_181,ef777e629db11061
hexagonal,180,P6_222,"(21,34,15)",c_his_not_ours_readonly_reproduced_cell_stored,,,,1,3497/1000,"(4/25,4/25,2/75)",180_181,52f9e465a88e02ac
hexagonal,180,P6_222,"(22,34,14)",a_ours_in_his,8e6a80eb6f0f31a9;c57d8f62f90c0cf0,8e6a80eb6f0f31a9,39/64;5/8;3/4;533/640;67/80;7/8;127/128;1;9/8;39/32;5/4;21/16;11/8;91/64;23/16;93/64;47/32;95/64;3/2;7/4;2;9/4;5/2;11/4;3;13/4;3497/1000;7/2,1,3497/1000,"(62/125,-62/125,0)",180_181,
hexagonal,180,P6_222,"(22,35,15)",a_ours_in_his,257b627a90b78038;4a6f33270c17ba66;df40917011e94d04,4a6f33270c17ba66,1731/3200;4439/8000;2331/4000;1277/2000;3/4;12047/16000;6047/8000;3047/4000;49/64;1547/2000;25/32;797/1000;4/5;13/16;7/8;29/32;117/128;59/64;15/16;1;17/16;9/8;73/64;37/32;75/64;19/16;79/64;5/4;21/16;43/32;87/64;11/8;3/2;13/8;27/16;55/32;7/4;2;33/16;67/32;135/64;9/4;5/2;11/4;23/8;47/16;95/32;191/64;3;13/4;3497/1000;7/2,1,3497/1000,"(62/125,61/125,0)",180_181,
hexagonal,180,P6_222,"(23,36,15)",a_ours_in_his,4b3b208f06666863,,3/4,1,3497/1000,"(62/125,-61/125,1/1500)",180_181,0356e39f6df73395
hexagonal,180,P6_222,"(24,36,14)",b_ours_not_his,e948828e76447bbb,,97/64;49/32;25/16;13/8;7/4;2;9/4;5/2;11/4;3;193/64;97/32;49/16;25/8;13/4;27729/8000;3497/1000;7/2,0,,,,
hexagonal,180,P6_222,"(24,37,15)",c_his_not_ours_P2_reproduced,,5e6e440551f01448,,1,797/1000,"(62/125,4/125,0)",180_181,
hexagonal,180,P6_222,"(24,38,16)",a_ours_in_his,96db1db2ceed20c0,96db1db2ceed20c0,1/2;527/1000;2331/4000;977/1600;5/8;1277/2000;21/32;43/64;2777/4000;5777/8000;11777/16000;3/4;25/32;51/64;797/1000;4/5;67/80;137/160;277/320;7/8;29/32;117/128;15/16;61/64;123/128;1,1,797/1000,"(89/250,-89/250,0)",180_181,
hexagonal,180,P6_222,"(25,39,16)",a_ours_in_his,ce4b84e9cad35f0a,,3,1,7/2,"(34/125,-3/125,4/375)",180_181,ea936ae21d441585
hexagonal,180,P6_222,"(26,39,15)",a_ours_in_his,59f890334e777569,,1/2;527/1000;4439/8000;9101/16000;5/8;1277/2000;5331/8000;2177/3200;2777/4000;5777/8000;11777/16000;3/4;49/64,1,797/1000,"(79/250,-3/250,79/1500)",180_181,59f890334e777569
hexagonal,180,P6_222,"(26,40,16)",c_his_not_ours_readonly_reproduced_cell_stored,,,,1,3497/1000,"(1/2,121/250,1/1500)",180_181,8430e7743b5ddeed
hexagonal,180,P6_222,"(27,42,17)",c_his_not_ours_readonly_reproduced_cell_stored,,,,1,7/2,"(21/50,-33/250,3/125)",180_181,ed4d1cdf15633bb1
hexagonal,180,P6_222,"(28,42,16)",a_ours_in_his,1a36f90bbc759307;2a139a0af47705e5;5a0120ccceb4ecc4,,1/2;527/1000;1731/3200;4439/8000;9/16;2331/4000;19/32;9993/16000;1277/2000;11/16;3/4;12047/16000;6047/8000;3047/4000;49/64;1547/2000;25/32;797/1000;4/5;13/16;131/160;53/64;557/640;7/8;59/64;15/16;31/32;63/64;1;65/64;33/32;67/64;17/16;35/32;71/64;9/8;19/16;77/64;5/4;41/32;83/64;21/16;43/32;87/64;11/8;45/32;23/16;47/32;95/64;3/2;13/8;27/16;55/32;7/4;2;33/16;67/32;135/64,1,3497/1000,"(1/2,-1/50,1/25)",180_181,2a139a0af47705e5
hexagonal,180,P6_222,"(29,44,17)",c_his_not_ours_readonly_reproduced_cell_stored,,,,1,1037/1000,"(46/125,26/125,1/15)",180_181,548f98c25d7dd1e0
hexagonal,180,P6_222,"(29,45,18)",c_his_not_ours_readonly_reproduced_cell_stored,,,,1,4/5,"(62/125,48/125,1/60)",180_181,99ef4fc6720ffa5d
hexagonal,180,P6_222,"(30,45,17)",a_ours_in_his,303d3c41bbb6461d;56b1d49a0766cc47;5c6382a9ef3bc209,,1/2;2331/4000;5/8;1277/2000;41/64;21/32;11/16;2777/4000;23/32;47/64;3/4;12047/16000;6047/8000;3047/4000;1547/2000;25/32;797/1000;4/5;13/16;7/8;29/32;117/128;1;33/32;67/64;9/8;37/32;75/64;5/4;41/32;83/64;111/64;7/4;2;9/4;5/2;11/4;23/8;47/16;95/32;191/64,1,3497/1000,"(51/250,27/250,17/500)",180_181,56b1d49a0766cc47
hexagonal,180,P6_222,"(31,47,18)",c_his_not_ours_readonly_reproduced_cell_stored,,,,1,239/250,"(44/125,19/125,2/25)",180_181,c9def3cd6baea0bf
hexagonal,180,P6_222,"(31,48,19)",c_his_not_ours_readonly_reproduced_cell_stored,,,,1,7/2,"(12/25,6/125,3/125)",180_181,b7ef0f94aba2ed89
hexagonal,180,P6_222,"(32,48,18)",a_ours_in_his,e0bf1a48f096c10d;e5760549017956be;f14a8c4e7c5b3e3a,73eebfae87099611,115/128;29/32;15/16;1;33/32;67/64;17/16;9/8;5/4;11/8;23/16;47/32;95/64;13/8;7/4;2;17/8;9/4;5/2;11/4;23/8;47/16;95/32;191/64;3;193/64;97/32;49/16;25/8;13/4;6747/2000;13741/4000;55211/16000;3497/1000;7/2,1,3497/1000,"(62/125,1/125,31/375)",180_181,
hexagonal,180,P6_222,"(33,50,19)",c_his_not_ours_readonly_reproduced_cell_stored,,,,1,797/1000,"(91/250,69/250,1/12)",180_181,d576e34a75c5486d
hexagonal,180,P6_222,"(33,51,20)",c_his_not_ours_readonly_reproduced_cell_stored,,,,1,7/2,"(38/125,16/125,2/125)",180_181,d3cab063f07b542b
hexagonal,180,P6_222,"(34,51,19)",a_ours_in_his,1f08da5f6863d52a;364e84ece2d20d22;7311ebf1145936e7,,41/64;21/32;11/16;23/32;47/64;797/1000;4/5;7/8;57/64;59/64;15/16;1;33/32;67/64;17/16;9/8;19/16;5/4;41/32;83/64,1,3497/1000,"(51/250,29/250,17/500)",180_181,67d482ba9032f1f3
hexagonal,180,P6_222,"(34,53,21)",c_his_not_ours_readonly_reproduced_cell_stored,,,,1,4/5,"(38/125,-17/125,1/20)",180_181,84921e8510cd5928
hexagonal,180,P6_222,"(35,53,20)",c_his_not_ours_readonly_reproduced_cell_stored,,,,1,797/1000,"(17/50,3/50,1/30)",180_181,d7205a2af75f3a5d
hexagonal,180,P6_222,"(35,54,21)",c_his_not_ours_readonly_reproduced_cell_stored,,,,1,797/1000,"(89/250,41/250,1/12)",180_181,3376116a2ea4e253
hexagonal,180,P6_222,"(36,54,20)",a_ours_in_his,261f28c9d7f6135a;8126183cde7ea2f3,,73/64;37/32;19/16;5/4;3/2;97/64;25/16;51/32,1,3497/1000,"(51/250,33/250,17/500)",180_181,3b621bdbd8e8299d
hexagonal,180,P6_222,"(37,56,21)",c_his_not_ours_readonly_reproduced_cell_stored,,,,1,797/1000,"(17/50,13/50,1/20)",180_181,e9f44af869caa1b9
hexagonal,180,P6_222,"(37,57,22)",c_his_not_ours_readonly_reproduced_cell_stored,,,,1,797/1000,"(52/125,49/125,1/12)",180_181,8bd6a83d55f18ed6
hexagonal,180,P6_222,"(38,57,21)",a_ours_in_his,54ec9db30372ac68,,9993/16000;1277/2000;3/4;1547/2000;3141/4000;6329/8000;2541/3200,1,3497/1000,"(11/125,-2/125,11/750)",180_181,29d339694a25bff4
hexagonal,180,P6_222,"(39,59,22)",c_his_not_ours_readonly_reproduced_cell_stored,,,,1,3497/1000,"(91/250,73/250,1/150)",180_181,70de5928430e4dfa
hexagonal,180,P6_222,"(39,60,23)",c_his_not_ours_readonly_reproduced_cell_stored,,,,1,797/1000,"(2/5,9/25,1/15)",180_181,93562a81bb92cc58
hexagonal,180,P6_222,"(40,60,22)",a_ours_in_his,dd68dc31f1bba1af,,49/32;99/64,1,3497/1000,"(51/250,31/250,17/500)",180_181,64fc858ce31f237e
hexagonal,180,P6_222,"(41,62,23)",c_his_not_ours_readonly_reproduced_cell_stored,,,,1,797/1000,"(37/125,-18/125,1/30)",180_181,d5a14515db2d8250
hexagonal,180,P6_222,"(41,63,24)",c_his_not_ours_readonly_reproduced_cell_stored,,,,1,7/2,"(38/125,31/125,4/375)",180_181,c4ec28114da0d78d
hexagonal,180,P6_222,"(42,63,23)",a_ours_in_his,3d920f206ca7a132,,1/2;527/1000;2331/4000,1,3497/1000,"(19/50,-37/250,29/1500)",180_181,48f3d1fe4be770c7
hexagonal,180,P6_222,"(43,65,24)",c_his_not_ours_readonly_reproduced_cell_stored,,,,1,5/4,"(87/250,33/250,1/30)",180_181,f0839c8e1fb11aaf
hexagonal,180,P6_222,"(43,66,25)",c_his_not_ours_readonly_reproduced_cell_stored,,,,1,797/1000,"(9/25,8/25,1/12)",180_181,e0211b03b98be76b
hexagonal,180,P6_222,"(44,66,24)",a_ours_in_his,b24fc960c48a9c3c,,9547/16000;977/1600,1,3497/1000,"(11/25,49/125,1/1500)",180_181,ab408b51ce561d60
hexagonal,180,P6_222,"(45,68,25)",c_his_not_ours_readonly_reproduced_cell_stored,,,,1,797/1000,"(49/125,44/125,1/15)",180_181,cf1c666e448aec63
hexagonal,180,P6_222,"(45,69,26)",c_his_not_ours_readonly_reproduced_cell_stored,,,,1,2,"(33/125,6/25,9/125)",180_181,5cc36d137c7f7ea3
hexagonal,180,P6_222,"(46,69,25)",c_his_not_ours_readonly_reproduced_cell_stored,,,,1,3497/1000,"(99/250,63/250,1/1500)",180_181,0354bcf48e5bebdd
hexagonal,180,P6_222,"(47,71,26)",c_his_not_ours_readonly_reproduced_cell_stored,,,,1,1289/1000,"(37/125,-28/125,1/15)",180_181,ebc3cb62fc458909
hexagonal,180,P6_222,"(48,72,26)",c_his_not_ours_readonly_reproduced_cell_stored,,,,1,3497/1000,"(47/125,19/125,1/750)",180_181,66fff2600d007e47
hexagonal,180,P6_222,"(50,75,27)",c_his_not_ours_readonly_reproduced_cell_stored,,,,1,3497/1000,"(51/125,31/125,1/1500)",180_181,997f6bb57a677b06
hexagonal,180,P6_222,"(52,78,28)",c_his_not_ours_readonly_reproduced_cell_stored,,,,1,3497/1000,"(9/25,17/125,1/300)",180_181,06add8f1c3ab58b2
hexagonal,180,P6_222,"(54,81,29)",c_his_not_ours_readonly_reproduced_cell_stored,,,,1,3497/1000,"(87/250,23/250,1/500)",180_181,fd698eb31be754ab
hexagonal,180,P6_222,"(56,84,30)",c_his_not_ours_readonly_reproduced_cell_stored,,,,1,607/500,"(34/125,-31/125,67/1500)",180_181,37a9ed6e464c98df
hexagonal,181,P6_422,"(6,9,5)",b_ours_not_his,a1053191a6317676,,1/2;527/1000;3/4;797/1000;4/5;7/8;1;5/4;3/2;7/4;2;9/4;5/2;11/4;3;13/4;3497/1000;7/2,0,,,,
hexagonal,181,P6_422,"(9,14,7)",c_his_not_ours_P2_reproduced,,09db8da0e3d736f9,,1,3497/1000,"(62/125,0,0)",180_181,
hexagonal,181,P6_422,"(9,15,8)",c_his_not_ours_P2_reproduced,,ed5ed6f70742f3bd,,1,3497/1000,"(62/125,62/125,0)",180_181,
hexagonal,181,P6_422,"(9,16,9)",b_ours_not_his,fa9c370d30741970,,3/2,0,,,,
hexagonal,181,P6_422,"(11,17,8)",c_his_not_ours_P2_reproduced,,106d395ff6b33d4d,,1,797/1000,"(62/125,0,0)",180_181,
hexagonal,181,P6_422,"(11,18,9)",c_his_not_ours_P2_reproduced,,422e1ee85f61c7b6,,1,797/1000,"(107/250,107/250,0)",180_181,
hexagonal,181,P6_422,"(11,19,10)",c_his_not_ours_P2_reproduced,,5dffaabbbc16f03e,,1,4/5,"(12/25,-12/25,23/300)",180_181,
hexagonal,181,P6_422,"(11,20,11)",b_ours_not_his,457c20cf036ae496,,3/2,0,,,,
hexagonal,181,P6_422,"(12,18,8)",a_ours_in_his,fd9a9f68ec1db422,fd9a9f68ec1db422,1/2;527/1000;3/4;797/1000;4/5;7/8;1;5/4;3/2;7/4;2;9/4;5/2;11/4;3;13/4;3497/1000;7/2,1,3497/1000,"(0,0,0)",180_181,
hexagonal,181,P6_422,"(12,19,9)",b_ours_not_his,03b5c7cc17c5e015;8f6b3652ccfef570,,97/64;49/32;25/16;13/8;7/4;2;9/4;5/2;11/4;3;13/4;3497/1000;7/2,0,,,,
hexagonal,181,P6_422,"(12,23,13)",b_ours_not_his,ac1d4522145eba72,,3/4,0,,,,
hexagonal,181,P6_422,"(13,22,11)",a_ours_in_his,54909494e08efe19;f1e0d6a24a06b752,54909494e08efe19,31/32;1;5/4;3/2;97/64;49/32;25/16;13/8;7/4;2;9/4;5/2;11/4;3;13/4;3497/1000;7/2,1,3497/1000,"(62/125,-1/125,0)",180_181,
hexagonal,181,P6_422,"(14,22,10)",c_his_not_ours_P2_reproduced,,7dd584f7924de471,,1,3497/1000,"(83/250,1/250,83/1500)",180_181,
hexagonal,181,P6_422,"(14,23,11)",c_his_not_ours_P2_reproduced,,45cb5c5233427d61,,1,1/2,"(123/250,119/250,17/750)",180_181,
hexagonal,181,P6_422,"(15,23,10)",c_his_not_ours_P2_reproduced,,40d6eaf8ed9f4dbd,,1,3497/1000,"(62/125,-62/125,1/12)",180_181,
hexagonal,181,P6_422,"(15,26,13)",c_his_not_ours_P2_reproduced,,3a6586865a039233,,1,4/5,"(93/250,-93/250,1/30)",180_181,
hexagonal,181,P6_422,"(15,27,14)",c_his_not_ours_P2_reproduced,,6b03d68d8d6171af,,1,4/5,"(47/125,0,1/60)",180_181,
hexagonal,181,P6_422,"(16,25,11)",c_his_not_ours_P2_reproduced,,28f754a17236ade8,,1,3497/1000,"(62/125,61/125,31/375)",180_181,
hexagonal,181,P6_422,"(16,26,12)",a_ours_in_his,0cea04a8f66814e0,dc51033babc85fc2,1/2;527/1000;3/4;797/1000;4/5;7/8;1;5/4;11/8;23/16;47/32;95/64,1,797/1000,"(23/50,-3/10,0)",180_181,
hexagonal,181,P6_422,"(16,27,13)",a_ours_in_his,4dc56d72019ce2e1,683431bb18c151a5,3/4,1,797/1000,"(44/125,-43/125,0)",180_181,
hexagonal,181,P6_422,"(17,29,14)",c_his_not_ours_P2_reproduced,,7576968c4324ffe3,,1,7/2,"(38/125,38/125,3/125)",180_181,
hexagonal,181,P6_422,"(18,27,11)",b_ours_not_his,3781e6ffb4480fca,,111/64;7/4;2;17/8;9/4;5/2;11/4;3;193/64;97/32;49/16;25/8;13/4;3497/1000;7/2,0,,,,
hexagonal,181,P6_422,"(18,29,13)",a_ours_in_his,bb3eeb50e1c37ee6,bb3eeb50e1c37ee6,59/64;15/16;1;19/16;5/4;11/8;3/2;7/4;2;9/4;5/2;11/4;3;13/4;3497/1000;7/2,1,3497/1000,"(83/250,-1/250,0)",180_181,
hexagonal,181,P6_422,"(18,30,14)",a_ours_in_his,4db369a636f4396b;9bf0299ebc6762cc,d3f7f7667d5b1026,3/4;3/2;3,1,797/1000,"(49/125,-49/125,1/12)",180_181,
hexagonal,181,P6_422,"(18,31,15)",a_ours_in_his,75ed0d99a1ca0d26,75ed0d99a1ca0d26,1/2;527/1000;1277/2000;2777/4000;5777/8000;11777/16000;3/4;7/8;29/32,1,797/1000,"(71/250,-37/250,0)",180_181,
hexagonal,181,P6_422,"(19,30,13)",a_ours_in_his,92965ea970aa430a,92965ea970aa430a,12423/16000;1247/1600;3141/4000;797/1000;4/5;7/8;15/16;61/64;123/128,1,797/1000,"(62/125,-1/125,0)",180_181,
hexagonal,181,P6_422,"(19,31,14)",c_his_not_ours_P2_reproduced,,a5350e795ad47e82,,1,3497/1000,"(62/125,12/25,0)",180_181,
hexagonal,181,P6_422,"(20,31,13)",b_ours_not_his,6a892fdc51b24155,,12047/16000;6047/8000;3047/4000;1547/2000;797/1000;4/5;7/8;1;5/4;11/8;23/16;47/32;95/64,0,,,,
hexagonal,181,P6_422,"(20,32,14)",a_ours_in_his,c23407c24f02fc46,9525899c411056fa,1/2;527/1000;3/4;797/1000;4/5;7/8;1;9/8;19/16;39/32;5/4;21/16;85/64,1,3497/1000,"(123/250,123/250,1/1500)",180_181,
hexagonal,181,P6_422,"(20,33,15)",a_ours_in_his,5ecea070beaf2efa,6e1c279805390881,3/4,1,3497/1000,"(62/125,0,11/375)",180_181,
hexagonal,181,P6_422,"(21,33,14)",c_his_not_ours_P2_reproduced,,ef777e629db11061,,1,797/1000,"(109/250,-77/250,109/1500)",180_181,
hexagonal,181,P6_422,"(21,34,15)",c_his_not_ours_P2_reproduced,,52f9e465a88e02ac,,1,3497/1000,"(4/25,4/25,2/75)",180_181,
hexagonal,181,P6_422,"(22,34,14)",a_ours_in_his,6cc34ed38aa354e1;8e6a80eb6f0f31a9;c57d8f62f90c0cf0,8e6a80eb6f0f31a9,1/2;527/1000;39/64;5/8;3/4;1547/2000;533/640;67/80;7/8;127/128;1;9/8;39/32;5/4;21/16;11/8;91/64;23/16;93/64;47/32;95/64;3/2;7/4;2;9/4;5/2;11/4;3;13/4;3497/1000;7/2,1,3497/1000,"(62/125,-62/125,0)",180_181,
hexagonal,181,P6_422,"(22,35,15)",a_ours_in_his,257b627a90b78038;4a6f33270c17ba66;df40917011e94d04,4a6f33270c17ba66,1731/3200;4439/8000;2331/4000;1277/2000;3/4;12047/16000;6047/8000;3047/4000;49/64;1547/2000;25/32;797/1000;4/5;13/16;7/8;29/32;117/128;59/64;15/16;1;17/16;9/8;73/64;37/32;75/64;19/16;79/64;5/4;21/16;43/32;87/64;11/8;3/2;13/8;27/16;55/32;7/4;2;33/16;67/32;135/64;9/4;5/2;11/4;23/8;47/16;95/32;191/64;3;13/4;3497/1000;7/2,1,3497/1000,"(62/125,61/125,0)",180_181,
hexagonal,181,P6_422,"(23,36,15)",a_ours_in_his,4b3b208f06666863,0356e39f6df73395,3/4,1,3497/1000,"(62/125,-61/125,1/1500)",180_181,
hexagonal,181,P6_422,"(24,36,14)",b_ours_not_his,e948828e76447bbb,,97/64;49/32;25/16;13/8;7/4;2;9/4;5/2;11/4;3;193/64;97/32;49/16;25/8;13/4;27729/8000;3497/1000;7/2,0,,,,
hexagonal,181,P6_422,"(24,37,15)",c_his_not_ours_P2_reproduced,,5e6e440551f01448,,1,797/1000,"(62/125,4/125,0)",180_181,
hexagonal,181,P6_422,"(24,38,16)",a_ours_in_his,96db1db2ceed20c0,96db1db2ceed20c0,1/2;527/1000;2331/4000;977/1600;5/8;1277/2000;21/32;43/64;2777/4000;5777/8000;11777/16000;3/4;25/32;51/64;797/1000;4/5;67/80;137/160;277/320;7/8;29/32;117/128;15/16;61/64;123/128;1,1,797/1000,"(89/250,-89/250,0)",180_181,
hexagonal,181,P6_422,"(25,39,16)",a_ours_in_his,ce4b84e9cad35f0a,ea936ae21d441585,3,1,7/2,"(34/125,-3/125,4/375)",180_181,
hexagonal,181,P6_422,"(26,39,15)",a_ours_in_his,59f890334e777569,59f890334e777569,1/2;527/1000;4439/8000;9101/16000;5/8;1277/2000;5331/8000;2177/3200;2777/4000;5777/8000;11777/16000;3/4;49/64,1,797/1000,"(79/250,-3/250,79/1500)",180_181,
hexagonal,181,P6_422,"(26,40,16)",c_his_not_ours_P2_reproduced,,8430e7743b5ddeed,,1,3497/1000,"(1/2,121/250,1/1500)",180_181,
hexagonal,181,P6_422,"(27,42,17)",c_his_not_ours_P2_reproduced,,ed4d1cdf15633bb1,,1,7/2,"(21/50,-33/250,3/125)",180_181,
hexagonal,181,P6_422,"(28,42,16)",a_ours_in_his,1a36f90bbc759307;2a139a0af47705e5;505a4911e298c933;5a0120ccceb4ecc4,2a139a0af47705e5,1/2;527/1000;1731/3200;4439/8000;9/16;2331/4000;19/32;9993/16000;1277/2000;11/16;3/4;12047/16000;6047/8000;3047/4000;49/64;1547/2000;25/32;797/1000;4/5;13/16;131/160;53/64;557/640;7/8;59/64;15/16;31/32;63/64;1;65/64;33/32;67/64;17/16;35/32;71/64;9/8;19/16;77/64;5/4;41/32;83/64;21/16;43/32;87/64;11/8;45/32;23/16;47/32;95/64;3/2;13/8;27/16;55/32;7/4;15/8;121/64;2;33/16;67/32;135/64;9/4;5/2;11/4;3;13/4;3497/1000;7/2,1,3497/1000,"(1/2,-1/50,1/25)",180_181,
hexagonal,181,P6_422,"(29,44,17)",c_his_not_ours_P2_reproduced,,548f98c25d7dd1e0,,1,1037/1000,"(46/125,26/125,1/15)",180_181,
hexagonal,181,P6_422,"(29,45,18)",c_his_not_ours_P2_reproduced,,99ef4fc6720ffa5d,,1,4/5,"(62/125,48/125,1/60)",180_181,
hexagonal,181,P6_422,"(30,45,17)",a_ours_in_his,303d3c41bbb6461d;56b1d49a0766cc47;5c6382a9ef3bc209;7715c7010e513b71;cc1e165a04008058,56b1d49a0766cc47,1/2;527/1000;2331/4000;5/8;1277/2000;41/64;21/32;11/16;2777/4000;23/32;47/64;3/4;12047/16000;6047/8000;3047/4000;1547/2000;25/32;797/1000;4/5;13/16;67/80;137/160;277/320;7/8;29/32;117/128;121/128;61/64;31/32;1;33/32;67/64;9/8;37/32;75/64;5/4;41/32;83/64;21/16;43/32;87/64;111/64;7/4;2;9/4;5/2;11/4;23/8;47/16;95/32;191/64,1,3497/1000,"(51/250,27/250,17/500)",180_181,
hexagonal,181,P6_422,"(31,47,18)",c_his_not_ours_P2_reproduced,,c9def3cd6baea0bf,,1,239/250,"(44/125,19/125,2/25)",180_181,
hexagonal,181,P6_422,"(31,48,19)",c_his_not_ours_P2_reproduced,,b7ef0f94aba2ed89,,1,7/2,"(12/25,6/125,3/125)",180_181,
hexagonal,181,P6_422,"(32,48,18)",a_ours_in_his,43e4e46001b4d8b9;af8b2135c913b13b;e5760549017956be,ef0b43a3ae18533e,557/640;7/8;15/16;17/16;9/8;5/4;11/8;23/16;47/32;95/64;61/32;31/16;63/32;127/64;17/8;9/4;5/2;11/4;23/8;47/16;95/32;191/64;193/64;97/32;49/16;25/8;13/4;6747/2000;13741/4000;55211/16000,1,3497/1000,"(62/125,1/125,31/375)",180_181,
hexagonal,181,P6_422,"(33,50,19)",c_his_not_ours_P2_reproduced,,d576e34a75c5486d,,1,797/1000,"(91/250,69/250,1/12)",180_181,
hexagonal,181,P6_422,"(33,51,20)",c_his_not_ours_P2_reproduced,,d3cab063f07b542b,,1,7/2,"(38/125,16/125,2/125)",180_181,
hexagonal,181,P6_422,"(34,51,19)",a_ours_in_his,364e84ece2d20d22,67d482ba9032f1f3,41/64;21/32;11/16;23/32;47/64;59/64;15/16;1;33/32;67/64;19/16;5/4;41/32;83/64,1,3497/1000,"(51/250,29/250,17/500)",180_181,
hexagonal,181,P6_422,"(34,53,21)",c_his_not_ours_P2_reproduced,,84921e8510cd5928,,1,4/5,"(38/125,-17/125,1/20)",180_181,
hexagonal,181,P6_422,"(35,53,20)",c_his_not_ours_P2_reproduced,,d7205a2af75f3a5d,,1,797/1000,"(17/50,3/50,1/30)",180_181,
hexagonal,181,P6_422,"(35,54,21)",c_his_not_ours_P2_reproduced,,3376116a2ea4e253,,1,797/1000,"(89/250,41/250,1/12)",180_181,
hexagonal,181,P6_422,"(36,54,20)",c_his_not_ours_P2_reproduced,,3b621bdbd8e8299d,,1,3497/1000,"(51/250,33/250,17/500)",180_181,
hexagonal,181,P6_422,"(37,56,21)",c_his_not_ours_P2_reproduced,,e9f44af869caa1b9,,1,797/1000,"(17/50,13/50,1/20)",180_181,
hexagonal,181,P6_422,"(37,57,22)",c_his_not_ours_P2_reproduced,,8bd6a83d55f18ed6,,1,797/1000,"(52/125,49/125,1/12)",180_181,
hexagonal,181,P6_422,"(38,57,21)",c_his_not_ours_P2_reproduced,,29d339694a25bff4,,1,3497/1000,"(11/125,-2/125,11/750)",180_181,
hexagonal,181,P6_422,"(39,59,22)",c_his_not_ours_P2_reproduced,,70de5928430e4dfa,,1,3497/1000,"(91/250,73/250,1/150)",180_181,
hexagonal,181,P6_422,"(39,60,23)",c_his_not_ours_P2_reproduced,,93562a81bb92cc58,,1,797/1000,"(2/5,9/25,1/15)",180_181,
hexagonal,181,P6_422,"(40,60,22)",c_his_not_ours_P2_reproduced,,64fc858ce31f237e,,1,3497/1000,"(51/250,31/250,17/500)",180_181,
hexagonal,181,P6_422,"(41,62,23)",c_his_not_ours_P2_reproduced,,d5a14515db2d8250,,1,797/1000,"(37/125,-18/125,1/30)",180_181,
hexagonal,181,P6_422,"(41,63,24)",c_his_not_ours_P2_reproduced,,c4ec28114da0d78d,,1,7/2,"(38/125,31/125,4/375)",180_181,
hexagonal,181,P6_422,"(42,63,23)",c_his_not_ours_P2_reproduced,,48f3d1fe4be770c7,,1,3497/1000,"(19/50,-37/250,29/1500)",180_181,
hexagonal,181,P6_422,"(43,65,24)",c_his_not_ours_P2_reproduced,,f0839c8e1fb11aaf,,1,5/4,"(87/250,33/250,1/30)",180_181,
hexagonal,181,P6_422,"(43,66,25)",c_his_not_ours_P2_reproduced,,e0211b03b98be76b,,1,797/1000,"(9/25,8/25,1/12)",180_181,
hexagonal,181,P6_422,"(44,66,24)",c_his_not_ours_P2_reproduced,,ab408b51ce561d60,,1,3497/1000,"(11/25,49/125,1/1500)",180_181,
hexagonal,181,P6_422,"(45,68,25)",c_his_not_ours_P2_reproduced,,cf1c666e448aec63,,1,797/1000,"(49/125,44/125,1/15)",180_181,
hexagonal,181,P6_422,"(45,69,26)",c_his_not_ours_P2_reproduced,,5cc36d137c7f7ea3,,1,2,"(33/125,6/25,9/125)",180_181,
hexagonal,181,P6_422,"(46,69,25)",c_his_not_ours_P2_reproduced,,0354bcf48e5bebdd,,1,3497/1000,"(99/250,63/250,1/1500)",180_181,
hexagonal,181,P6_422,"(47,71,26)",c_his_not_ours_P2_reproduced,,ebc3cb62fc458909,,1,1289/1000,"(37/125,-28/125,1/15)",180_181,
hexagonal,181,P6_422,"(48,72,26)",c_his_not_ours_P2_reproduced,,66fff2600d007e47,,1,3497/1000,"(47/125,19/125,1/750)",180_181,
hexagonal,181,P6_422,"(50,75,27)",c_his_not_ours_P2_reproduced,,997f6bb57a677b06,,1,3497/1000,"(51/125,31/125,1/1500)",180_181,
hexagonal,181,P6_422,"(52,78,28)",c_his_not_ours_P2_reproduced,,06add8f1c3ab58b2,,1,3497/1000,"(9/25,17/125,1/300)",180_181,
hexagonal,181,P6_422,"(54,81,29)",c_his_not_ours_P2_reproduced,,fd698eb31be754ab,,1,3497/1000,"(87/250,23/250,1/500)",180_181,
hexagonal,181,P6_422,"(56,84,30)",c_his_not_ours_P2_reproduced,,37a9ed6e464c98df,,1,607/500,"(34/125,-31/125,67/1500)",180_181,
hexagonal,182,P6_322,"(5,8,5)",c_his_not_ours_P2_reproduced,,42bc5c5af1f296ae,,1,4/5,"(36/125,-16/125,1/4)",182,
hexagonal,182,P6_322,"(6,9,5)",a_ours_in_his,a1053191a6317676,a1053191a6317676,1/2;527/1000;3/4;797/1000;4/5;7/8;1;5/4;3/2;7/4;2;9/4;5/2;11/4;3;13/4;3497/1000;7/2,1,3497/1000,"(1/3,0,0)",182,
hexagonal,182,P6_322,"(6,11,7)",c_his_not_ours_P2_reproduced,,d2d935e5499e6e11,,1,4/5,"(16/125,0,1/5)",182,
hexagonal,182,P6_322,"(6,12,8)",a_ours_in_his,3cb6c70abd57e0b9,3cb6c70abd57e0b9,1,1,4/5,"(4/25,0,1/4)",182,
hexagonal,182,P6_322,"(7,11,6)",a_ours_in_his,a4d2e4badea1fc0f,a4d2e4badea1fc0f,1,1,4/5,"(29/100,-13/100,1/4)",182,
hexagonal,182,P6_322,"(8,12,6)",a_ours_in_his,e3faf0283734fac7,e3faf0283734fac7,1/2;527/1000;37/64;19/32;5/8;3/4;797/1000;4/5;131/160;67/80;7/8;1;65/64;33/32;17/16;9/8;5/4;3/2;7/4;2;9/4;5/2;11/4;3;13/4;3497/1000;7/2,1,3497/1000,"(1/4,-1/4,0)",182,
hexagonal,182,P6_322,"(8,13,7)",c_his_not_ours_P2_reproduced,,4ab699adbeb533b0,,1,3497/1000,"(124/375,0,31/125)",182,
hexagonal,182,P6_322,"(8,14,8)",a_ours_in_his,a53e946faf92e440,a53e946faf92e440,1/2;2331/4000;1277/2000;11331/16000;5777/8000;3/4;797/1000;4/5;131/160;67/80;7/8;59/64;15/16;1;65/64;33/32;17/16;35/32;9/8;5/4;3/2;7/4;2;9/4;5/2;11/4;3;13/4;3497/1000;7/2,1,3497/1000,"(124/375,0,1/4)",182,
hexagonal,182,P6_322,"(10,15,7)",c_his_not_ours_P2_reproduced,,ca9a19039647d676,,1,3497/1000,"(499/1500,-1/500,13/500)",182,
hexagonal,182,P6_322,"(10,16,8)",c_his_not_ours_P2_reproduced,,342dd2988fa48b2c,,1,3497/1000,"(33/100,-1/500,0)",182,
hexagonal,182,P6_322,"(10,18,10)",a_ours_in_his,3ab0f86bf4aa2403,3ab0f86bf4aa2403,2,1,5/4,"(1/5,-1/5,93/500)",182,
hexagonal,182,P6_322,"(11,17,8)",c_his_not_ours_P2_reproduced,,ef8048ef68ceb307,,1,3497/1000,"(124/375,0,13/500)",182,
hexagonal,182,P6_322,"(12,18,8)",a_ours_in_his,9b7039e0c295ff94;fd9a9f68ec1db422,fd9a9f68ec1db422,1/2;527/1000;9/16;3/4;797/1000;4/5;259/320;521/640;7/8;15/16;31/32;63/64;127/128;1;5/4;3/2;7/4;2;9/4;5/2;11/4;3;13/4;3497/1000;7/2,1,3497/1000,"(0,0,0)",182,
hexagonal,182,P6_322,"(13,21,10)",a_ours_in_his,4a24e04257d3d0f4,4a24e04257d3d0f4,81/64;41/32;21/16;11/8;91/64;23/16;3/2;105/64;53/32;27/16;7/4;2;129/64;65/32;33/16;17/8;9/4;5/2;11/4;91/32;23/8;3;13/4;3497/1000;7/2,1,3497/1000,"(1/3,0,31/125)",182,
hexagonal,182,P6_322,"(14,22,10)",a_ours_in_his,f3ed2550b3b58d01,f3ed2550b3b58d01,1/2;527/1000;4439/8000;9101/16000;1277/2000;2777/4000;3/4;797/1000;4/5;259/320;521/640;7/8;29/32;15/16;31/32;63/64;127/128;1;17/16;69/64,1,797/1000,"(124/375,0,1/4)",182,
hexagonal,182,P6_322,"(14,24,12)",a_ours_in_his,0fef47b559fef709,0fef47b559fef709,1/2;527/1000;4439/8000;2331/4000;39/64;977/1600;5/8;1277/2000;5331/8000;43/64;2177/3200;11/16;2777/4000;3/4;797/1000;4/5;7/8;1;37/32;19/16;5/4;3/2;7/4;2;9/4;5/2;11/4;3;13/4;3497/1000;7/2,1,3497/1000,"(1/3,0,1/4)",182,
hexagonal,182,P6_322,"(15,24,11)",a_ours_in_his,ff8725c53f6c0182,ff8725c53f6c0182,1/2;527/1000;3/4;797/1000;4/5;7/8;1;5/4;11/8;45/32;3/2;13/8;7/4;15/8;31/16;63/32;127/64;2;9/4;5/2;11/4;45/16;181/64,1,3497/1000,"(1/3,0,13/500)",182,
hexagonal,182,P6_322,"(15,26,13)",c_his_not_ours_P2_reproduced,,537a95eb373acdb0,,1,4/5,"(29/250,-13/250,1/10)",182,
hexagonal,182,P6_322,"(16,27,13)",a_ours_in_his,3a714f5cd139122d,3a714f5cd139122d,123/128;31/32;1;5/4;83/64;21/16;11/8;3/2;7/4;2;9/4;5/2;11/4;3;13/4;3497/1000;7/2,1,3497/1000,"(33/100,-1/500,123/500)",182,
hexagonal,182,P6_322,"(17,29,14)",c_his_not_ours_P2_reproduced,,324e6a42fb734b98,,1,4/5,"(29/125,-13/125,1/5)",182,
hexagonal,182,P6_322,"(17,30,15)",c_his_not_ours_P2_reproduced,,3017e880f425ffb4,,1,7/2,"(23/125,-7/125,123/500)",182,
hexagonal,182,P6_322,"(18,30,14)",a_ours_in_his,76108b085b4e40f8,76108b085b4e40f8,1/2;527/1000;1731/3200;9/16;2331/4000;19/32;9547/16000;977/1600;9993/16000;5/8;1277/2000;10439/16000;21/32;5331/8000;3/4;797/1000;4/5;7/8;1;9/8;73/64,1,797/1000,"(1/3,0,1/4)",182,
hexagonal,182,P6_322,"(19,32,15)",c_his_not_ours_P2_reproduced,,c5be1ddde44e793e,,1,4/5,"(4/15,-4/125,26/125)",182,
hexagonal,182,P6_322,"(20,33,15)",a_ours_in_his,001cbd004f823a98,001cbd004f823a98,11331/16000;5777/8000;3/4;797/1000;4/5;7/8;15/16;61/64;125/128;63/64;1;5/4;41/32,1,3497/1000,"(17/100,-73/500,1/500)",182,
hexagonal,182,P6_322,"(21,35,16)",c_his_not_ours_P2_reproduced,,996b0104d2cbc6d3,,1,1/2,"(7/25,-1/25,1/5)",182,
hexagonal,182,P6_322,"(24,38,16)",a_ours_in_his,5f2ba5306000a4b5,5f2ba5306000a4b5,1/2;527/1000;1277/2000;2777/4000,1,797/1000,"(33/100,-1/500,31/125)",182,
hexagonal,182,P6_322,"(26,41,17)",a_ours_in_his,6f8ed3373dca0105,6f8ed3373dca0105,1/2;527/1000;1277/2000;2777/4000,1,3497/1000,"(33/100,-1/500,2/125)",182,
hexagonal,182,P6_322,"(26,42,18)",a_ours_in_his,23c44d599f52e151,23c44d599f52e151,11331/16000;5777/8000;3/4;797/1000;4/5;7/8;15/16;31/32,1,3497/1000,"(36/125,-13/125,31/125)",182,
hexagonal,182,P6_322,"(28,44,18)",c_his_not_ours_P2_reproduced,,2a48129b6afe0764,,1,797/1000,"(122/375,-2/125,31/125)",182,
hexagonal,182,P6_322,"(30,47,19)",c_his_not_ours_P2_reproduced,,5aed4eedad8d6cf6,,1,3497/1000,"(33/100,-1/500,13/500)",182,
hexagonal,183,P6mm,"(6,9,5)",a_ours_in_his,a1053191a6317676,a1053191a6317676,1/2;527/1000;3/4;797/1000;4/5;7/8;1;5/4;3/2;7/4;2;9/4;5/2;11/4;3;13/4;3497/1000;7/2,1,3497/1000,"(1/3,0,0)",183,
hexagonal,183,P6mm,"(8,12,6)",a_ours_in_his,e3faf0283734fac7,e3faf0283734fac7,1/2;527/1000;3/4;797/1000;4/5;7/8;1;5/4;3/2;7/4;2;9/4;5/2;11/4;3;13/4;3497/1000;7/2,1,3497/1000,"(1/4,-1/4,0)",183,
hexagonal,183,P6mm,"(12,18,8)",a_ours_in_his,fd9a9f68ec1db422,fd9a9f68ec1db422,1/2;527/1000;3/4;797/1000;4/5;7/8;1;5/4;3/2;7/4;2;9/4;5/2;11/4;3;13/4;3497/1000;7/2,1,3497/1000,"(0,0,0)",183,
hexagonal,184,P6cc,"(6,9,5)",a_ours_in_his,a1053191a6317676,a1053191a6317676,1/2;527/1000;3/4;797/1000;4/5;7/8;1;5/4;3/2;7/4;2;9/4;5/2;11/4;3;13/4;3497/1000;7/2,1,3497/1000,"(1/3,0,0)",184,
hexagonal,184,P6cc,"(8,12,6)",a_ours_in_his,e3faf0283734fac7,e3faf0283734fac7,1/2;527/1000;3/4;797/1000;4/5;7/8;1;5/4;3/2;7/4;2;9/4;5/2;11/4;3;13/4;3497/1000;7/2,1,3497/1000,"(1/4,-1/4,0)",184,
hexagonal,184,P6cc,"(12,18,8)",a_ours_in_his,fd9a9f68ec1db422,fd9a9f68ec1db422,1/2;527/1000;3/4;797/1000;4/5;7/8;1;5/4;3/2;7/4;2;9/4;5/2;11/4;3;13/4;3497/1000;7/2,1,3497/1000,"(0,0,0)",184,
hexagonal,184,P6cc,"(14,23,11)",a_ours_in_his,7824c3404ec7c532,7824c3404ec7c532,1/2;527/1000;3/4;797/1000;4/5;7/8;1;5/4;3/2;7/4;2;9/4;5/2;11/4;3;13/4;3497/1000;7/2,1,3497/1000,"(5647/16956,-1/5652,0)",184,
hexagonal,185,P6_3cm,"(6,9,5)",a_ours_in_his,a1053191a6317676,a1053191a6317676,1/2;527/1000;3/4;797/1000;4/5;7/8;1;5/4;3/2;7/4;2;9/4;5/2;11/4;3;13/4;3497/1000;7/2,1,3497/1000,"(1/3,0,0)",185,
hexagonal,185,P6_3cm,"(8,12,6)",a_ours_in_his,e3faf0283734fac7,e3faf0283734fac7,1/2;527/1000;3/4;797/1000;4/5;7/8;1;5/4;3/2;7/4;2;9/4;5/2;11/4;3;13/4;3497/1000;7/2,1,3497/1000,"(1/4,-1/4,0)",185,
hexagonal,185,P6_3cm,"(10,16,8)",a_ours_in_his,342dd2988fa48b2c,342dd2988fa48b2c,1/2;527/1000;9101/16000;2331/4000;1277/2000;3/4;797/1000;4/5;7/8;1;5/4;3/2;7/4;2;9/4;5/2;11/4;3;13/4;3497/1000;7/2,1,3497/1000,"(5647/16956,-1/5652,0)",185,
hexagonal,185,P6_3cm,"(12,18,8)",a_ours_in_his,fd9a9f68ec1db422,fd9a9f68ec1db422,1/2;527/1000;3/4;797/1000;4/5;7/8;1;5/4;3/2;7/4;2;9/4;5/2;11/4;3;13/4;3497/1000;7/2,1,3497/1000,"(0,0,0)",185,
hexagonal,185,P6_3cm,"(14,22,10)",a_ours_in_his,7534d49b2a3cdb08,7534d49b2a3cdb08,1/2;527/1000;4439/8000,1,527/1000,"(1907/8478,-635/2826,0)",185,
hexagonal,185,P6_3cm,"(14,24,12)",a_ours_in_his,0fef47b559fef709,0fef47b559fef709,1/2;527/1000;4439/8000;2331/4000;977/1600;1277/2000;5331/8000;2177/3200;2777/4000;3/4;797/1000;4/5;7/8;1;5/4;3/2;7/4;2;9/4;5/2;11/4;3;13/4;3497/1000;7/2,1,3497/1000,"(353/1413,-353/1413,0)",185,
hexagonal,185,P6_3cm,"(18,30,14)",a_ours_in_his,76108b085b4e40f8,76108b085b4e40f8,1/2;527/1000;1731/3200;2331/4000;9547/16000;977/1600;9993/16000;1277/2000;10439/16000;5331/8000,1,527/1000,"(1271/5652,-1271/5652,0)",185,
hexagonal,186,P6_3mc,"(6,9,5)",a_ours_in_his,a1053191a6317676,a1053191a6317676,1/2;527/1000;2331/4000;1277/2000;3/4;797/1000;4/5;7/8;1;5/4;3/2;7/4;2;9/4;5/2;11/4;3;13/4;3497/1000;7/2,1,3497/1000,"(353/1413,-353/1413,0)",186,
hexagonal,186,P6_3mc,"(6,12,8)",b_ours_not_his,3cb6c70abd57e0b9,,1,0,,,,
hexagonal,186,P6_3mc,"(7,11,6)",b_ours_not_his,a4d2e4badea1fc0f,,1,0,,,,
hexagonal,186,P6_3mc,"(8,12,6)",a_ours_in_his,e3faf0283734fac7,e3faf0283734fac7,1/2;527/1000;3/4;797/1000;4/5;131/160;67/80;7/8;1;65/64;33/32;17/16;9/8;5/4;3/2;7/4;2;9/4;5/2;11/4;3;13/4;3497/1000;7/2,1,3497/1000,"(1/4,-1/4,0)",186,
hexagonal,186,P6_3mc,"(8,14,8)",a_ours_in_his,a53e946faf92e440,a53e946faf92e440,2331/4000;1277/2000;11331/16000;5777/8000;3/4;797/1000;4/5;131/160;67/80;7/8;1;65/64;33/32;17/16;9/8;5/4;3/2;7/4;2;9/4;5/2;11/4;3;13/4;3497/1000;7/2,1,3497/1000,"(1412/4239,0,0)",186,
hexagonal,186,P6_3mc,"(10,15,7)",a_ours_in_his,ca9a19039647d676,ca9a19039647d676,1/2;527/1000;4439/8000;9101/16000,1,797/1000,"(5647/16956,-1/5652,0)",186,
hexagonal,186,P6_3mc,"(12,18,8)",a_ours_in_his,9b7039e0c295ff94;fd9a9f68ec1db422,fd9a9f68ec1db422,1/2;527/1000;3/4;797/1000;4/5;259/320;521/640;7/8;15/16;31/32;63/64;127/128;1;5/4;3/2;7/4;2;9/4;5/2;11/4;3;13/4;3497/1000;7/2,1,3497/1000,"(0,0,0)",186,
hexagonal,186,P6_3mc,"(14,22,10)",a_ours_in_his,f3ed2550b3b58d01,f3ed2550b3b58d01,1/2;527/1000;4439/8000;9101/16000;1277/2000;2777/4000;3/4;797/1000;4/5;259/320;521/640;7/8;15/16;31/32;63/64;127/128,1,797/1000,"(1412/4239,0,0)",186,
hexagonal,186,P6_3mc,"(14,24,12)",a_ours_in_his,0fef47b559fef709,0fef47b559fef709,37/32;19/16;5/4;3/2;7/4;2;9/4;5/2;11/4;3;13/4;3497/1000;7/2,1,3497/1000,"(1/3,0,0)",186,
hexagonal,186,P6_3mc,"(18,30,14)",a_ours_in_his,76108b085b4e40f8,76108b085b4e40f8,1/2;527/1000;3/4;797/1000;4/5;7/8;1;9/8;73/64,1,797/1000,"(1/3,0,0)",186,
hexagonal,187,P-6m2,"(6,9,5)",a_ours_in_his,a1053191a6317676,a1053191a6317676,1/2;527/1000;3/4;797/1000;4/5;7/8;1;5/4;3/2;7/4;2;9/4;5/2;11/4;3;13/4;3497/1000;7/2,1,3497/1000,"(1/6,1/6,0)",187,
hexagonal,187,P-6m2,"(8,12,6)",a_ours_in_his,e3faf0283734fac7,e3faf0283734fac7,1/2;527/1000;3/4;797/1000;4/5;7/8;1;5/4;3/2;7/4;2;9/4;5/2;11/4;3;13/4;3497/1000;7/2,1,3497/1000,"(1/6,0,0)",187,
hexagonal,187,P-6m2,"(12,18,8)",a_ours_in_his,fd9a9f68ec1db422,fd9a9f68ec1db422,1/2;527/1000;3/4;797/1000;4/5;7/8;1;5/4;3/2;7/4;2;9/4;5/2;11/4;3;13/4;3497/1000;7/2,1,3497/1000,"(0,0,0)",187,
hexagonal,188,P-6c2,"(6,9,5)",c_his_not_ours_P2_reproduced,,a1053191a6317676,,1,3497/1000,"(1/6,1/6,0)",188,
hexagonal,188,P-6c2,"(8,12,6)",a_ours_in_his,e3faf0283734fac7,e3faf0283734fac7,1/2;527/1000;3/4;797/1000;4/5;7/8;1;5/4;3/2;7/4;2;9/4;5/2;11/4;3;13/4;3497/1000;7/2,1,3497/1000,"(1/6,0,0)",188,
hexagonal,188,P-6c2,"(10,18,10)",c_his_not_ours_P2_reproduced,,3ab0f86bf4aa2403,,1,1/2,"(46/375,2/125,14/125)",188,
hexagonal,188,P-6c2,"(12,18,8)",a_ours_in_his,fd9a9f68ec1db422,fd9a9f68ec1db422,1/2;527/1000;3/4;797/1000;4/5;7/8;1;5/4;3/2;7/4;2;9/4;5/2;11/4;3;13/4;3497/1000;7/2,1,3497/1000,"(0,0,0)",188,
hexagonal,188,P-6c2,"(13,21,10)",a_ours_in_his,4a24e04257d3d0f4,4a24e04257d3d0f4,12423/16000;1247/1600;3141/4000;797/1000;4/5;521/640;131/160;67/80;7/8;1;5/4;3/2;7/4;2;9/4;5/2;11/4;3;13/4;3497/1000;7/2,1,3497/1000,"(62/375,62/375,31/125)",188,
hexagonal,188,P-6c2,"(14,24,12)",a_ours_in_his,0fef47b559fef709,0fef47b559fef709,1/2;527/1000;4439/8000;9101/16000;2331/4000;9547/16000;977/1600;1277/2000;5331/8000;2177/3200;2777/4000;3/4;797/1000;4/5;7/8;1;5/4;3/2;7/4;2;9/4;5/2;11/4;3;13/4;3497/1000;7/2,1,3497/1000,"(1/6,1/6,1/4)",188,
hexagonal,188,P-6c2,"(15,24,11)",a_ours_in_his,ff8725c53f6c0182,ff8725c53f6c0182,1/2;527/1000;3/4;1547/2000;797/1000;4/5;259/320,1,3497/1000,"(1/6,1/6,1/125)",188,
hexagonal,188,P-6c2,"(18,30,14)",a_ours_in_his,76108b085b4e40f8,76108b085b4e40f8,1/2;527/1000;1731/3200;4439/8000;2331/4000;9547/16000;977/1600;9993/16000;1277/2000;10439/16000;5331/8000,1,527/1000,"(1/6,1/6,1/4)",188,
hexagonal,189,P-62m,"(6,9,5)",a_ours_in_his,a1053191a6317676,a1053191a6317676,1/2;527/1000;3/4;797/1000;4/5;7/8;1;5/4;3/2;7/4;2;9/4;5/2;11/4;3;13/4;3497/1000;7/2,1,3497/1000,"(1/3,0,0)",189,
hexagonal,189,P-62m,"(8,12,6)",a_ours_in_his,e3faf0283734fac7,e3faf0283734fac7,1/2;527/1000;3/4;797/1000;4/5;7/8;1;5/4;3/2;7/4;2;9/4;5/2;11/4;3;13/4;3497/1000;7/2,1,3497/1000,"(1/4,-1/4,0)",189,
hexagonal,189,P-62m,"(12,18,8)",a_ours_in_his,fd9a9f68ec1db422,fd9a9f68ec1db422,1/2;527/1000;3/4;797/1000;4/5;7/8;1;5/4;3/2;7/4;2;9/4;5/2;11/4;3;13/4;3497/1000;7/2,1,3497/1000,"(0,0,0)",189,
hexagonal,190,P-62c,"(6,9,5)",a_ours_in_his,a1053191a6317676,a1053191a6317676,1/2;527/1000;3/4;797/1000;4/5;7/8;1;5/4;3/2;7/4;2;9/4;5/2;11/4;3;13/4;3497/1000;7/2,1,3497/1000,"(1/3,0,0)",190,
hexagonal,190,P-62c,"(6,11,7)",c_his_not_ours_P2_reproduced,,d2d935e5499e6e11,,1,4/5,"(16/125,0,1/5)",190,
hexagonal,190,P-62c,"(6,12,8)",a_ours_in_his,3cb6c70abd57e0b9,3cb6c70abd57e0b9,1,1,4/5,"(4/25,0,1/4)",190,
hexagonal,190,P-62c,"(7,11,6)",a_ours_in_his,a4d2e4badea1fc0f,a4d2e4badea1fc0f,1,1,4/5,"(29/100,-13/100,1/4)",190,
hexagonal,190,P-62c,"(8,12,6)",a_ours_in_his,e3faf0283734fac7,e3faf0283734fac7,1/2;527/1000;3/4;797/1000;4/5;131/160;67/80;7/8;1;65/64;33/32;17/16;9/8;5/4;3/2;7/4;2;9/4;5/2;11/4;3;13/4;3497/1000;7/2,1,3497/1000,"(1/4,-1/4,0)",190,
hexagonal,190,P-62c,"(8,13,7)",c_his_not_ours_P2_reproduced,,4ab699adbeb533b0,,1,3497/1000,"(124/375,0,31/125)",190,
hexagonal,190,P-62c,"(8,14,8)",a_ours_in_his,a53e946faf92e440,a53e946faf92e440,2331/4000;1277/2000;11331/16000;5777/8000;3/4;797/1000;4/5;131/160;67/80;7/8;1;65/64;33/32;17/16;9/8;5/4;3/2;7/4;2;9/4;5/2;11/4;3;13/4;3497/1000;7/2,1,3497/1000,"(124/375,0,1/4)",190,
hexagonal,190,P-62c,"(10,15,7)",c_his_not_ours_P2_reproduced,,ca9a19039647d676,,1,3497/1000,"(499/1500,-1/500,13/500)",190,
hexagonal,190,P-62c,"(10,18,10)",b_ours_not_his,3ab0f86bf4aa2403,,2,0,,,,
hexagonal,190,P-62c,"(11,17,8)",c_his_not_ours_P2_reproduced,,ef8048ef68ceb307,,1,3497/1000,"(124/375,0,13/500)",190,
hexagonal,190,P-62c,"(12,18,8)",a_ours_in_his,9b7039e0c295ff94;fd9a9f68ec1db422,fd9a9f68ec1db422,1/2;527/1000;3/4;797/1000;4/5;259/320;521/640;7/8;15/16;31/32;63/64;127/128;1;5/4;3/2;7/4;2;9/4;5/2;11/4;3;13/4;3497/1000;7/2,1,3497/1000,"(0,0,0)",190,
hexagonal,190,P-62c,"(13,21,10)",a_ours_in_his,4a24e04257d3d0f4,4a24e04257d3d0f4,81/64;41/32;21/16;11/8;91/64;23/16;3/2;105/64;53/32;27/16;7/4;2;129/64;65/32;33/16;17/8;9/4;5/2;11/4;91/32;23/8;3;13/4;3497/1000;7/2,1,3497/1000,"(1/3,0,31/125)",190,
hexagonal,190,P-62c,"(14,22,10)",a_ours_in_his,f3ed2550b3b58d01,f3ed2550b3b58d01,1/2;527/1000;4439/8000;9101/16000;1277/2000;2777/4000;3/4;797/1000;4/5;259/320;521/640;7/8;15/16;31/32;63/64;127/128,1,797/1000,"(124/375,0,1/4)",190,
hexagonal,190,P-62c,"(14,23,11)",c_his_not_ours_P2_reproduced,,40dce96307e59597,,1,4/5,"(29/125,-13/125,1/5)",190,
hexagonal,190,P-62c,"(14,24,12)",a_ours_in_his,0fef47b559fef709,0fef47b559fef709,37/32;19/16;5/4;3/2;7/4;2;9/4;5/2;11/4;3;13/4;3497/1000;7/2,1,3497/1000,"(1/3,0,1/4)",190,
hexagonal,190,P-62c,"(15,23,10)",a_ours_in_his,a088ecb81ead0c2e,a088ecb81ead0c2e,1/2;527/1000;1277/2000;5331/8000;2777/4000,1,3497/1000,"(33/100,-1/500,2/125)",190,
hexagonal,190,P-62c,"(15,24,11)",a_ours_in_his,c430780986390d29;ff8725c53f6c0182,ff8725c53f6c0182,1/2;527/1000;11331/16000;5777/8000;3/4;12329/16000;1547/2000;797/1000;4/5;7/8;1;5/4;11/8;45/32;3/2;13/8;7/4;15/8;31/16;63/32;127/64;2;9/4;5/2;11/4;45/16;181/64;3;13/4;3497/1000;7/2,1,3497/1000,"(1/3,0,13/500)",190,
hexagonal,190,P-62c,"(17,27,12)",a_ours_in_his,39d791c3a1a9be00,39d791c3a1a9be00,11331/16000;5777/8000;3/4;3047/4000;6141/8000,1,3497/1000,"(81/500,-69/500,1/500)",190,
hexagonal,190,P-62c,"(17,29,14)",a_ours_in_his,52cd1a7da3dc17c7,52cd1a7da3dc17c7,1,1,4/5,"(36/125,-16/125,1/4)",190,
hexagonal,190,P-62c,"(18,30,14)",a_ours_in_his,6784d6995cabf9df;76108b085b4e40f8,6784d6995cabf9df,1/2;527/1000;2331/4000;9547/16000;977/1600;1277/2000;11331/16000;5777/8000;3/4;797/1000;4/5;131/160;67/80;7/8;117/128;59/64;15/16;1;65/64;33/32;17/16;35/32;9/8;73/64;5/4;3/2;7/4;2;9/4;5/2;11/4;3;13/4;3497/1000;7/2,1,3497/1000,"(33/100,-1/500,1/4)",190,
hexagonal,190,P-62c,"(19,29,12)",a_ours_in_his,e6d5851e0f0ae203,e6d5851e0f0ae203,2177/3200;2777/4000,1,3497/1000,"(33/100,-1/500,13/500)",190,
hexagonal,190,P-62c,"(21,33,14)",a_ours_in_his,67cf3994cfeceb8b,67cf3994cfeceb8b,1/2;1027/2000;8243/16000;527/1000;1731/3200;4439/8000;9101/16000;2331/4000;9547/16000;1277/2000;10439/16000;5331/8000;2177/3200;2777/4000;3/4;6047/8000;1547/2000;1247/1600;12517/16000;3141/4000;12611/16000;797/1000;4/5;103/128,1,797/1000,"(33/100,-1/500,1/4)",190,
hexagonal,190,P-62c,"(22,36,16)",a_ours_in_his,878c796cf524cdb7,878c796cf524cdb7,2331/4000;9547/16000;11331/16000,1,527/1000,"(62/375,-12/125,1/4)",190,
hexagonal,190,P-62c,"(25,39,16)",a_ours_in_his,2a07738610416021,2a07738610416021,1/2;8243/16000;827/1600;2081/4000;527/1000;1731/3200;4439/8000;9101/16000;2331/4000;977/1600;1277/2000;5331/8000;2177/3200;2777/4000;3/4;12141/16000;3047/4000;1547/2000;3141/4000;6329/8000;797/1000;4/5;259/320;521/640;7/8;29/32;15/16;31/32;63/64;127/128;1;17/16;69/64,1,797/1000,"(493/1500,-3/500,1/4)",190,
hexagonal,191,P6/mmm,"(6,9,5)",a_ours_in_his,a1053191a6317676,a1053191a6317676,1/2;527/1000;3/4;797/1000;4/5;7/8;1;5/4;3/2;7/4;2;9/4;5/2;11/4;3;13/4;3497/1000;7/2,1,3497/1000,"(1/3,0,0)",191,
hexagonal,191,P6/mmm,"(8,12,6)",a_ours_in_his,e3faf0283734fac7,e3faf0283734fac7,1/2;527/1000;3/4;797/1000;4/5;7/8;1;5/4;3/2;7/4;2;9/4;5/2;11/4;3;13/4;3497/1000;7/2,1,3497/1000,"(1/4,-1/4,0)",191,
hexagonal,191,P6/mmm,"(12,18,8)",a_ours_in_his,fd9a9f68ec1db422,fd9a9f68ec1db422,1/2;527/1000;3/4;797/1000;4/5;7/8;1;5/4;3/2;7/4;2;9/4;5/2;11/4;3;13/4;3497/1000;7/2,1,3497/1000,"(0,0,0)",191,
hexagonal,192,P6/mcc,"(6,9,5)",a_ours_in_his,a1053191a6317676,a1053191a6317676,1/2;527/1000;3/4;797/1000;4/5;7/8;1;5/4;3/2;7/4;2;9/4;5/2;11/4;3;13/4;3497/1000;7/2,1,3497/1000,"(1/3,0,0)",192,
hexagonal,192,P6/mcc,"(8,12,6)",a_ours_in_his,e3faf0283734fac7,e3faf0283734fac7,1/2;527/1000;3/4;797/1000;4/5;7/8;1;5/4;3/2;7/4;2;9/4;5/2;11/4;3;13/4;3497/1000;7/2,1,3497/1000,"(1/4,-1/4,0)",192,
hexagonal,192,P6/mcc,"(9,16,9)",c_his_not_ours_P2_reproduced,,cf917b63c9edf773,,1,1/2,"(3/20,-11/100,7/50)",192,
hexagonal,192,P6/mcc,"(12,18,8)",a_ours_in_his,fd9a9f68ec1db422,fd9a9f68ec1db422,1/2;527/1000;3/4;797/1000;4/5;7/8;1;5/4;3/2;7/4;2;9/4;5/2;11/4;3;13/4;3497/1000;7/2,1,3497/1000,"(0,0,0)",192,
hexagonal,192,P6/mcc,"(12,19,9)",a_ours_in_his,8e1a1fd6069d5392,8e1a1fd6069d5392,1/2;527/1000;11331/16000;5777/8000;3/4;797/1000;4/5;7/8;1;5/4;3/2;7/4;2;9/4;5/2;11/4;3;13/4;3497/1000;7/2,1,3497/1000,"(33/100,-1/500,123/500)",192,
hexagonal,192,P6/mcc,"(14,22,10)",a_ours_in_his,fe7ee18a2838e181,fe7ee18a2838e181,1/2;527/1000;1277/2000;2777/4000,1,3497/1000,"(433/1500,-47/500,31/125)",192,
hexagonal,192,P6/mcc,"(14,23,11)",a_ours_in_his,7824c3404ec7c532,7824c3404ec7c532,1/2;527/1000;3/4;797/1000;4/5;7/8;1;5/4;3/2;7/4;2;9/4;5/2;11/4;3;13/4;3497/1000;7/2,1,3497/1000,"(33/100,-1/500,0)",192,
hexagonal,193,P6_3/mcm,"(6,9,5)",a_ours_in_his,a1053191a6317676,a1053191a6317676,1/2;527/1000;3/4;797/1000;4/5;7/8;1;5/4;3/2;7/4;2;9/4;5/2;11/4;3;13/4;3497/1000;7/2,1,3497/1000,"(1/3,0,0)",193,
hexagonal,193,P6_3/mcm,"(7,12,7)",c_his_not_ours_P2_reproduced,,5854e92f5cc6dde3,,1,7/2,"(23/125,-7/125,1/250)",193,
hexagonal,193,P6_3/mcm,"(8,12,6)",a_ours_in_his,e3faf0283734fac7,e3faf0283734fac7,1/2;527/1000;3/4;797/1000;4/5;7/8;1;5/4;3/2;7/4;2;9/4;5/2;11/4;3;13/4;3497/1000;7/2,1,3497/1000,"(1/4,-1/4,0)",193,
hexagonal,193,P6_3/mcm,"(8,14,8)",a_ours_in_his,9b1c0d54955637e5,9b1c0d54955637e5,1/2,1,14/25,"(17/100,-49/500,1/4)",193,
hexagonal,193,P6_3/mcm,"(9,14,7)",a_ours_in_his,9e6521c05bcbd3ea,9e6521c05bcbd3ea,2777/4000;3/4;797/1000;4/5;7/8;1;5/4;3/2;7/4;2;9/4;5/2;11/4;3;13/4;3497/1000;7/2,1,3497/1000,"(33/100,-1/500,123/500)",193,
hexagonal,193,P6_3/mcm,"(10,16,8)",a_ours_in_his,342dd2988fa48b2c,342dd2988fa48b2c,1/2;8027/16000;4027/8000;2027/4000;4081/8000;1027/2000;527/1000;1731/3200;4439/8000;9101/16000;2331/4000;977/1600;9993/16000;1277/2000;3/4;797/1000;4/5;7/8;1;5/4;3/2;7/4;2;9/4;5/2;11/4;3;13/4;3497/1000;7/2,1,3497/1000,"(33/100,-1/500,1/4)",193,
hexagonal,193,P6_3/mcm,"(10,18,10)",c_his_not_ours_P2_reproduced,,3ab0f86bf4aa2403,,1,5/4,"(1/5,-1/5,8/125)",193,
hexagonal,193,P6_3/mcm,"(11,17,8)",a_ours_in_his,da212d4bfb576e6e,da212d4bfb576e6e,1/2;527/1000;1277/2000;5331/8000;2177/3200,1,3497/1000,"(91/375,-6/25,1/500)",193,
hexagonal,193,P6_3/mcm,"(12,18,8)",a_ours_in_his,fd9a9f68ec1db422,fd9a9f68ec1db422,1/2;527/1000;3/4;797/1000;4/5;7/8;1;5/4;3/2;7/4;2;9/4;5/2;11/4;3;13/4;3497/1000;7/2,1,3497/1000,"(0,0,0)",193,
hexagonal,193,P6_3/mcm,"(13,21,10)",a_ours_in_his,4a24e04257d3d0f4,4a24e04257d3d0f4,1/2;527/1000;9101/16000;2331/4000;9547/16000;977/1600;1277/2000;2177/3200;2777/4000;3/4;12329/16000;1547/2000;12423/16000;1247/1600;3141/4000;797/1000;4/5;103/128;259/320;131/160;533/640;67/80;551/640;277/320;7/8;115/128;29/32;119/128;15/16;121/128;61/64;31/32;1;17/16;71/64;9/8;73/64;37/32;19/16;5/4;3/2;7/4;2;9/4;5/2;11/4;3;13/4;3497/1000;7/2,1,3497/1000,"(31/125,-31/125,31/125)",193,
hexagonal,193,P6_3/mcm,"(14,22,10)",a_ours_in_his,7534d49b2a3cdb08,7534d49b2a3cdb08,1/2;2027/4000;1627/3200;527/1000;4439/8000;9101/16000;2331/4000;9547/16000;977/1600,1,527/1000,"(343/1500,-21/100,1/4)",193,
hexagonal,193,P6_3/mcm,"(14,24,12)",a_ours_in_his,0fef47b559fef709,0fef47b559fef709,1/2;527/1000;4439/8000;2331/4000;39/64;977/1600;5/8;1277/2000;5331/8000;43/64;2177/3200;11/16;2777/4000;3/4;797/1000;4/5;7/8;1;5/4;3/2;7/4;2;9/4;5/2;11/4;3;13/4;3497/1000;7/2,1,3497/1000,"(31/125,-31/125,1/4)",193,
hexagonal,193,P6_3/mcm,"(15,24,11)",a_ours_in_his,ff8725c53f6c0182,ff8725c53f6c0182,1/2;527/1000;4439/8000;2331/4000;1277/2000;5331/8000;2177/3200;2777/4000;5777/8000;11777/16000;3/4;3047/4000;6141/8000;1547/2000;797/1000;4/5;259/320;521/640;131/160;53/64;67/80;137/160;7/8;57/64;29/32;59/64;15/16;1;33/32;67/64;17/16;35/32;9/8;73/64,1,3497/1000,"(121/500,-121/500,1/500)",193,
hexagonal,193,P6_3/mcm,"(18,30,14)",a_ours_in_his,76108b085b4e40f8,76108b085b4e40f8,1/2;527/1000;1731/3200;9/16;2331/4000;19/32;9547/16000;977/1600;9993/16000;5/8;1277/2000;10439/16000;21/32;5331/8000,1,527/1000,"(28/125,-28/125,1/4)",193,
hexagonal,194,P6_3/mmc,"(5,8,5)",a_ours_in_his,42bc5c5af1f296ae,42bc5c5af1f296ae,1,1,4/5,"(36/125,-16/125,1/4)",194,
hexagonal,194,P6_3/mmc,"(6,9,5)",a_ours_in_his,a1053191a6317676,a1053191a6317676,1/2;527/1000;2331/4000;1277/2000;11331/16000;5777/8000;3/4;797/1000;4/5;131/160;67/80;7/8;117/128;59/64;15/16;1;65/64;33/32;17/16;35/32;9/8;5/4;3/2;7/4;2;9/4;5/2;11/4;3;13/4;3497/1000;7/2,1,3497/1000,"(1/3,0,0)",194,
hexagonal,194,P6_3/mmc,"(6,11,7)",a_ours_in_his,d2d935e5499e6e11,d2d935e5499e6e11,1,1,4/5,"(16/125,0,1/5)",194,
hexagonal,194,P6_3/mmc,"(6,12,8)",a_ours_in_his,3cb6c70abd57e0b9,3cb6c70abd57e0b9,1,1,4/5,"(4/25,0,1/4)",194,
hexagonal,194,P6_3/mmc,"(7,11,6)",a_ours_in_his,a4d2e4badea1fc0f,a4d2e4badea1fc0f,1,1,4/5,"(29/100,-13/100,1/4)",194,
hexagonal,194,P6_3/mmc,"(8,12,6)",a_ours_in_his,d1fe8ecee64ce269;e3faf0283734fac7,e3faf0283734fac7,1/2;527/1000;37/64;19/32;5/8;1277/2000;2777/4000;3/4;797/1000;4/5;131/160;67/80;7/8;1;65/64;33/32;17/16;9/8;37/32;19/16;79/64;5/4;91/64;23/16;3/2;111/64;7/4;2;9/4;5/2;11/4;3;13/4;3497/1000;7/2,1,3497/1000,"(1/4,-1/4,0)",194,
hexagonal,194,P6_3/mmc,"(8,13,7)",a_ours_in_his,4ab699adbeb533b0,4ab699adbeb533b0,11331/16000;5777/8000;3/4;797/1000;4/5;131/160;67/80;557/640;7/8;1;65/64;33/32;17/16;9/8;37/32;19/16;79/64;5/4;91/64;23/16;3/2;111/64;7/4;2;9/4;5/2;11/4;3;13/4;3497/1000;7/2,1,3497/1000,"(124/375,0,31/125)",194,
hexagonal,194,P6_3/mmc,"(8,14,8)",a_ours_in_his,a53e946faf92e440,a53e946faf92e440,1/2;2331/4000;1277/2000;11331/16000;5777/8000;3/4;797/1000;4/5;131/160;67/80;7/8;59/64;15/16;1;65/64;33/32;17/16;35/32;9/8;5/4;3/2;7/4;2;9/4;5/2;11/4;3;13/4;3497/1000;7/2,1,3497/1000,"(124/375,0,1/4)",194,
hexagonal,194,P6_3/mmc,"(10,15,7)",a_ours_in_his,ca9a19039647d676,ca9a19039647d676,1/2;527/1000;4439/8000;9101/16000;1277/2000;2777/4000;3/4;797/1000;4/5;259/320;521/640;7/8;29/32;15/16;31/32;63/64;127/128;1;17/16;69/64;9/8;73/64;19/16;39/32;5/4;11/8;45/32;3/2;13/8;27/16;55/32,1,3497/1000,"(499/1500,-1/500,13/500)",194,
hexagonal,194,P6_3/mmc,"(10,18,10)",b_ours_not_his,3ab0f86bf4aa2403,,2,0,,,,
hexagonal,194,P6_3/mmc,"(11,17,8)",a_ours_in_his,ef8048ef68ceb307,ef8048ef68ceb307,1/2;527/1000;1277/2000;2777/4000;3/4;797/1000;4/5;259/320;521/640;67/80;137/160;277/320;7/8;15/16;31/32;63/64;127/128;1;9/8;73/64;19/16;39/32;5/4;11/8;45/32;3/2;13/8;27/16;55/32,1,3497/1000,"(124/375,0,13/500)",194,
hexagonal,194,P6_3/mmc,"(12,18,8)",a_ours_in_his,9b7039e0c295ff94;fd9a9f68ec1db422,fd9a9f68ec1db422,1/2;527/1000;9/16;3/4;797/1000;4/5;259/320;521/640;7/8;15/16;31/32;63/64;127/128;1;5/4;3/2;7/4;2;9/4;5/2;11/4;3;13/4;3497/1000;7/2,1,3497/1000,"(0,0,0)",194,
hexagonal,194,P6_3/mmc,"(13,21,10)",a_ours_in_his,4a24e04257d3d0f4,4a24e04257d3d0f4,81/64;41/32;21/16;11/8;91/64;23/16;3/2;105/64;53/32;27/16;7/4;2;129/64;65/32;33/16;17/8;9/4;5/2;11/4;91/32;23/8;3;13/4;3497/1000;7/2,1,3497/1000,"(1/3,0,31/125)",194,
hexagonal,194,P6_3/mmc,"(14,22,10)",a_ours_in_his,f3ed2550b3b58d01,f3ed2550b3b58d01,1/2;527/1000;4439/8000;9101/16000;1277/2000;2777/4000;3/4;797/1000;4/5;259/320;521/640;7/8;29/32;15/16;31/32;63/64;127/128;1;17/16;69/64,1,797/1000,"(124/375,0,1/4)",194,
hexagonal,194,P6_3/mmc,"(14,24,12)",a_ours_in_his,0fef47b559fef709,0fef47b559fef709,37/32;19/16;5/4;3/2;7/4;2;9/4;5/2;11/4;3;13/4;3497/1000;7/2,1,3497/1000,"(1/3,0,1/4)",194,
hexagonal,194,P6_3/mmc,"(15,24,11)",a_ours_in_his,ff8725c53f6c0182,ff8725c53f6c0182,1/2;527/1000;3/4;797/1000;4/5;7/8;1;5/4;11/8;45/32;3/2;13/8;7/4;15/8;31/16;63/32;127/64;2;9/4;5/2;11/4;45/16;181/64,1,3497/1000,"(1/3,0,13/500)",194,
hexagonal,194,P6_3/mmc,"(18,30,14)",a_ours_in_his,76108b085b4e40f8,76108b085b4e40f8,1/2;527/1000;3/4;797/1000;4/5;7/8;1;9/8;73/64,1,797/1000,"(1/3,0,1/4)",194,
