system,group,symbol,f_vector,status,our_menu_type_ids,our_P2_type_ids,our_menu_c_over_a,his_row_count,his_b_ratios,his_points,his_block
tetragonal,75,P4,"(6,9,5)",c_his_not_ours_P2_reproduced,,a1053191a6317676,,1,1/2,"(706/1413,0,0)",75
tetragonal,75,P4,"(8,12,6)",a_ours_in_his,e3faf0283734fac7,e3faf0283734fac7,1/2;3/4;797/1000;4/5;1;5/4;7/5;3/2;38/25;7/4;2;9/4;5/2;11/4;3;13/4;3497/1000;7/2,1,1/2,"(0,0,0)",75
tetragonal,75,P4,"(10,15,7)",a_ours_in_his,52392121966e66eb,52392121966e66eb,1/2;3/4;797/1000;4/5;1;5/4;7/5;3/2;38/25;7/4;2;9/4;5/2;11/4;3;13/4;3497/1000;7/2,1,1/2,"(2825/5652,-1/5652,0)",75
tetragonal,76,P4_1,"(8,12,6)",c_his_not_ours_P2_reproduced,,e3faf0283734fac7,,1,3497/1000,"(0,0,0)",76_78
tetragonal,76,P4_1,"(8,14,8)",c_his_not_ours_P2_reproduced,,11ee80fc3799d1eb,,1,2,"(1/4,-1/4,0)",76_78
tetragonal,76,P4_1,"(12,18,8)",c_his_not_ours_P2_reproduced,,abfdf73c2f298784,,1,3497/1000,"(1/4,-1/4,0)",76_78
tetragonal,76,P4_1,"(14,24,12)",c_his_not_ours_P2_reproduced,,1da02fe6c7c6eb73,,1,2,"(27/148,23/148,0)",76_78
tetragonal,76,P4_1,"(18,28,12)",a_ours_in_his,c1824c64dfbb3615,c1824c64dfbb3615,2;9/4;5/2;11/4;3;13/4;3497/1000;7/2,1,3497/1000,"(1/2,0,0)",76_78
tetragonal,76,P4_1,"(24,36,14)",a_ours_in_his,31d09faf7fb2bf6f,31d09faf7fb2bf6f,109/80;7/5;3/2;38/25;7/4;2;9/4;5/2;21/8;43/16,1,797/1000,"(1/2,0,0)",76_78
tetragonal,76,P4_1,"(24,38,16)",c_his_not_ours_P2_reproduced,,a3a8447783e42486,,1,797/1000,"(173/3996,173/3996,0)",76_78
tetragonal,76,P4_1,"(28,42,16)",a_ours_in_his,33f2ba7ec7b99fa4;c7bba76d2396a322,c7bba76d2396a322,1/2;3/4;6047/8000;12141/16000;797/1000;4/5;13/16;77/64;39/32;5/4;53/40;43/32;433/320;677/400;7/4,1,797/1000,"(1079/3996,919/3996,0)",76_78
tetragonal,76,P4_1,"(32,48,18)",a_ours_in_his,6797ab70c6015039;a04f0c895fcd35ec;a19179f2621b5623;afeb1ae44c1a3443;e5760549017956be;e827fb0a11642e9f,e5760549017956be,3047/4000;1547/2000;797/1000;4/5;33/40;67/80;17/20;9/10;19/20;77/80;1;33/32;17/16;9/8;227/160;57/40;29/20;3/2;38/25;327/200;1331/800;537/320,1,797/1000,"(1/4,-1/4,0)",76_78
tetragonal,76,P4_1,"(36,54,20)",a_ours_in_his,086ac96faf390886;33e3eaedc0ac1c33;408752c46c2d7c90;60c6a7023f6e4280;b2284df87d426947,0087d56fd2a8a610,39/40;1;65/64;73/64;37/32;19/16;203/160;103/80;53/40;7/5;113/80,1,797/1000,"(1597/3996,401/3996,0)",76_78
tetragonal,76,P4_1,"(40,60,22)",a_ours_in_his,164d4bd63d82d0c3;61fc4ef8c8ac459a,c1a62b4c22e7c6e8,37/32;19/16;79/64;5/4;403/320,1,797/1000,"(1807/3996,191/3996,0)",76_78
tetragonal,76,P4_1,"(44,66,24)",a_ours_in_his,c5eec049a827aebd,c5eec049a827aebd,77/64;39/32,1,797/1000,"(20/333,44/999,0)",76_78
tetragonal,77,P4_2,"(8,12,6)",a_ours_in_his,e3faf0283734fac7,e3faf0283734fac7,1/2;3/4;797/1000;4/5;1;5/4;7/5;3/2;38/25;7/4;2;9/4;5/2;11/4;3;13/4;3497/1000;7/2,1,1/2,"(0,0,0)",77
tetragonal,77,P4_2,"(12,18,8)",c_his_not_ours_P2_reproduced,,fd9a9f68ec1db422,,1,1/2,"(88/1413,0,0)",77
tetragonal,77,P4_2,"(16,24,10)",c_his_not_ours_P2_reproduced,,35953737803092f0,,1,1/2,"(706/1413,0,0)",77
tetragonal,77,P4_2,"(18,28,12)",a_ours_in_his,c1824c64dfbb3615,c1824c64dfbb3615,227/160;91/64;57/40;23/16;29/20;3/2;38/25;7/4;2;9/4;5/2;11/4;3;13/4;3497/1000;7/2,1,1/2,"(21/628,-21/628,0)",77
tetragonal,77,P4_2,"(21,32,13)",a_ours_in_his,c6005fa4af1a744c,c6005fa4af1a744c,1/2;3/4;797/1000;4/5;1,1,1/2,"(2825/5652,-1/5652,0)",77
tetragonal,77,P4_2,"(24,36,14)",a_ours_in_his,31d09faf7fb2bf6f;3c8373805b3b0aab,31d09faf7fb2bf6f,1/2;3/4;797/1000;4/5;17/20;69/80;71/80;9/10;1;37/32;19/16;5/4;11/8;7/5;45/32;113/80;3/2;38/25;7/4;2;9/4;5/2;11/4;3;13/4;3497/1000;7/2,1,1/2,"(1/4,-1/4,0)",77
tetragonal,77,P4_2,"(25,38,15)",a_ours_in_his,3e83ba1555125b93,3e83ba1555125b93,65/64;33/32;17/16;69/64,1,1/2,"(313/628,-1/5652,0)",77
tetragonal,77,P4_2,"(28,42,16)",a_ours_in_his,96671ea7ca1f2450,96671ea7ca1f2450,7/8;35/32;9/8;73/64,1,1/2,"(539/5652,-187/5652,0)",77
tetragonal,78,P4_3,"(8,12,6)",c_his_not_ours_P2_reproduced,,e3faf0283734fac7,,1,3497/1000,"(0,0,0)",76_78
tetragonal,78,P4_3,"(8,14,8)",c_his_not_ours_P2_reproduced,,11ee80fc3799d1eb,,1,2,"(1/4,-1/4,0)",76_78
tetragonal,78,P4_3,"(12,18,8)",c_his_not_ours_P2_reproduced,,abfdf73c2f298784,,1,3497/1000,"(1/4,-1/4,0)",76_78
tetragonal,78,P4_3,"(14,24,12)",c_his_not_ours_P2_reproduced,,1da02fe6c7c6eb73,,1,2,"(27/148,23/148,0)",76_78
tetragonal,78,P4_3,"(18,28,12)",a_ours_in_his,c1824c64dfbb3615,c1824c64dfbb3615,2;9/4;5/2;11/4;3;13/4;3497/1000;7/2,1,3497/1000,"(1/2,0,0)",76_78
tetragonal,78,P4_3,"(24,36,14)",a_ours_in_his,31d09faf7fb2bf6f,31d09faf7fb2bf6f,109/80;7/5;3/2;38/25;7/4;2;9/4;5/2;21/8;43/16,1,797/1000,"(1/2,0,0)",76_78
tetragonal,78,P4_3,"(24,38,16)",c_his_not_ours_P2_reproduced,,a3a8447783e42486,,1,797/1000,"(173/3996,173/3996,0)",76_78
tetragonal,78,P4_3,"(28,42,16)",a_ours_in_his,33f2ba7ec7b99fa4;c7bba76d2396a322,c7bba76d2396a322,1/2;3/4;6047/8000;12141/16000;797/1000;4/5;13/16;77/64;39/32;5/4;53/40;43/32;433/320;677/400;7/4,1,797/1000,"(1079/3996,919/3996,0)",76_78
tetragonal,78,P4_3,"(32,48,18)",a_ours_in_his,6797ab70c6015039;a04f0c895fcd35ec;a19179f2621b5623;afeb1ae44c1a3443;e5760549017956be;e827fb0a11642e9f,e5760549017956be,3047/4000;1547/2000;797/1000;4/5;33/40;67/80;17/20;9/10;19/20;77/80;1;33/32;17/16;9/8;227/160;57/40;29/20;3/2;38/25;327/200;1331/800;537/320,1,797/1000,"(1/4,-1/4,0)",76_78
tetragonal,78,P4_3,"(36,54,20)",a_ours_in_his,086ac96faf390886;33e3eaedc0ac1c33;408752c46c2d7c90;60c6a7023f6e4280;b2284df87d426947,0087d56fd2a8a610,39/40;1;65/64;73/64;37/32;19/16;203/160;103/80;53/40;7/5;113/80,1,797/1000,"(1597/3996,401/3996,0)",76_78
tetragonal,78,P4_3,"(40,60,22)",a_ours_in_his,164d4bd63d82d0c3;61fc4ef8c8ac459a,c1a62b4c22e7c6e8,37/32;19/16;79/64;5/4;403/320,1,797/1000,"(1807/3996,191/3996,0)",76_78
tetragonal,78,P4_3,"(44,66,24)",a_ours_in_his,c5eec049a827aebd,c5eec049a827aebd,77/64;39/32,1,797/1000,"(20/333,44/999,0)",76_78
tetragonal,79,I4,"(8,12,6)",a_ours_in_his,e3faf0283734fac7,e3faf0283734fac7,1/2;3/4;797/1000;4/5;1;5/4;7/5;3/2;38/25;7/4;2;9/4;5/2;11/4;3;13/4;3497/1000;7/2,1,1/2,"(1/4,-1/4,0)",79
tetragonal,79,I4,"(8,13,7)",c_his_not_ours_P2_reproduced,,d724d08efce3fe5f,,1,1/2,"(706/1413,0,0)",79
tetragonal,79,I4,"(12,18,8)",c_his_not_ours_P2_reproduced,,9b7039e0c295ff94,,1,1/2,"(103/471,-103/471,0)",79
tetragonal,79,I4,"(14,21,9)",c_his_not_ours_P2_reproduced,,dcc0a70baf02d3d7,,1,1/2,"(206/471,0,0)",79
tetragonal,79,I4,"(14,23,11)",a_ours_in_his,7824c3404ec7c532,7824c3404ec7c532,37/64;19/32;5/8;3/4;797/1000;4/5;37/40;19/20;1;5/4;7/5;3/2;38/25;7/4;2;9/4;5/2;11/4;3;13/4;3497/1000;7/2,1,1/2,"(2825/5652,-1/5652,0)",79
tetragonal,79,I4,"(17,26,11)",c_his_not_ours_P2_reproduced,,bf5f699aaeed9ea9,,1,1/2,"(2471/5652,-1/5652,0)",79
tetragonal,79,I4,"(18,28,12)",a_ours_in_his,c1824c64dfbb3615,c1824c64dfbb3615,227/160;91/64;57/40;23/16;29/20;3/2;38/25;7/4;2;9/4;5/2;11/4;3;13/4;3497/1000;7/2,1,7/2,"(0,0,0)",79
tetragonal,79,I4,"(18,29,13)",a_ours_in_his,2626c0b5370635a6,2626c0b5370635a6,1/2;9/16,1,1/2,"(2395/5652,-431/5652,0)",79
tetragonal,79,I4,"(21,32,13)",a_ours_in_his,1f2da25d4fd3e5d7,1f2da25d4fd3e5d7,1/2;3/4;797/1000;4/5;9/10;73/80,1,1/2,"(823/1884,-1/1884,0)",79
tetragonal,79,I4,"(24,36,14)",a_ours_in_his,31d09faf7fb2bf6f,31d09faf7fb2bf6f,1/2;3/4;797/1000;4/5;1;5/4;11/8;7/5;45/32;113/80,1,1/2,"(0,0,0)",79
tetragonal,80,I4_1,"(8,12,6)",c_his_not_ours_P2_reproduced,,e3faf0283734fac7,,1,3497/1000,"(1/4,-1/4,0)",80
tetragonal,80,I4_1,"(8,14,8)",a_ours_in_his,11ee80fc3799d1eb,11ee80fc3799d1eb,2,1,2,"(0,0,0)",80
tetragonal,80,I4_1,"(12,18,8)",a_ours_in_his,abfdf73c2f298784,abfdf73c2f298784,129/64;65/32;33/16;17/8;9/4;5/2;11/4;3;13/4;3497/1000;7/2,1,3497/1000,"(0,0,0)",80
tetragonal,80,I4_1,"(19,29,12)",c_his_not_ours_P2_reproduced,,b509653535640869,,1,323/250,"(178/1413,0,0)",80
tetragonal,80,I4_1,"(22,34,14)",c_his_not_ours_P2_reproduced,,779fb53b92dfc3fe,,1,409/500,"(353/1413,0,0)",80
tetragonal,80,I4_1,"(24,38,16)",a_ours_in_his,a3a8447783e42486,7247387cc8eab1bb,227/160;91/64;57/40;23/16;29/20;3/2;38/25;7/4;15/8;31/16;63/32;127/64,1,3497/1000,"(33/157,18/157,0)",80
tetragonal,80,I4_1,"(25,38,15)",a_ours_in_his,ae7f4681011715ee,ae7f4681011715ee,1/2;33/64,1,797/1000,"(739/5652,155/5652,0)",80
tetragonal,80,I4_1,"(25,39,16)",a_ours_in_his,80b68f2e4481cfeb,eda7881fe2bb6928,1,1,1289/1000,"(151/942,0,0)",80
tetragonal,80,I4_1,"(26,40,16)",c_his_not_ours_P2_reproduced,,0498a4ecb657609d,,1,3497/1000,"(353/1413,353/1413,0)",80
tetragonal,80,I4_1,"(26,41,17)",c_his_not_ours_P2_reproduced,,dbbd406100689384,,1,797/1000,"(739/5652,739/5652,0)",80
tetragonal,80,I4_1,"(28,42,16)",c_his_not_ours_P2_reproduced,,e4200db43401702b,,1,797/1000,"(1/4,305/5652,0)",80
tetragonal,80,I4_1,"(28,44,18)",c_his_not_ours_P2_reproduced,,75ef3449b535a918,,1,619/500,"(33/157,18/157,0)",80
tetragonal,80,I4_1,"(29,44,17)",a_ours_in_his,c6ba6d87ea9c38b4,c6ba6d87ea9c38b4,1/2;17/32;9/16;5/8;21/32;3/4;797/1000;4/5,1,797/1000,"(739/5652,497/5652,0)",80
tetragonal,80,I4_1,"(30,45,17)",a_ours_in_his,46f335670d41c77e;8c69db9e84095469,8c69db9e84095469,73/80;37/40;19/20;1;65/64;33/32;17/16;69/64;35/32;9/8;37/32;19/16;77/64;39/32;79/64,1,797/1000,"(191/942,191/942,0)",80
tetragonal,80,I4_1,"(30,47,19)",c_his_not_ours_P2_reproduced,,2d64348ab19ff182,,1,4/5,"(79/628,59/628,0)",80
tetragonal,80,I4_1,"(32,48,18)",a_ours_in_his,19c7c8de77b6ce20;5f2e35e62d0aa64d;7575121042ade3b3;8fc19c6bf41cc1fd;9aa9148ffc66fe2e;e5760549017956be,,1/2;43/64;47/64;3/4;797/1000;4/5;69/80;7/8;9/10;73/80;39/40;79/80;1;9/8;73/64;83/64;209/160;53/40;7/5;7/4;2;9/4;5/2;11/4;3;13/4;3497/1000;7/2,1,3497/1000,"(353/1413,235/942,0)",80
tetragonal,80,I4_1,"(33,50,19)",a_ours_in_his,50296e97987286bc,432f66d3b2344164,13/16,1,797/1000,"(739/5652,737/5652,0)",80
tetragonal,80,I4_1,"(34,51,19)",a_ours_in_his,3dd10b67f0ea1611;823d10214adbceef,823d10214adbceef,71/80;9/10;75/64;19/16;5/4;103/80;7/5;3/2;151/100;303/200,1,797/1000,"(33/157,33/157,0)",80
tetragonal,80,I4_1,"(36,54,20)",a_ours_in_his,0a848b954870c137;18748e6ed02d0e2a;60c6a7023f6e4280;7431ec8f1f876c60,06c5da3bdc942c6f,11/16;23/32;13/16;33/40;17/20;7/8;37/40;19/20;77/80;37/32;19/16;5/4;11/8;7/5;45/32;113/80;3/2;38/25;7/4,1,3497/1000,"(1/4,1411/5652,0)",80
tetragonal,80,I4_1,"(37,56,21)",c_his_not_ours_P2_reproduced,,366222a14ad703b4,,1,797/1000,"(739/5652,581/5652,0)",80
tetragonal,80,I4_1,"(38,57,21)",a_ours_in_his,1045f2420adbbe89,4b1ad87bd9634ec8,38/25,1,797/1000,"(1411/5652,965/5652,0)",80
tetragonal,80,I4_1,"(39,59,22)",c_his_not_ours_P2_reproduced,,316d58d62bf970b0,,1,148/125,"(33/157,18/157,0)",80
tetragonal,80,I4_1,"(40,60,22)",c_his_not_ours_P2_reproduced,,da3fbcfc2cfb1cd1,,1,797/1000,"(353/1413,593/2826,0)",80
tetragonal,80,I4_1,"(42,63,23)",c_his_not_ours_P2_reproduced,,e84038ce92bcba3e,,1,797/1000,"(353/1413,241/1413,0)",80
tetragonal,80,I4_1,"(44,66,24)",c_his_not_ours_P2_reproduced,,ab93cbeb7be9da28,,1,797/1000,"(1/4,395/1884,0)",80
tetragonal,80,I4_1,"(46,69,25)",c_his_not_ours_P2_reproduced,,ac9612393f1abb01,,1,317/250,"(377/1884,559/5652,0)",80
tetragonal,80,I4_1,"(48,72,26)",c_his_not_ours_P2_reproduced,,698bcaf0b95bcece,,1,797/1000,"(1/4,389/1884,0)",80
tetragonal,81,P-4,"(6,9,5)",c_his_not_ours_P2_reproduced,,a1053191a6317676,,1,3497/1000,"(62/125,0,0)",81
tetragonal,81,P-4,"(8,12,6)",a_ours_in_his,e3faf0283734fac7,e3faf0283734fac7,1/2;3/4;797/1000;4/5;1;5/4;7/5;3/2;38/25;7/4;2;9/4;5/2;11/4;3;13/4;3497/1000;7/2,1,3497/1000,"(0,0,0)",81
tetragonal,81,P-4,"(10,15,7)",c_his_not_ours_P2_reproduced,,52392121966e66eb,,1,3497/1000,"(249/500,-1/500,0)",81
tetragonal,81,P-4,"(10,16,8)",c_his_not_ours_P2_reproduced,,61a294835c4c4a23,,1,4/5,"(4/25,0,1/4)",81
tetragonal,81,P-4,"(12,18,8)",c_his_not_ours_P2_reproduced,,fd9a9f68ec1db422,,1,3497/1000,"(62/125,0,1/4)",81
tetragonal,81,P-4,"(14,24,12)",a_ours_in_his,1da02fe6c7c6eb73,1da02fe6c7c6eb73,3/2,1,4/5,"(1/10,-1/10,1/4)",81
tetragonal,81,P-4,"(16,24,10)",c_his_not_ours_P2_reproduced,,35953737803092f0,,1,3497/1000,"(62/125,0,1/50)",81
tetragonal,81,P-4,"(18,28,12)",a_ours_in_his,c1824c64dfbb3615,c1824c64dfbb3615,227/160;57/40;23/16;29/20;3/2;1201/800;601/400;301/200;151/100;38/25;327/200;7/4;61/32;31/16;2;9/4;5/2;41/16;21/8;11/4;3;13/4;3497/1000;7/2,1,3497/1000,"(1/4,-1/4,1/4)",81
tetragonal,81,P-4,"(18,29,13)",c_his_not_ours_P2_reproduced,,df1f7ed88d8f21aa,,1,4/5,"(121/250,-1/250,13/100)",81
tetragonal,81,P-4,"(19,30,13)",c_his_not_ours_P2_reproduced,,b25a63276e96e094,,1,4/5,"(33/100,-17/100,1/4)",81
tetragonal,81,P-4,"(21,32,13)",a_ours_in_his,c6005fa4af1a744c,c6005fa4af1a744c,1/2;17/32;35/64;3/4;797/1000;4/5;1;17/16,1,3497/1000,"(249/500,-1/500,1/50)",81
tetragonal,81,P-4,"(21,33,14)",c_his_not_ours_P2_reproduced,,60e42735ba55028d,,1,4/5,"(31/250,-1/250,13/100)",81
tetragonal,81,P-4,"(23,36,15)",c_his_not_ours_P2_reproduced,,c7258adeebded3ae,,1,4/5,"(123/500,-43/500,1/4)",81
tetragonal,81,P-4,"(24,36,14)",a_ours_in_his,31d09faf7fb2bf6f;3c8373805b3b0aab,31d09faf7fb2bf6f,1/2;9/16;5/8;3/4;797/1000;4/5;1;9/8;37/32;19/16;39/32;5/4;11/8;7/5;45/32;113/80;91/64;29/20;59/40;119/80;239/160;3/2;38/25;631/400;257/160;2593/1600;7/4;15/8;121/64;2;9/4;5/2;81/32;163/64;11/4;3;13/4;3497/1000;7/2,1,3497/1000,"(1/4,-1/4,1/100)",81
tetragonal,81,P-4,"(25,38,15)",a_ours_in_his,3e83ba1555125b93,3e83ba1555125b93,69/64;35/32;9/8;73/64,1,3497/1000,"(247/500,-1/500,1/50)",81
tetragonal,81,P-4,"(28,42,16)",a_ours_in_his,96671ea7ca1f2450,96671ea7ca1f2450,37/32;75/64;19/16;77/64,1,3497/1000,"(31/500,-27/500,1/250)",81
tetragonal,82,I-4,"(6,11,7)",c_his_not_ours_P2_reproduced,,d2d935e5499e6e11,,1,4/5,"(17/50,0,0)",82
tetragonal,82,I-4,"(7,11,6)",c_his_not_ours_P2_reproduced,,a4d2e4badea1fc0f,,1,4/5,"(17/100,-17/100,0)",82
tetragonal,82,I-4,"(8,12,6)",a_ours_in_his,e3faf0283734fac7,e3faf0283734fac7,1/2;3/4;797/1000;4/5;1;5/4;7/5;3/2;38/25;7/4;2;9/4;5/2;11/4;3;13/4;3497/1000;7/2,1,3497/1000,"(1/4,-1/4,0)",82
tetragonal,82,I-4,"(8,13,7)",c_his_not_ours_P2_reproduced,,d724d08efce3fe5f,,1,3497/1000,"(62/125,0,0)",82
tetragonal,82,I-4,"(9,16,9)",a_ours_in_his,0c6ba5cadd15c06e,0c6ba5cadd15c06e,2,1,2,"(0,0,1/8)",82
tetragonal,82,I-4,"(10,16,8)",c_his_not_ours_P2_reproduced,,61a294835c4c4a23,,1,7/2,"(49/125,0,4/125)",82
tetragonal,82,I-4,"(12,18,8)",c_his_not_ours_P2_reproduced,,fd9a9f68ec1db422,,1,3497/1000,"(62/125,0,1/8)",82
tetragonal,82,I-4,"(13,20,9)",a_ours_in_his,82a5a88ccba80d26,82a5a88ccba80d26,25/16;13/8;2777/1600;7/4;2;129/64;65/32;33/16;17/8;9/4;157/64;79/32;5/2;11/4;3;13/4;111/32;3497/1000;7/2,1,3497/1000,"(0,0,1/8)",82
tetragonal,82,I-4,"(13,22,11)",c_his_not_ours_P2_reproduced,,49f36a9ed073276e,,1,4/5,"(169/500,-1/500,0)",82
tetragonal,82,I-4,"(14,21,9)",c_his_not_ours_P2_reproduced,,dcc0a70baf02d3d7,,1,797/1000,"(17/50,0,0)",82
tetragonal,82,I-4,"(14,23,11)",c_his_not_ours_P2_reproduced,,7824c3404ec7c532,,1,3497/1000,"(249/500,-1/500,0)",82
tetragonal,82,I-4,"(14,24,12)",c_his_not_ours_P2_reproduced,,6d418b925cf725c2,,1,4/5,"(1/4,-17/100,1/8)",82
tetragonal,82,I-4,"(15,25,12)",c_his_not_ours_P2_reproduced,,f089902bc80ee80e,,1,4/5,"(21/50,0,1/8)",82
tetragonal,82,I-4,"(16,24,10)",a_ours_in_his,35953737803092f0,35953737803092f0,1/2;3/4;797/1000;4/5;1;5/4;7/5;3/2;38/25;49/32;99/64;327/200;677/400;1377/800;7/4;15/8;31/16;63/32;127/64;2;9/4;19/8;39/16;5/2;11/4;3;13/4;27/8;55/16;221/64,1,3497/1000,"(1/2,0,1/25)",82
tetragonal,82,I-4,"(17,26,11)",c_his_not_ours_P2_reproduced,,bf5f699aaeed9ea9,,1,797/1000,"(167/500,-1/500,0)",82
tetragonal,82,I-4,"(18,28,12)",a_ours_in_his,c1824c64dfbb3615,c1824c64dfbb3615,227/160;57/40;29/20;3/2;38/25;7/4;2;9/4;5/2;11/4;3;13/4;3497/1000;7/2,1,3497/1000,"(0,0,0)",82
tetragonal,82,I-4,"(18,29,13)",c_his_not_ours_P2_reproduced,,2626c0b5370635a6,,1,527/1000,"(41/100,-9/100,0)",82
tetragonal,82,I-4,"(18,30,14)",c_his_not_ours_P2_reproduced,,a11eccf247552638,,1,4/5,"(3/10,0,1/8)",82
tetragonal,82,I-4,"(19,30,13)",c_his_not_ours_P2_reproduced,,b6892ba92de5db43,,1,7/2,"(223/500,-27/500,4/125)",82
tetragonal,82,I-4,"(21,32,13)",c_his_not_ours_P2_reproduced,,1f2da25d4fd3e5d7,,1,797/1000,"(169/500,-1/500,0)",82
tetragonal,82,I-4,"(21,33,14)",c_his_not_ours_P2_reproduced,,60e42735ba55028d,,1,7/2,"(2/25,-3/50,1/100)",82
tetragonal,82,I-4,"(22,34,14)",c_his_not_ours_P2_reproduced,,779fb53b92dfc3fe,,1,797/1000,"(21/50,0,1/8)",82
tetragonal,82,I-4,"(23,35,14)",c_his_not_ours_P2_reproduced,,b062a24492a59606,,1,3497/1000,"(62/125,0,1/25)",82
tetragonal,82,I-4,"(23,36,15)",c_his_not_ours_P2_reproduced,,6763dfbdadac0724,,1,7/2,"(221/500,-1/20,4/125)",82
tetragonal,82,I-4,"(24,36,14)",a_ours_in_his,31d09faf7fb2bf6f;3c8373805b3b0aab;5e4688ed5001cc7c,31d09faf7fb2bf6f,1/2;33/64;3/4;797/1000;4/5;1;9/8;5/4;53/40;7/5;113/80;3/2;38/25;7/4;29/16;15/8;123/64;31/16;125/64;2;9/4;5/2;11/4;3;13/4;3497/1000;7/2,1,3497/1000,"(1/4,-1/4,11/500)",82
tetragonal,82,I-4,"(25,39,16)",c_his_not_ours_P2_reproduced,,e01a9b7b7a7f90df,,1,797/1000,"(24/125,-7/125,1/10)",82
tetragonal,82,I-4,"(26,39,15)",a_ours_in_his,1148b1810c34b982,1148b1810c34b982,23/32;3/4;797/1000;4/5;1;17/16;35/32;71/64;5/4;103/80;209/160;421/320,1,3497/1000,"(249/500,-1/500,1/25)",82
tetragonal,82,I-4,"(27,42,17)",c_his_not_ours_P2_reproduced,,3a4ac05cbbcf70b0,,1,1/2,"(2/25,-3/50,1/10)",82
tetragonal,82,I-4,"(28,42,16)",a_ours_in_his,38d3ab5e6be25619;99e39b85a778ce64;de4e90813b269574,38d3ab5e6be25619,1/2;17/32;45/64;117/64;59/32;15/8;61/32;63/32;127/64,1,3497/1000,"(73/250,-1/5,23/1000)",82
tetragonal,82,I-4,"(29,45,18)",c_his_not_ours_P2_reproduced,,13b433097850a8c1,,1,527/1000,"(2/25,-3/50,1/20)",82
tetragonal,82,I-4,"(30,45,17)",c_his_not_ours_P2_reproduced,,dc04aa80d39a6bde,,1,3497/1000,"(247/500,-1/500,1/25)",82
tetragonal,82,I-4,"(31,48,19)",c_his_not_ours_P2_reproduced,,504e01bcbd30ae60,,1,32/25,"(21/125,-3/250,1/20)",82
tetragonal,82,I-4,"(32,48,18)",a_ours_in_his,e1f32acb6ba6b519,8c6ce6f99b63ea68,35/64;9/16;5/8;11/16,1,797/1000,"(201/500,-1/500,101/1000)",82
tetragonal,82,I-4,"(33,51,20)",c_his_not_ours_P2_reproduced,,21108a561a5e2b12,,1,26/25,"(27/100,-3/100,1/8)",82
tetragonal,82,I-4,"(34,51,19)",c_his_not_ours_P2_reproduced,,2be834c1d59726e9,,1,3497/1000,"(241/500,-1/500,3/500)",82
tetragonal,82,I-4,"(35,54,21)",c_his_not_ours_P2_reproduced,,69f531cb3fb2dc27,,1,32/25,"(31/250,-1/250,2/25)",82
tetragonal,82,I-4,"(36,54,20)",c_his_not_ours_P2_reproduced,,300ec7e4b7a195dc,,1,797/1000,"(9/100,-19/500,4/125)",82
tetragonal,82,I-4,"(38,57,21)",c_his_not_ours_P2_reproduced,,9f93ce56a71427c4,,1,3497/1000,"(219/500,-1/500,9/500)",82
tetragonal,82,I-4,"(40,60,22)",c_his_not_ours_P2_reproduced,,be493ac6bdf911f9,,1,839/1000,"(119/500,-21/500,109/1000)",82
tetragonal,82,I-4,"(42,63,23)",c_his_not_ours_P2_reproduced,,bfdfd4f5bdcb65d6,,1,3497/1000,"(171/500,-1/500,19/1000)",82
tetragonal,83,P4/m,"(6,9,5)",a_ours_in_his,a1053191a6317676,a1053191a6317676,1/2;3/4;797/1000;4/5;1;5/4;7/5;3/2;38/25;7/4;2;9/4;5/2;11/4;3;13/4;3497/1000;7/2,1,3497/1000,"(62/125,0,1/4)",83
tetragonal,83,P4/m,"(8,12,6)",a_ours_in_his,e3faf0283734fac7,e3faf0283734fac7,1/2;3/4;797/1000;4/5;1;5/4;7/5;3/2;38/25;7/4;2;9/4;5/2;11/4;3;13/4;3497/1000;7/2,1,3497/1000,"(0,0,0)",83
tetragonal,83,P4/m,"(10,15,7)",a_ours_in_his,52392121966e66eb,52392121966e66eb,1/2;3/4;797/1000;4/5;1;5/4;7/5;3/2;38/25;7/4;2;9/4;5/2;11/4;3;13/4;3497/1000;7/2,1,3497/1000,"(249/500,-1/500,0)",83
tetragonal,84,P4_2/m,"(6,9,5)",c_his_not_ours_P2_reproduced,,a1053191a6317676,,1,3497/1000,"(62/125,0,1/4)",84
tetragonal,84,P4_2/m,"(8,12,6)",a_ours_in_his,e3faf0283734fac7,e3faf0283734fac7,1/2;3/4;797/1000;4/5;1;5/4;7/5;3/2;38/25;7/4;2;9/4;5/2;11/4;3;13/4;3497/1000;7/2,1,3497/1000,"(0,0,0)",84
tetragonal,84,P4_2/m,"(8,13,7)",c_his_not_ours_P2_reproduced,,59efe85d44daca83,,1,7/2,"(49/250,0,117/500)",84
tetragonal,84,P4_2/m,"(9,16,9)",a_ours_in_his,0c6ba5cadd15c06e,0c6ba5cadd15c06e,2,1,4/5,"(2/25,-2/25,1/25)",84
tetragonal,84,P4_2/m,"(10,15,7)",c_his_not_ours_P2_reproduced,,52392121966e66eb,,1,3497/1000,"(107/250,0,107/500)",84
tetragonal,84,P4_2/m,"(10,16,8)",a_ours_in_his,61a294835c4c4a23,61a294835c4c4a23,1,1,4/5,"(4/25,0,0)",84
tetragonal,84,P4_2/m,"(11,18,9)",c_his_not_ours_P2_reproduced,,e72a94c484871671,,1,5/4,"(3/10,-1/10,61/500)",84
tetragonal,84,P4_2/m,"(12,18,8)",a_ours_in_his,fd9a9f68ec1db422,9b7039e0c295ff94,37/64;19/32;5/8;23/32;3/4;797/1000;4/5;33/40;17/20;9/10;1;65/64;33/32;17/16;9/8;37/32;19/16;79/64;5/4;83/64;209/160;53/40;7/5;3/2;38/25;7/4;2;9/4;5/2;11/4;3;13/4;3497/1000;7/2,1,3497/1000,"(62/125,0,31/125)",84
tetragonal,84,P4_2/m,"(12,19,9)",c_his_not_ours_P2_reproduced,,3f514a6270d42d85,,1,4/5,"(101/250,-1/50,47/500)",84
tetragonal,84,P4_2/m,"(13,20,9)",a_ours_in_his,82a5a88ccba80d26;cc7af78c512b51be,82a5a88ccba80d26,1/2;25/16;13/8;2777/1600;7/4;2;129/64;65/32;33/16;17/8;9/4;157/64;79/32;5/2;11/4;3;13/4;111/32;3497/1000;7/2,1,3497/1000,"(1/4,-1/4,57/250)",84
tetragonal,84,P4_2/m,"(14,21,9)",a_ours_in_his,3f6b28d5f7a72d60,3f6b28d5f7a72d60,1/2;3/4;797/1000;4/5;1;5/4;7/5;3/2;38/25;327/200;677/400;1377/800;2777/1600,1,3497/1000,"(249/500,-1/500,31/125)",84
tetragonal,84,P4_2/m,"(14,22,10)",c_his_not_ours_P2_reproduced,,b617d9d8300d71de,,1,4/5,"(1/5,-2/25,7/250)",84
tetragonal,84,P4_2/m,"(14,24,12)",a_ours_in_his,1da02fe6c7c6eb73,1da02fe6c7c6eb73,1,1,4/5,"(1/10,-1/10,0)",84
tetragonal,84,P4_2/m,"(15,24,11)",c_his_not_ours_P2_reproduced,,ac0cc034b51f8be2,,1,4/5,"(16/125,-8/125,4/125)",84
tetragonal,84,P4_2/m,"(16,24,10)",a_ours_in_his,35953737803092f0,35953737803092f0,1/2;33/64;17/32;9/16;5/8;11/16;45/64;3/4;797/1000;4/5;13/16;9/10;19/20;39/40;79/80;1;17/16;9/8;73/64;19/16;39/32;5/4;103/80;7/5;3/2;38/25;49/32;99/64;327/200;677/400;1377/800;7/4;15/8;31/16;63/32;127/64;2;9/4;19/8;39/16;5/2;11/4;3;13/4;27/8;55/16;221/64,1,3497/1000,"(1/4,-1/4,31/125)",84
tetragonal,84,P4_2/m,"(17,26,11)",c_his_not_ours_P2_reproduced,,cdeac228d3f6b94f,,1,7/2,"(207/500,-11/500,109/500)",84
tetragonal,84,P4_2/m,"(18,27,11)",a_ours_in_his,be5425f5a03b6db4;f286ea0db04f5993,f286ea0db04f5993,35/32;9/8;5/4;7/5;3/2;38/25;7/4;29/16;59/32;119/64;127/64;2;9/4;5/2;11/4;3;13/4;3497/1000;7/2,1,3497/1000,"(58/125,-4/125,27/125)",84
tetragonal,84,P4_2/m,"(18,28,12)",a_ours_in_his,c1824c64dfbb3615,c1824c64dfbb3615,3/4;797/1000;4/5;7/8;9/10;19/20;1;65/64;33/32;17/16;9/8;77/64;39/32;5/4;7/5;227/160;57/40;29/20;3/2;38/25;7/4;2;9/4;5/2;11/4;3;13/4;3497/1000;7/2,1,3497/1000,"(1/4,-1/4,0)",84
tetragonal,84,P4_2/m,"(19,30,13)",a_ours_in_his,b25a63276e96e094,b25a63276e96e094,1,1,4/5,"(33/100,-17/100,0)",84
tetragonal,84,P4_2/m,"(20,30,12)",a_ours_in_his,c65fa384abfb3249,c65fa384abfb3249,69/64;15/8;31/16;63/32,1,3497/1000,"(181/500,-47/500,57/250)",84
tetragonal,84,P4_2/m,"(21,32,13)",a_ours_in_his,c6005fa4af1a744c,c6005fa4af1a744c,1/2;9/16;5/8;11/16;45/64;3/4;1547/2000;3141/4000;6329/8000;797/1000;4/5;13/16;17/20;7/8;71/80;9/10;73/80;19/20;39/40;79/80;1;9/8;73/64,1,797/1000,"(249/500,-1/500,0)",84
tetragonal,84,P4_2/m,"(23,36,15)",a_ours_in_his,c7258adeebded3ae,c7258adeebded3ae,1,1,4/5,"(123/500,-43/500,0)",84
tetragonal,84,P4_2/m,"(24,36,14)",a_ours_in_his,31d09faf7fb2bf6f;3c8373805b3b0aab,3c8373805b3b0aab,1/2;37/64;19/32;5/8;11/16;23/32;47/64;3/4;12047/16000;12423/16000;1247/1600;3141/4000;797/1000;4/5;33/40;67/80;17/20;69/80;71/80;9/10;37/40;15/16;19/20;77/80;39/40;79/80;1;65/64;33/32;67/64;17/16;69/64;35/32;71/64;9/8;37/32;19/16;5/4;7/5;113/80;3/2;38/25;7/4;2;9/4;5/2;11/4;3;13/4;3497/1000;7/2,1,3497/1000,"(247/500,-1/500,0)",84
tetragonal,84,P4_2/m,"(25,38,15)",a_ours_in_his,3e83ba1555125b93,3e83ba1555125b93,2541/3200;797/1000;4/5;13/16;9/10;19/20;39/40;79/80;65/64;33/32;17/16;69/64,1,797/1000,"(49/100,-1/500,0)",84
tetragonal,84,P4_2/m,"(28,42,16)",a_ours_in_his,96671ea7ca1f2450,96671ea7ca1f2450,3/4;6047/8000;3047/4000;1547/2000;797/1000;4/5;33/40;17/20;7/8;9/10;73/80;37/40;19/20;77/80;39/40;65/64;33/32;17/16;69/64;35/32;9/8;73/64,1,797/1000,"(121/500,-43/500,0)",84
tetragonal,85,P4/n,"(6,9,5)",c_his_not_ours_P2_reproduced,,a1053191a6317676,,1,3497/1000,"(249/500,-1/500,0)",85
tetragonal,85,P4/n,"(6,11,7)",c_his_not_ours_not_stored,,,,1,4/5,"(1/4,-9/100,1/4)",85
tetragonal,85,P4/n,"(8,12,6)",a_ours_in_his,e3faf0283734fac7,e3faf0283734fac7,1/2;3/4;797/1000;4/5;1;5/4;7/5;3/2;38/25;7/4;2;9/4;5/2;11/4;3;13/4;3497/1000;7/2,1,3497/1000,"(0,0,0)",85
tetragonal,85,P4/n,"(8,13,7)",c_his_not_ours_not_stored,,,,1,3497/1000,"(1/4,-123/500,1/4)",85
tetragonal,85,P4/n,"(10,15,7)",c_his_not_ours_not_stored,,,,1,3497/1000,"(62/125,0,0)",85
tetragonal,85,P4/n,"(10,17,9)",c_his_not_ours_not_stored,,,,1,1/2,"(13/50,-9/50,1/5)",85
tetragonal,85,P4/n,"(11,20,11)",c_his_not_ours_not_stored,,,,1,1/2,"(31/100,-17/100,1/5)",85
tetragonal,85,P4/n,"(13,22,11)",c_his_not_ours_not_stored,,,,1,4/5,"(17/50,0,1/4)",85
tetragonal,85,P4/n,"(14,21,9)",c_his_not_ours_not_stored,,,,1,3497/1000,"(1/4,-99/500,1/500)",85
tetragonal,85,P4/n,"(14,23,11)",a_ours_in_his,7824c3404ec7c532,,6379/8000;3191/4000;1597/2000;4/5;1;37/32;19/16;5/4;7/5;3/2;38/25;7/4;2;9/4;5/2;11/4;3;13/4;3497/1000;7/2,1,3497/1000,"(62/125,0,1/4)",85
tetragonal,85,P4/n,"(14,24,12)",b_ours_not_his,1da02fe6c7c6eb73,,3/2,0,,,
tetragonal,85,P4/n,"(17,26,11)",a_ours_in_his,bf5f699aaeed9ea9,,1/2;17/32;35/64;9/16;37/64,1,3497/1000,"(11/25,0,1/500)",85
tetragonal,85,P4/n,"(18,28,12)",b_ours_not_his,c1824c64dfbb3615,,227/160;57/40;23/16;29/20;3/2;1201/800;601/400;301/200;151/100;38/25;327/200;7/4;61/32;31/16;2;9/4;5/2;41/16;21/8;11/4;3;13/4;3497/1000;7/2,0,,,
tetragonal,85,P4/n,"(18,29,13)",a_ours_in_his,2626c0b5370635a6,2626c0b5370635a6,9/16;5/8;3/4;797/1000;2551/3200,1,3497/1000,"(97/500,-97/500,1/500)",85
tetragonal,85,P4/n,"(21,32,13)",a_ours_in_his,1f2da25d4fd3e5d7,,19/32;5/8;3/4;797/1000;4/5;1;9/8;73/64,1,3497/1000,"(56/125,0,1/500)",85
tetragonal,85,P4/n,"(24,36,14)",b_ours_not_his,31d09faf7fb2bf6f,,1/2;3/4;797/1000;4/5;1;5/4;11/8;7/5;45/32;113/80;91/64;29/20;59/40;119/80;239/160;3/2;38/25;631/400;257/160;2593/1600;7/4;15/8;121/64;2;9/4;5/2;81/32;163/64,0,,,
tetragonal,86,P4_2/n,"(6,11,7)",c_his_not_ours_not_stored,,,,1,4/5,"(1/4,-9/100,1/4)",86
tetragonal,86,P4_2/n,"(8,12,6)",a_ours_in_his,e3faf0283734fac7,e3faf0283734fac7,1/2;3/4;797/1000;4/5;1;5/4;7/5;3/2;38/25;7/4;2;9/4;5/2;11/4;3;13/4;3497/1000;7/2,1,3497/1000,"(0,0,1/4)",86
tetragonal,86,P4_2/n,"(8,13,7)",c_his_not_ours_not_stored,,,,1,3497/1000,"(1/4,-123/500,1/4)",86
tetragonal,86,P4_2/n,"(9,16,9)",a_ours_in_his,0c6ba5cadd15c06e,,2,1,5/4,"(1/2,0,9/100)",86
tetragonal,86,P4_2/n,"(10,16,8)",c_his_not_ours_not_stored,,,,1,4/5,"(41/100,-9/100,0)",86
tetragonal,86,P4_2/n,"(11,19,10)",c_his_not_ours_not_stored,,,,1,7/2,"(1/4,-27/500,2/125)",86
tetragonal,86,P4_2/n,"(12,18,8)",c_his_not_ours_not_stored,,,,1,3497/1000,"(249/500,-1/500,0)",86
tetragonal,86,P4_2/n,"(13,20,9)",a_ours_in_his,82a5a88ccba80d26,,25/16;13/8;2777/1600;7/4;2;129/64;65/32;33/16;17/8;9/4;157/64;79/32;5/2;11/4;3;13/4;111/32;3497/1000;7/2,1,3497/1000,"(1/2,0,57/250)",86
tetragonal,86,P4_2/n,"(13,22,11)",c_his_not_ours_not_stored,,,,1,4/5,"(17/50,0,1/4)",86
tetragonal,86,P4_2/n,"(14,21,9)",c_his_not_ours_not_stored,,,,1,797/1000,"(1/4,-9/100,1/4)",86
tetragonal,86,P4_2/n,"(14,23,11)",c_his_not_ours_not_stored,,,,1,3497/1000,"(62/125,0,1/4)",86
tetragonal,86,P4_2/n,"(14,24,12)",b_ours_not_his,1da02fe6c7c6eb73,,1;3,0,,,
tetragonal,86,P4_2/n,"(16,24,10)",a_ours_in_his,35953737803092f0,,1/2;3/4;797/1000;4/5;1;5/4;7/5;3/2;38/25;49/32;99/64;327/200;677/400;1377/800;7/4;15/8;31/16;63/32;127/64;2;9/4;19/8;39/16;5/2;11/4;3;13/4;27/8;55/16;221/64,1,3497/1000,"(1/2,0,31/125)",86
tetragonal,86,P4_2/n,"(17,26,11)",c_his_not_ours_not_stored,,,,1,3497/1000,"(239/500,-11/500,57/250)",86
tetragonal,86,P4_2/n,"(18,28,12)",a_ours_in_his,c1824c64dfbb3615,c1824c64dfbb3615,65/64;33/32;17/16;9/8;5/4;7/5;227/160;57/40;29/20;3/2;38/25;7/4;2;9/4;5/2;11/4;91/32;23/8;3;193/64;97/32;49/16;25/8;13/4;3497/1000;7/2,1,3497/1000,"(0,0,0)",86
tetragonal,86,P4_2/n,"(18,29,13)",c_his_not_ours_not_stored,,,,1,4/5,"(157/500,-9/100,3/20)",86
tetragonal,86,P4_2/n,"(19,30,13)",c_his_not_ours_not_stored,,,,1,4/5,"(41/100,-1/500,0)",86
tetragonal,86,P4_2/n,"(20,32,14)",c_his_not_ours_not_stored,,,,1,2,"(3/25,-3/25,1/10)",86
tetragonal,86,P4_2/n,"(21,32,13)",c_his_not_ours_not_stored,,,,1,797/1000,"(17/50,0,1/4)",86
tetragonal,86,P4_2/n,"(21,33,14)",c_his_not_ours_not_stored,,,,1,7/2,"(19/125,-19/125,121/500)",86
tetragonal,86,P4_2/n,"(22,35,15)",c_his_not_ours_not_stored,,,,1,7/2,"(27/500,-27/500,117/500)",86
tetragonal,86,P4_2/n,"(23,35,14)",c_his_not_ours_not_stored,,,,1,3497/1000,"(29/100,-21/100,1/25)",86
tetragonal,86,P4_2/n,"(23,36,15)",c_his_not_ours_not_stored,,,,1,4/5,"(41/100,-43/500,0)",86
tetragonal,86,P4_2/n,"(24,36,14)",a_ours_in_his,31d09faf7fb2bf6f,,1/2;3/4;797/1000;4/5;9/10;19/20;39/40;79/80;1;5/4;7/5;113/80;3/2;38/25;7/4;2;9/4;5/2;11/4;45/16;181/64;23/8;47/16;95/32;191/64;3;13/4;7/2,1,3497/1000,"(1/4,-1/4,31/125)",86
tetragonal,86,P4_2/n,"(24,37,15)",c_his_not_ours_not_stored,,,,1,3497/1000,"(12/25,-1/50,23/100)",86
tetragonal,86,P4_2/n,"(25,38,15)",c_his_not_ours_not_stored,,,,1,797/1000,"(247/500,-1/500,0)",86
tetragonal,86,P4_2/n,"(25,39,16)",c_his_not_ours_not_stored,,,,1,7/2,"(38/125,0,2/125)",86
tetragonal,86,P4_2/n,"(26,39,15)",a_ours_in_his,e73ddea1cde2be65,,23/32;3/4;797/1000;4/5;1;5/4;7/5;3/2;38/25;7/4;2;33/16;133/64,1,3497/1000,"(117/250,0,31/125)",86
tetragonal,86,P4_2/n,"(27,41,16)",c_his_not_ours_not_stored,,,,1,3497/1000,"(249/500,-1/500,31/125)",86
tetragonal,86,P4_2/n,"(27,42,17)",c_his_not_ours_not_stored,,,,1,1/2,"(56/125,-9/250,53/250)",86
tetragonal,86,P4_2/n,"(28,42,16)",a_ours_in_his,0882fd4b5b8cb62e;2204c0ceea51430d;5ae136b2bdd40066;5be2e092046ee24b;f78cb8eda2f6b557,,1/2;17/32;9/16;39/64;5/8;11/16;45/64;1377/800;7/4;15/8;61/32;31/16;2;9/4;19/8;5/2;11/4;3;13/4;3497/1000;7/2,1,3497/1000,"(58/125,0,29/125)",86
tetragonal,86,P4_2/n,"(29,44,17)",c_his_not_ours_not_stored,,,,1,7/2,"(223/500,-11/500,117/500)",86
tetragonal,86,P4_2/n,"(29,45,18)",c_his_not_ours_not_stored,,,,1,527/1000,"(9/20,-3/100,23/500)",86
tetragonal,86,P4_2/n,"(30,45,17)",a_ours_in_his,32451695e287120d;cd4fb52572edcb73,,7/8;9/10;1;17/16;35/32;71/64;67/32;17/8;69/32;139/64,1,3497/1000,"(59/125,0,31/125)",86
tetragonal,86,P4_2/n,"(32,48,18)",a_ours_in_his,675cc4f2c640cd11;799b17ae5c44c23a;8fc980b921be3244;b504635d2b404e93;cde6f488fa3b5e98;d25e09a426bd8ecf;e969c24510c5b82b,,35/64;9/16;37/64;19/32;5/8;11/16;45/64;23/32;3/4;797/1000;4/5;17/20;69/80;9/8;19/16;39/32;79/64;5/4;7/5;3/2;38/25;327/200;677/400;2731/1600;121/64;147/64;37/16;75/32;151/64,1,3497/1000,"(12/25,0,6/25)",86
tetragonal,86,P4_2/n,"(34,51,19)",a_ours_in_his,8b96d46626c486fe,,35/16;9/4;73/32,1,3497/1000,"(79/250,0,119/500)",86
tetragonal,86,P4_2/n,"(36,54,20)",c_his_not_ours_not_stored,,,,1,3497/1000,"(62/125,0,31/125)",86
tetragonal,87,I4/m,"(5,9,6)",c_his_not_ours_P2_reproduced,,8f286dc3c145b5c1,,1,7/2,"(38/125,0,117/500)",87
tetragonal,87,I4/m,"(6,9,5)",c_his_not_ours_P2_reproduced,,a1053191a6317676,,1,3497/1000,"(249/500,-1/500,1/4)",87
tetragonal,87,I4/m,"(6,11,7)",a_ours_in_his,d2d935e5499e6e11,d2d935e5499e6e11,1,1,4/5,"(17/50,0,0)",87
tetragonal,87,I4/m,"(7,11,6)",a_ours_in_his,a4d2e4badea1fc0f,26df90c2289ea27c,1,1,3497/1000,"(62/125,0,31/125)",87
tetragonal,87,I4/m,"(8,12,6)",a_ours_in_his,e3faf0283734fac7,e3faf0283734fac7,1/2;3/4;797/1000;4/5;33/40;17/20;9/10;1;65/64;33/32;17/16;9/8;37/32;19/16;5/4;7/5;3/2;38/25;7/4;2;9/4;5/2;11/4;3;13/4;3497/1000;7/2,1,3497/1000,"(0,0,1/4)",87
tetragonal,87,I4/m,"(8,13,7)",a_ours_in_his,d724d08efce3fe5f,d724d08efce3fe5f,37/64;19/32;5/8;23/32;3/4;797/1000;4/5;33/40;17/20;9/10;1;65/64;33/32;17/16;9/8;37/32;19/16;79/64;5/4;83/64;209/160;53/40;7/5;3/2;38/25;7/4;2;9/4;5/2;11/4;3;13/4;3497/1000;7/2,1,3497/1000,"(62/125,0,0)",87
tetragonal,87,I4/m,"(9,16,9)",a_ours_in_his,0c6ba5cadd15c06e,cf917b63c9edf773,2,1,4/5,"(159/500,-63/500,11/100)",87
tetragonal,87,I4/m,"(10,15,7)",c_his_not_ours_P2_reproduced,,52392121966e66eb,,1,3497/1000,"(247/500,-1/500,1/4)",87
tetragonal,87,I4/m,"(10,16,8)",c_his_not_ours_P2_reproduced,,9c552acf6058b1fd,,1,4/5,"(217/500,-17/500,1/5)",87
tetragonal,87,I4/m,"(11,18,9)",c_his_not_ours_P2_reproduced,,7429b0ba55c18ea2,,1,7/2,"(151/500,-1/500,117/500)",87
tetragonal,87,I4/m,"(12,18,8)",a_ours_in_his,4097fba12952569e;9b7039e0c295ff94,4097fba12952569e,1/2;17/32;35/64;5/8;11/16;45/64;3/4;797/1000;4/5;13/16;9/10;19/20;39/40;79/80;1;9/8;73/64,1,3497/1000,"(47/100,-1/500,31/125)",87
tetragonal,87,I4/m,"(12,19,9)",a_ours_in_his,8e1a1fd6069d5392,8e1a1fd6069d5392,79/80;1;9/8;5/4;7/5;3/2;38/25;7/4;2;9/4;5/2;11/4;3;13/4;3497/1000;7/2,1,3497/1000,"(249/500,-1/500,31/125)",87
tetragonal,87,I4/m,"(13,20,9)",a_ours_in_his,82a5a88ccba80d26,82a5a88ccba80d26,25/16;13/8;2777/1600;7/4;2;129/64;65/32;33/16;17/8;9/4;157/64;79/32;5/2;11/4;3;13/4;111/32;3497/1000;7/2,1,3497/1000,"(0,0,26/125)",87
tetragonal,87,I4/m,"(13,22,11)",a_ours_in_his,49f36a9ed073276e,49f36a9ed073276e,1,1,4/5,"(169/500,-1/500,0)",87
tetragonal,87,I4/m,"(14,21,9)",a_ours_in_his,dcc0a70baf02d3d7,dcc0a70baf02d3d7,1/2;9/16;5/8;11/16;45/64;3/4;797/1000;4/5;13/16;9/10;19/20;39/40;79/80;1;9/8;73/64;19/16;39/32;5/4;103/80,1,797/1000,"(17/50,0,0)",87
tetragonal,87,I4/m,"(14,22,10)",a_ours_in_his,fe7ee18a2838e181,fe7ee18a2838e181,23/32;3/4;797/1000;4/5;9/10;19/20;39/40,1,3497/1000,"(237/500,-13/500,31/125)",87
tetragonal,87,I4/m,"(14,23,11)",a_ours_in_his,7824c3404ec7c532,7824c3404ec7c532,17/32;9/16;37/64;19/32;39/64;5/8;23/32;3/4;797/1000;4/5;33/40;17/20;9/10;37/40;19/20;1;65/64;33/32;17/16;35/32;9/8;5/4;7/5;3/2;38/25;7/4;2;9/4;5/2;11/4;3;13/4;3497/1000;7/2,1,3497/1000,"(249/500,-1/500,0)",87
tetragonal,87,I4/m,"(16,24,10)",a_ours_in_his,35953737803092f0;63e69de5b43a9887,35953737803092f0,1/2;9/16;5/8;3/4;797/1000;4/5;1;17/16;35/32;71/64;5/4;7/5;3/2;38/25;49/32;99/64;327/200;677/400;1377/800;7/4;15/8;31/16;63/32;127/64;2;9/4;19/8;39/16;5/2;11/4;3;13/4;27/8;55/16;221/64,1,3497/1000,"(0,0,31/125)",87
tetragonal,87,I4/m,"(17,26,11)",a_ours_in_his,bf5f699aaeed9ea9,bf5f699aaeed9ea9,1/2;17/32;35/64;9/16;19/32;5/8;21/32;11/16,1,797/1000,"(167/500,-1/500,0)",87
tetragonal,87,I4/m,"(18,28,12)",a_ours_in_his,c1824c64dfbb3615,c1824c64dfbb3615,227/160;57/40;29/20;3/2;38/25;7/4;2;9/4;5/2;11/4;3;13/4;3497/1000;7/2,1,3497/1000,"(0,0,0)",87
tetragonal,87,I4/m,"(18,29,13)",a_ours_in_his,2626c0b5370635a6,2626c0b5370635a6,1/2;33/64;9/16;37/64;19/32;39/64,1,527/1000,"(41/100,-9/100,0)",87
tetragonal,87,I4/m,"(21,32,13)",a_ours_in_his,1f2da25d4fd3e5d7,1f2da25d4fd3e5d7,1/2;33/64;17/32;9/16;39/64;5/8;43/64;11/16;45/64;23/32;3/4;797/1000;4/5;13/16;9/10;73/80;19/20;39/40;79/80;1;17/16;69/64,1,797/1000,"(169/500,-1/500,0)",87
tetragonal,87,I4/m,"(24,36,14)",a_ours_in_his,31d09faf7fb2bf6f,31d09faf7fb2bf6f,1/2;3/4;797/1000;4/5;1;5/4;7/5;113/80,1,797/1000,"(0,0,0)",87
tetragonal,88,I4_1/a,"(8,12,6)",c_his_not_ours_not_stored,,,,1,3497/1000,"(62/125,0,0)",88
tetragonal,88,I4_1/a,"(8,14,8)",b_ours_not_his,11ee80fc3799d1eb,,2,0,,,
tetragonal,88,I4_1/a,"(10,15,7)",a_ours_in_his,52392121966e66eb,,157/64;79/32;5/2;11/4;3;13/4;27729/8000;3497/1000;7/2,1,3497/1000,"(1/2,0,21/250)",88
tetragonal,88,I4_1/a,"(10,18,10)",c_his_not_ours_not_stored,,,,1,2,"(0,0,1/8)",88
tetragonal,88,I4_1/a,"(12,18,8)",a_ours_in_his,abfdf73c2f298784;fd9a9f68ec1db422,abfdf73c2f298784,227/160;57/40;29/20;3/2;38/25;7/4;2;129/64;65/32;33/16;17/8;9/4;5/2;11/4;3;13/4;3497/1000;7/2,1,3497/1000,"(0,0,0)",88
tetragonal,88,I4_1/a,"(12,20,10)",c_his_not_ours_not_stored,,,,1,3497/1000,"(0,0,1/8)",88
tetragonal,88,I4_1/a,"(13,21,10)",c_his_not_ours_not_stored,,,,1,7/2,"(1/2,38/125,4/125)",88
tetragonal,88,I4_1/a,"(14,21,9)",c_his_not_ours_not_stored,,,,1,797/1000,"(61/125,0,0)",88
tetragonal,88,I4_1/a,"(14,24,12)",b_ours_not_his,1da02fe6c7c6eb73,,2,0,,,
tetragonal,88,I4_1/a,"(15,24,11)",c_his_not_ours_not_stored,,,,1,7/2,"(1/2,57/125,101/1000)",88
tetragonal,88,I4_1/a,"(15,25,12)",c_his_not_ours_not_stored,,,,1,4/5,"(3/25,3/25,1/8)",88
tetragonal,88,I4_1/a,"(16,27,13)",b_ours_not_his,7d5559ec4f268c7c,,2,0,,,
tetragonal,88,I4_1/a,"(17,26,11)",c_his_not_ours_not_stored,,,,1,3497/1000,"(1/2,0,13/125)",88
tetragonal,88,I4_1/a,"(17,27,12)",c_his_not_ours_not_stored,,,,1,899/1000,"(1/2,113/250,1/8)",88
tetragonal,88,I4_1/a,"(17,28,13)",c_his_not_ours_not_stored,,,,1,4/5,"(36/125,1/25,1/8)",88
tetragonal,88,I4_1/a,"(18,27,11)",c_his_not_ours_not_stored,,,,1,797/1000,"(62/125,0,0)",88
tetragonal,88,I4_1/a,"(18,28,12)",b_ours_not_his,c1824c64dfbb3615,,129/64;65/32;33/16;17/8;9/4;5/2;11/4;3;13/4;3497/1000;7/2,0,,,
tetragonal,88,I4_1/a,"(18,29,13)",c_his_not_ours_not_stored,,,,1,3497/1000,"(62/125,0,1/8)",88
tetragonal,88,I4_1/a,"(19,29,12)",c_his_not_ours_not_stored,,,,1,797/1000,"(31/250,31/250,1/8)",88
tetragonal,88,I4_1/a,"(19,30,13)",c_his_not_ours_not_stored,,,,1,7/2,"(109/250,13/250,13/1000)",88
tetragonal,88,I4_1/a,"(20,30,12)",c_his_not_ours_not_stored,,,,1,3497/1000,"(1/2,62/125,0)",88
tetragonal,88,I4_1/a,"(20,31,13)",a_ours_in_his,6fe445ec5becddde,,25/16;13/8;2777/1600;7/4;2;129/64;65/32;33/16;17/8;9/4;19/8;39/16;157/64;79/32;5/2;11/4;3;13/4;6747/2000;13741/4000;55211/16000;3497/1000;7/2,1,797/1000,"(0,0,1/8)",88
tetragonal,88,I4_1/a,"(21,32,13)",c_his_not_ours_not_stored,,,,1,3497/1000,"(1/2,0,31/250)",88
tetragonal,88,I4_1/a,"(21,33,14)",c_his_not_ours_not_stored,,,,1,7/2,"(38/125,38/125,4/125)",88
tetragonal,88,I4_1/a,"(21,34,15)",c_his_not_ours_not_stored,,,,1,109/125,"(19/50,3/125,1/8)",88
tetragonal,88,I4_1/a,"(22,34,14)",a_ours_in_his,779fb53b92dfc3fe;9cab1436007f3c03,,33/40;17/20;9/10;1;5/4;7/5;113/80;27729/8000;111/32;3497/1000;7/2,1,409/500,"(0,0,0)",88
tetragonal,88,I4_1/a,"(22,35,15)",c_his_not_ours_not_stored,,,,1,1/2,"(29/125,2/125,117/1000)",88
tetragonal,88,I4_1/a,"(23,35,14)",c_his_not_ours_not_stored,,,,1,7/2,"(101/250,9/25,101/1000)",88
tetragonal,88,I4_1/a,"(23,36,15)",c_his_not_ours_not_stored,,,,1,7/2,"(11/25,49/125,9/200)",88
tetragonal,88,I4_1/a,"(24,36,14)",a_ours_in_his,31d09faf7fb2bf6f;74076f8341f71199;e948828e76447bbb,31d09faf7fb2bf6f,1/2;3/4;797/1000;4/5;39/40;1;17/16;35/32;71/64;9/8;19/16;39/32;5/4;409/320;103/80;209/160;421/320;53/40;7/5;113/80;29/20;59/40;237/160;3/2;38/25;1239/800;13/8;27/16;55/32;7/4;15/8;31/16;63/32;127/64;5/2;11/4;3;13/4;3497/1000;7/2,1,3497/1000,"(1/5,1/5,1/20)",88
tetragonal,88,I4_1/a,"(24,37,15)",c_his_not_ours_not_stored,,,,1,797/1000,"(111/250,0,1/8)",88
tetragonal,88,I4_1/a,"(24,38,16)",a_ours_in_his,a3a8447783e42486,,227/160;57/40;29/20;3/2;38/25;7/4;15/8;31/16;63/32;127/64,1,797/1000,"(1/2,62/125,0)",88
tetragonal,88,I4_1/a,"(25,38,15)",c_his_not_ours_not_stored,,,,1,4/5,"(1/10,2/125,1/40)",88
tetragonal,88,I4_1/a,"(25,39,16)",c_his_not_ours_not_stored,,,,1,3497/1000,"(58/125,56/125,0)",88
tetragonal,88,I4_1/a,"(25,40,17)",c_his_not_ours_not_stored,,,,1,23/25,"(3/25,3/25,1/8)",88
tetragonal,88,I4_1/a,"(26,39,15)",a_ours_in_his,1b269a7a84560401;74b20b492f403316;c10281b956e50c34;dfe1108b777824fa;eab762a24b28a094;eaf8f8e7b00c0da0,,1/2;9/16;19/32;39/64;5/8;21/32;79/64;5/4;421/320;53/40;7/5;227/160;57/40;29/20;3/2;38/25;49/32;99/64;2501/1600;631/400;327/200;677/400;1377/800;111/64;7/4;15/8;31/16;63/32;127/64;2;9/4;19/8;39/16;5/2,1,3497/1000,"(21/50,21/50,21/200)",88
tetragonal,88,I4_1/a,"(27,41,16)",c_his_not_ours_not_stored,,,,1,7/2,"(19/250,19/250,117/1000)",88
tetragonal,88,I4_1/a,"(27,42,17)",c_his_not_ours_not_stored,,,,1,797/1000,"(19/50,17/50,0)",88
tetragonal,88,I4_1/a,"(28,42,16)",a_ours_in_his,343d241f8d586edb;5ebc1b8c073a87a9;8357998c809f5d36;bf5eadab641c997b;e4200db43401702b,,1/2;3/4;12141/16000;3047/4000;1547/2000;797/1000;4/5;13/16;9/10;19/20;77/80;73/64;37/32;19/16;5/4;203/160;119/80;3/2;38/25;7/4;2;9/4;157/64;79/32;5/2;11/4;3;13/4;27/8;55/16;221/64;3497/1000;7/2,1,3497/1000,"(3/250,3/250,3/1000)",88
tetragonal,88,I4_1/a,"(28,43,17)",c_his_not_ours_not_stored,,,,1,797/1000,"(89/250,0,1/8)",88
tetragonal,88,I4_1/a,"(29,44,17)",c_his_not_ours_not_stored,,,,1,4/5,"(21/125,8/125,1/10)",88
tetragonal,88,I4_1/a,"(29,45,18)",c_his_not_ours_not_stored,,,,1,3497/1000,"(121/250,103/250,0)",88
tetragonal,88,I4_1/a,"(30,45,17)",a_ours_in_his,1a1a0de250f0da27;b1355d63057fb8b6;b77e98e2c4a01aad;c64d7a44fc7eafce,,37/64;19/32;39/64;43/64;11/16;3/4;797/1000;4/5;33/40;71/80;9/10;1;17/16,1,3497/1000,"(11/25,11/25,11/100)",88
tetragonal,88,I4_1/a,"(31,47,18)",c_his_not_ours_not_stored,,,,1,7/2,"(113/250,51/125,101/1000)",88
tetragonal,88,I4_1/a,"(31,48,19)",c_his_not_ours_not_stored,,,,1,403/500,"(21/50,19/50,27/250)",88
tetragonal,88,I4_1/a,"(32,48,18)",a_ours_in_his,e23ad48c69ddca62;e5760549017956be,,1/2;3/4;797/1000;4/5;1;69/64;35/32;9/8;73/64,1,3497/1000,"(62/125,123/250,0)",88
tetragonal,88,I4_1/a,"(32,49,19)",c_his_not_ours_not_stored,,,,1,797/1000,"(22/125,12/125,1/8)",88
tetragonal,88,I4_1/a,"(33,50,19)",c_his_not_ours_not_stored,,,,1,4/5,"(19/125,4/125,1/20)",88
tetragonal,88,I4_1/a,"(33,51,20)",c_his_not_ours_not_stored,,,,1,76/125,"(11/50,3/50,57/500)",88
tetragonal,88,I4_1/a,"(34,51,19)",a_ours_in_his,1a1c3bd1605b8d49;1c45cdaed191693e;4e702e95c290afbd;900973c9cdd62294,,5/8;21/32;45/64;23/32;3/4;6047/8000;67/80;17/20;7/8,1,3497/1000,"(62/125,62/125,31/250)",88
tetragonal,88,I4_1/a,"(35,53,20)",c_his_not_ours_not_stored,,,,1,7/2,"(62/125,113/250,101/1000)",88
tetragonal,88,I4_1/a,"(36,54,20)",a_ours_in_his,60c6a7023f6e4280,,37/32;19/16;5/4;7/5;113/80,1,3497/1000,"(62/125,113/250,0)",88
tetragonal,88,I4_1/a,"(37,56,21)",c_his_not_ours_not_stored,,,,1,7/8,"(4/25,1/125,3/1000)",88
tetragonal,88,I4_1/a,"(38,57,21)",a_ours_in_his,804dd9fb0c1a57ca,,43/64;11/16,1,3497/1000,"(1/250,1/250,61/500)",88
tetragonal,88,I4_1/a,"(40,60,22)",c_his_not_ours_not_stored,,,,1,3497/1000,"(62/125,13/50,17/1000)",88
tetragonal,88,I4_1/a,"(42,63,23)",c_his_not_ours_not_stored,,,,1,3497/1000,"(62/125,52/125,13/125)",88
tetragonal,89,P422,"(6,9,5)",a_ours_in_his,a1053191a6317676,a1053191a6317676,1/2;3/4;797/1000;4/5;1;5/4;7/5;3/2;38/25;7/4;2;9/4;5/2;11/4;3;13/4;3497/1000;7/2,1,3497/1000,"(249/500,-1/500,0)",89
tetragonal,89,P422,"(8,12,6)",a_ours_in_his,e3faf0283734fac7,e3faf0283734fac7,1/2;3/4;797/1000;4/5;1;5/4;7/5;3/2;38/25;7/4;2;9/4;5/2;11/4;3;13/4;3497/1000;7/2,1,3497/1000,"(0,0,0)",89
tetragonal,89,P422,"(11,20,11)",c_his_not_ours_P2_reproduced,,35039dcaeb14ebe3,,1,4/5,"(13/50,-9/50,1/20)",89
tetragonal,89,P422,"(14,23,11)",a_ours_in_his,7824c3404ec7c532,7824c3404ec7c532,1/2;19/32;5/8;3/4;797/1000;4/5;1;5/4;7/5;3/2;38/25;7/4;2;9/4;5/2;11/4;3;13/4;3497/1000;7/2,1,3497/1000,"(249/500,-1/500,1/4)",89
tetragonal,89,P422,"(18,29,13)",a_ours_in_his,2626c0b5370635a6,2626c0b5370635a6,1/2;9/16;37/64,1,3497/1000,"(111/250,-7/125,1/500)",89
tetragonal,90,P42_12,"(6,9,5)",c_his_not_ours_P2_reproduced,,a1053191a6317676,,1,3497/1000,"(249/500,-1/500,0)",90
tetragonal,90,P42_12,"(6,11,7)",c_his_not_ours_P2_reproduced,,d2d935e5499e6e11,,1,4/5,"(4/25,0,1/4)",90
tetragonal,90,P42_12,"(7,11,6)",c_his_not_ours_P2_reproduced,,a4d2e4badea1fc0f,,1,4/5,"(33/100,-17/100,1/4)",90
tetragonal,90,P42_12,"(8,12,6)",a_ours_in_his,e3faf0283734fac7,e3faf0283734fac7,1/2;3/4;797/1000;4/5;1;5/4;7/5;3/2;38/25;7/4;2;9/4;5/2;11/4;3;13/4;3497/1000;7/2,1,3497/1000,"(0,0,0)",90
tetragonal,90,P42_12,"(8,13,7)",c_his_not_ours_P2_reproduced,,d724d08efce3fe5f,,1,3497/1000,"(62/125,0,1/4)",90
tetragonal,90,P42_12,"(10,15,7)",a_ours_in_his,52392121966e66eb,52392121966e66eb,1/2;3/4;797/1000;4/5;1;5/4;7/5;3/2;38/25;7/4;2;9/4;5/2;11/4;3;13/4;3497/1000;7/2,1,3497/1000,"(31/125,-31/125,0)",90
tetragonal,90,P42_12,"(12,18,8)",c_his_not_ours_P2_reproduced,,9b7039e0c295ff94,,1,3497/1000,"(249/500,-1/500,1/50)",90
tetragonal,90,P42_12,"(14,21,9)",c_his_not_ours_P2_reproduced,,dcc0a70baf02d3d7,,1,3497/1000,"(62/125,0,1/50)",90
tetragonal,90,P42_12,"(14,24,12)",b_ours_not_his,1da02fe6c7c6eb73,,3/2,0,,,
tetragonal,90,P42_12,"(17,28,13)",c_his_not_ours_P2_reproduced,,607da7953fa0fa4e,,1,4/5,"(41/125,-21/125,1/4)",90
tetragonal,90,P42_12,"(18,28,12)",a_ours_in_his,c1824c64dfbb3615,c1824c64dfbb3615,227/160;57/40;23/16;29/20;3/2;1201/800;601/400;301/200;151/100;38/25;327/200;7/4;61/32;31/16;2;9/4;5/2;41/16;21/8;11/4;3;13/4;3497/1000;7/2,1,3497/1000,"(1/2,0,1/4)",90
tetragonal,90,P42_12,"(18,29,13)",a_ours_in_his,206c7c14af9927b2,206c7c14af9927b2,9/16;5/8;3/4;797/1000;4/5;1;37/32;19/16;5/4;7/5;3/2;38/25;7/4;2;9/4;5/2;11/4;3;13/4;3497/1000;7/2,1,3497/1000,"(247/500,-1/500,1/4)",90
tetragonal,90,P42_12,"(21,32,13)",a_ours_in_his,845f058b04ddb75c,845f058b04ddb75c,1/2;17/32;35/64,1,3497/1000,"(247/500,-1/500,1/100)",90
tetragonal,90,P42_12,"(24,36,14)",a_ours_in_his,31d09faf7fb2bf6f,31d09faf7fb2bf6f,1/2;3/4;797/1000;4/5;1;5/4;11/8;7/5;45/32;113/80;91/64;29/20;59/40;119/80;239/160;3/2;38/25;631/400;257/160;2593/1600;7/4;15/8;121/64;2;9/4;5/2;81/32;163/64,1,3497/1000,"(1/2,0,1/50)",90
tetragonal,90,P42_12,"(25,38,15)",a_ours_in_his,7b0441c8ac019b55,7b0441c8ac019b55,1/2;17/32;35/64;9/16;5/8;3/4;797/1000;4/5;1;9/8;73/64,1,3497/1000,"(247/500,-1/500,1/50)",90
tetragonal,91,P4_122,"(6,9,5)",c_his_not_ours_P2_reproduced,,a1053191a6317676,,1,4/5,"(1/50,-1/50,3/25)",91_95
tetragonal,91,P4_122,"(8,12,6)",a_ours_in_his,e3faf0283734fac7,e3faf0283734fac7,1/2;3/4;797/1000;4/5;1;5/4;7/5;3/2;38/25;7/4;2;9/4;5/2;11/4;3;13/4;3497/1000;7/2,1,4/5,"(0,0,0)",91_95
tetragonal,91,P4_122,"(8,14,8)",a_ours_in_his,11ee80fc3799d1eb,11ee80fc3799d1eb,2,1,14/25,"(51/100,49/100,1/8)",91_95
tetragonal,91,P4_122,"(9,16,9)",c_his_not_ours_P2_reproduced,,0c6ba5cadd15c06e,,1,44/25,"(1/2,117/250,17/200)",91_95
tetragonal,91,P4_122,"(10,15,7)",c_his_not_ours_P2_reproduced,,52392121966e66eb,,1,3497/1000,"(3/4,1/4,31/250)",91_95
tetragonal,91,P4_122,"(10,16,8)",c_his_not_ours_P2_reproduced,,61a294835c4c4a23,,1,4/5,"(1/25,0,0)",91_95
tetragonal,91,P4_122,"(11,19,10)",c_his_not_ours_P2_reproduced,,b06f4964be7081b9,,1,56/25,"(127/250,101/250,3/200)",91_95
tetragonal,91,P4_122,"(11,20,11)",c_his_not_ours_P2_reproduced,,9b708b599087ffda,,1,88/125,"(1/2,121/250,1/8)",91_95
tetragonal,91,P4_122,"(12,18,8)",a_ours_in_his,abfdf73c2f298784,abfdf73c2f298784,71/64;9/8;5/4;239/160;3/2;38/25;2777/1600;7/4;121/64;61/32;31/16;127/64;2;129/64;65/32;33/16;17/8;9/4;5/2;11/4;3;13/4;3497/1000;7/2,1,3497/1000,"(1/4,-1/4,1/8)",91_95
tetragonal,91,P4_122,"(13,20,9)",c_his_not_ours_P2_reproduced,,82a5a88ccba80d26,,1,4/5,"(1/2,995/1998,1/7992)",91_95
tetragonal,91,P4_122,"(13,22,11)",c_his_not_ours_P2_reproduced,,c38e60306817f34e,,1,4/5,"(1/2,997/1998,1/8)",91_95
tetragonal,91,P4_122,"(14,24,12)",c_his_not_ours_P2_reproduced,,1da02fe6c7c6eb73,,1,88/125,"(121/250,121/250,1/8)",91_95
tetragonal,91,P4_122,"(15,23,10)",a_ours_in_his,29f83598c9f23455,29f83598c9f23455,3;13/4;3497/1000;7/2,1,4/5,"(13/3996,-1/444,61/2664)",91_95
tetragonal,91,P4_122,"(15,25,12)",a_ours_in_his,fca9c7004291eab4,fca9c7004291eab4,2,1,7/2,"(57/100,7/20,2/125)",91_95
tetragonal,91,P4_122,"(15,26,13)",c_his_not_ours_P2_reproduced,,f75b8419b3cb7a83,,1,4/5,"(1/2,23/50,1/50)",91_95
tetragonal,91,P4_122,"(16,24,10)",c_his_not_ours_P2_reproduced,,35953737803092f0,,1,4/5,"(1/3,0,0)",91_95
tetragonal,91,P4_122,"(16,26,12)",c_his_not_ours_P2_reproduced,,42a05084c15768e2,,1,4/5,"(1/2,319/666,1/8)",91_95
tetragonal,91,P4_122,"(16,27,13)",c_his_not_ours_P2_reproduced,,7d5559ec4f268c7c,,1,4/5,"(1/50,1/50,1/200)",91_95
tetragonal,91,P4_122,"(17,28,13)",c_his_not_ours_P2_reproduced,,b11cd7f75525ca5a,,1,4/5,"(1/3,0,1/8)",91_95
tetragonal,91,P4_122,"(17,29,14)",c_his_not_ours_P2_reproduced,,1047bc3b391a4f48,,1,4/5,"(1/2,23/50,1/100)",91_95
tetragonal,91,P4_122,"(18,28,12)",a_ours_in_his,c1824c64dfbb3615,c1824c64dfbb3615,73/64;37/32;19/16;5/4;3/2;631/400;327/200;7/4;15/8;2;135/64;17/8;9/4;37/16;19/8;157/64;79/32;5/2;165/64;83/32;21/8;171/64;43/16;11/4;179/64;45/16;181/64;91/32;23/8;3;13/4;3497/1000;7/2,1,3497/1000,"(62/125,62/125,1/8)",91_95
tetragonal,91,P4_122,"(18,29,13)",c_his_not_ours_P2_reproduced,,5053384158d6105a,,1,4/5,"(2/5,1/5,0)",91_95
tetragonal,91,P4_122,"(18,30,14)",c_his_not_ours_P2_reproduced,,67300066ba1e9a02,,1,44/25,"(2/125,2/125,21/200)",91_95
tetragonal,91,P4_122,"(19,30,13)",c_his_not_ours_P2_reproduced,,a35dc7588173ddc2,,1,4/5,"(1/25,1/25,1/50)",91_95
tetragonal,91,P4_122,"(19,31,14)",c_his_not_ours_P2_reproduced,,256141cf56365322,,1,4/5,"(1/2,29/666,1/1332)",91_95
tetragonal,91,P4_122,"(20,31,13)",c_his_not_ours_P2_reproduced,,6fe445ec5becddde,,1,3497/1000,"(1/4,-1/4,0)",91_95
tetragonal,91,P4_122,"(20,32,14)",c_his_not_ours_P2_reproduced,,8cfdd23508ebe9eb,,1,7/2,"(13/25,1/5,61/1000)",91_95
tetragonal,91,P4_122,"(20,33,15)",c_his_not_ours_P2_reproduced,,21e0b5a7ebe148d6,,1,14/25,"(271/500,49/500,1/8)",91_95
tetragonal,91,P4_122,"(21,32,13)",c_his_not_ours_P2_reproduced,,25e917b8c6831a67,,1,4/5,"(985/1998,319/666,1/8)",91_95
tetragonal,91,P4_122,"(21,33,14)",c_his_not_ours_P2_reproduced,,28c50ebd2dc43c3a,,1,4/5,"(12/25,12/25,3/25)",91_95
tetragonal,91,P4_122,"(21,34,15)",c_his_not_ours_P2_reproduced,,58c476c3cd0f0534,,1,4/5,"(1/2,179/666,115/3996)",91_95
tetragonal,91,P4_122,"(22,34,14)",a_ours_in_his,9cab1436007f3c03,9cab1436007f3c03,9/4;5/2;11/4,1,14/25,"(7/3996,-1/1332,61/2664)",91_95
tetragonal,91,P4_122,"(22,35,15)",c_his_not_ours_P2_reproduced,,4cb422b258a29ddc,,1,4/5,"(1/2,29/666,1/666)",91_95
tetragonal,91,P4_122,"(22,36,16)",a_ours_in_his,e0cb47c4a5901ef9,d18368bce3178177,1,1,4/5,"(9/50,-3/50,2/25)",91_95
tetragonal,91,P4_122,"(23,35,14)",a_ours_in_his,061365c5df56dac1,061365c5df56dac1,67/32;135/64,1,4/5,"(19/333,17/999,61/2664)",91_95
tetragonal,91,P4_122,"(23,36,15)",c_his_not_ours_P2_reproduced,,f25e181ed7a62ce8,,1,7/2,"(37/100,7/20,93/1000)",91_95
tetragonal,91,P4_122,"(24,36,14)",a_ours_in_his,31d09faf7fb2bf6f,31d09faf7fb2bf6f,1/2;3/4;51/64;797/1000;4/5;13/16;7/8;1;17/16;9/8;39/32;79/64;5/4;103/80;427/320;43/32;109/80;7/5;45/32;227/160;57/40;23/16;29/20;3/2;38/25;1239/800;2501/1600;7/4;29/16;59/32;119/64;2;33/16;67/32;9/4;73/32;147/64;19/8;39/16;5/2;41/16;21/8;85/32;43/16;87/32;175/64;11/4;89/32;45/16;181/64,1,797/1000,"(1/4,-1/4,0)",91_95
tetragonal,91,P4_122,"(24,37,15)",c_his_not_ours_P2_reproduced,,7a5033670a18bdcd,,1,4/5,"(17/333,0,61/2664)",91_95
tetragonal,91,P4_122,"(24,38,16)",a_ours_in_his,a3a8447783e42486,c79e244c4ac28b0f,51/64;13/16;7/8;1;17/16;35/32;9/8;79/64;5/4;427/320;43/32;109/80;7/5;45/32;227/160;57/40;23/16;29/20;59/40;119/80;3/2;38/25;327/200;677/400;1377/800;7/4;15/8;31/16;63/32;127/64,1,4/5,"(19/37,1/27,25/3996)",91_95
tetragonal,91,P4_122,"(24,39,17)",c_his_not_ours_P2_reproduced,,04a5cfbb15d07501,,1,4/5,"(3/10,-1/10,1/20)",91_95
tetragonal,91,P4_122,"(25,38,15)",a_ours_in_his,3fea442a4ead6925,3fea442a4ead6925,17/8;9/4;5/2;11/4;3;13/4;3497/1000;7/2,1,4/5,"(1997/3996,19/444,7/2664)",91_95
tetragonal,91,P4_122,"(25,39,16)",c_his_not_ours_P2_reproduced,,7a97087fd06bef6c,,1,4/5,"(3/25,1/25,1/50)",91_95
tetragonal,91,P4_122,"(26,39,15)",a_ours_in_his,c10281b956e50c34,c10281b956e50c34,83/64;209/160;53/40;7/5;3/2;38/25;7/4;2;33/16;133/64,1,14/25,"(149/3996,-89/3996,61/2664)",91_95
tetragonal,91,P4_122,"(26,40,16)",c_his_not_ours_P2_reproduced,,0498a4ecb657609d,,1,14/25,"(679/1332,13/1332,1/8)",91_95
tetragonal,91,P4_122,"(26,41,17)",c_his_not_ours_P2_reproduced,,dbbd406100689384,,1,797/1000,"(373/500,123/500,1/8)",91_95
tetragonal,91,P4_122,"(27,41,16)",c_his_not_ours_P2_reproduced,,3093256cf7845236,,1,14/25,"(151/444,3/148,0)",91_95
tetragonal,91,P4_122,"(27,42,17)",c_his_not_ours_P2_reproduced,,0f3f722829ebc7c9,,1,4/5,"(66/125,11/25,1/8)",91_95
tetragonal,91,P4_122,"(28,42,16)",a_ours_in_his,c8c6299f9321c3cb,c8c6299f9321c3cb,1/2;35/64;9/16;39/64;5/8;41/64;21/32;11/16;23/32;3/4;25/32;797/1000;4/5;13/16;33/40;17/20;7/8;9/10;29/32;15/16;1;33/32;67/64;9/8;19/16;39/32;5/4;53/40;11/8;89/64;7/5;113/80,1,4/5,"(1997/3996,1075/3996,5/7992)",91_95
tetragonal,91,P4_122,"(28,43,17)",a_ours_in_his,54886fac17fe023a,54886fac17fe023a,15/8,1,4/5,"(53/1332,-31/3996,61/2664)",91_95
tetragonal,91,P4_122,"(28,44,18)",c_his_not_ours_P2_reproduced,,808ad31512bfb831,,1,4/5,"(131/250,23/50,7/100)",91_95
tetragonal,91,P4_122,"(28,45,19)",c_his_not_ours_P2_reproduced,,1657fa4af868efb7,,1,4/5,"(7/74,-5/74,17/148)",91_95
tetragonal,91,P4_122,"(29,44,17)",c_his_not_ours_P2_reproduced,,d70b61a5874b9e00,,1,14/25,"(2/37,8/999,61/2664)",91_95
tetragonal,91,P4_122,"(29,45,18)",a_ours_in_his,6016ea01a4fa7b58,6016ea01a4fa7b58,39/64;5/8;3/4;6047/8000,1,797/1000,"(173/250,69/250,1/10)",91_95
tetragonal,91,P4_122,"(30,45,17)",a_ours_in_his,e64ff7d1f133b6c9,8c69db9e84095469,33/40;17/20;9/10;1;9/8;19/16;77/64,1,797/1000,"(309/500,59/500,1/8)",91_95
tetragonal,91,P4_122,"(30,46,18)",c_his_not_ours_P2_reproduced,,fb3e3d5462e12864,,1,14/25,"(113/222,5/222,1/216)",91_95
tetragonal,91,P4_122,"(30,47,19)",c_his_not_ours_P2_reproduced,,de323953135731ae,,1,44/25,"(7/25,-4/25,1/20)",91_95
tetragonal,91,P4_122,"(31,47,18)",a_ours_in_his,d059d2ebab300484,d059d2ebab300484,1239/800;631/400;327/200;7/4;29/16,1,14/25,"(7/333,-2/999,61/2664)",91_95
tetragonal,91,P4_122,"(31,48,19)",a_ours_in_his,419d0b18626b622e,419d0b18626b622e,12141/16000;3047/4000;1547/2000;797/1000;4/5;1;9/8;73/64,1,797/1000,"(29/50,17/50,1/20)",91_95
tetragonal,91,P4_122,"(32,48,18)",a_ours_in_his,1497877268495988;e5760549017956be,e5db0e3617afd976,1/2;17/32;9/16;19/32;5/8;11/16;45/64;23/32;47/64;3/4;797/1000;4/5;13/16;27/32;17/20;55/64;69/80;7/8;71/80;57/64;9/10;19/20;39/40;79/80;1;17/16;69/64;9/8;73/64,1,14/25,"(229/3996,71/3996,61/2664)",91_95
tetragonal,91,P4_122,"(32,49,19)",c_his_not_ours_P2_reproduced,,6fec2b7a04e45c33,,1,797/1000,"(133/250,113/250,1/10)",91_95
tetragonal,91,P4_122,"(32,50,20)",c_his_not_ours_P2_reproduced,,4701e884a324537c,,1,7/5,"(139/250,17/50,9/200)",91_95
tetragonal,91,P4_122,"(32,51,21)",c_his_not_ours_P2_reproduced,,d144f6ee416a38f5,,1,4/5,"(51/125,-1/25,33/1000)",91_95
tetragonal,91,P4_122,"(33,50,19)",a_ours_in_his,10ce641e92adc9fa,d6a262229c9c8880,439/320;221/160;7/5;57/40;23/16,1,3497/1000,"(84/125,28/125,14/125)",91_95
tetragonal,91,P4_122,"(33,51,20)",a_ours_in_his,81ad1d3d87b8288c,6bf12beeee4ec182,1/2;9/16;19/32,1,14/25,"(1223/1998,313/1998,2/27)",91_95
tetragonal,91,P4_122,"(34,51,19)",c_his_not_ours_P2_reproduced,,6f79177bf480b895,,1,14/25,"(677/1332,347/1332,263/7992)",91_95
tetragonal,91,P4_122,"(34,54,22)",c_his_not_ours_P2_reproduced,,ea22492284102c6f,,2,4/5;4/5,"(1019/1998,25/54,187/3996);(133/250,23/50,51/500)",91_95
tetragonal,91,P4_122,"(35,53,20)",a_ours_in_his,b27e5415727dba6f,54dcf6df6928c85c,231/160;29/20;3/2;38/25;491/320,1,4/5,"(131/222,7/74,1/36)",91_95
tetragonal,91,P4_122,"(35,54,21)",c_his_not_ours_P2_reproduced,,4608d6fcd1e34ab5,,1,4/5,"(13/25,9/25,1/40)",91_95
tetragonal,91,P4_122,"(36,54,20)",a_ours_in_his,60c6a7023f6e4280;fb1d7781b51e80a4,a1c0f033a4e0a342,41/64;21/32;11/16;3/4;25/32;69/80;7/8;9/10;1;65/64;33/32;67/64;17/16;35/32;9/8;73/64;37/32;19/16;39/32;5/4;53/40;109/80;11/8;89/64;7/5;113/80,1,3497/1000,"(37/50,61/250,31/250)",91_95
tetragonal,91,P4_122,"(36,55,21)",c_his_not_ours_P2_reproduced,,d1f6c7f63585b350,,1,14/25,"(506/999,25/999,1/296)",91_95
tetragonal,91,P4_122,"(37,56,21)",c_his_not_ours_P2_reproduced,,ef1475bfeb0376cc,,1,14/25,"(101/1998,-5/1998,61/2664)",91_95
tetragonal,91,P4_122,"(37,57,22)",c_his_not_ours_P2_reproduced,,90bbc790e01da31f,,1,4/5,"(47/111,-17/333,23/999)",91_95
tetragonal,91,P4_122,"(38,57,21)",c_his_not_ours_P2_reproduced,,7391016f434c6483,,1,797/1000,"(269/500,19/500,9/125)",91_95
tetragonal,91,P4_122,"(39,59,22)",c_his_not_ours_P2_reproduced,,f9ffa1df68b50d12,,1,14/25,"(527/999,32/999,1/72)",91_95
tetragonal,91,P4_122,"(39,60,23)",c_his_not_ours_P2_reproduced,,79481cd52065022e,,1,4/5,"(131/250,1/10,1/50)",91_95
tetragonal,91,P4_122,"(40,60,22)",c_his_not_ours_P2_reproduced,,f6abc569d035765a,,1,14/25,"(223/444,355/1332,239/7992)",91_95
tetragonal,91,P4_122,"(41,62,23)",c_his_not_ours_P2_reproduced,,957ee38e8f2e5969,,1,797/1000,"(269/500,19/500,9/500)",91_95
tetragonal,91,P4_122,"(41,63,24)",c_his_not_ours_P2_reproduced,,21e709688f219dcd,,1,4/5,"(139/250,3/50,1/40)",91_95
tetragonal,91,P4_122,"(42,63,23)",c_his_not_ours_P2_reproduced,,c9a359cd1dae4499,,1,797/1000,"(207/500,-43/500,41/1000)",91_95
tetragonal,91,P4_122,"(43,65,24)",c_his_not_ours_P2_reproduced,,c0f05befa2a290fc,,1,14/25,"(1063/1998,71/1998,1/54)",91_95
tetragonal,91,P4_122,"(44,66,24)",c_his_not_ours_P2_reproduced,,b6d2daf6a4eb64e0,,1,14/25,"(409/666,103/666,62/999)",91_95
tetragonal,91,P4_122,"(46,69,25)",c_his_not_ours_P2_reproduced,,d8f73b5410ce7ee2,,1,14/25,"(355/666,67/1998,11/666)",91_95
tetragonal,91,P4_122,"(48,72,26)",c_his_not_ours_P2_reproduced,,1849e900a7d27a52,,1,14/25,"(538/999,13/333,71/2664)",91_95
tetragonal,92,P4_12_12,"(8,12,6)",c_his_not_ours_P2_reproduced,,e3faf0283734fac7,,1,7/5,"(0,0,1/8)",92_96
tetragonal,92,P4_12_12,"(8,14,8)",b_ours_not_his,11ee80fc3799d1eb,,2,0,,,
tetragonal,92,P4_12_12,"(12,18,8)",a_ours_in_his,abfdf73c2f298784,abfdf73c2f298784,129/64;65/32;33/16;17/8;9/4;5/2;11/4;3;13/4;3497/1000;7/2,1,7/5,"(1/2,997/1998,1/8)",92_96
tetragonal,92,P4_12_12,"(13,20,9)",c_his_not_ours_P2_reproduced,,82a5a88ccba80d26,,1,3497/1000,"(1/2,1/2,43/1000)",92_96
tetragonal,92,P4_12_12,"(14,24,12)",c_his_not_ours_P2_reproduced,,1da02fe6c7c6eb73,,1,14/25,"(51/100,1/100,0)",92_96
tetragonal,92,P4_12_12,"(15,23,10)",c_his_not_ours_P2_reproduced,,29f83598c9f23455,,1,3497/1000,"(1/4,123/500,31/500)",92_96
tetragonal,92,P4_12_12,"(15,25,12)",c_his_not_ours_P2_reproduced,,896b1833af3e254c,,1,7/5,"(1/2,9/74,0)",92_96
tetragonal,92,P4_12_12,"(16,24,10)",c_his_not_ours_P2_reproduced,,35953737803092f0,,1,7/5,"(1/2,1/2,499/3996)",92_96
tetragonal,92,P4_12_12,"(16,26,12)",c_his_not_ours_P2_reproduced,,de3e138511ea432a,,1,7/5,"(377/999,0,1/7992)",92_96
tetragonal,92,P4_12_12,"(16,27,13)",c_his_not_ours_P2_reproduced,,7d5559ec4f268c7c,,1,2,"(1/4,-1/4,1/8)",92_96
tetragonal,92,P4_12_12,"(16,28,14)",c_his_not_ours_P2_reproduced,,feaa57edee15810f,,1,4/5,"(2/25,0,1/8)",92_96
tetragonal,92,P4_12_12,"(16,30,16)",c_his_not_ours_P2_reproduced,,2001fe7ea92fd0ad,,1,4/5,"(1/2,1/10,1/8)",92_96
tetragonal,92,P4_12_12,"(17,28,13)",c_his_not_ours_P2_reproduced,,9e0eff12a569d7e7,,1,4/5,"(7/20,1/20,0)",92_96
tetragonal,92,P4_12_12,"(18,28,12)",a_ours_in_his,c1824c64dfbb3615,c1824c64dfbb3615,147/64;37/16;19/8;5/2;85/32;43/16;11/4;45/16;91/32;23/8;3;13/4;3497/1000;7/2,1,7/5,"(761/1332,95/1332,0)",92_96
tetragonal,92,P4_12_12,"(18,29,13)",c_his_not_ours_P2_reproduced,,f558e99da8f38fe2,,1,7/5,"(1/2,49/1998,799/7992)",92_96
tetragonal,92,P4_12_12,"(18,30,14)",c_his_not_ours_P2_reproduced,,72b983248e962501,,1,4/5,"(23/50,23/50,0)",92_96
tetragonal,92,P4_12_12,"(19,30,13)",c_his_not_ours_P2_reproduced,,a35dc7588173ddc2,,1,7/5,"(769/1332,1/12,101/7992)",92_96
tetragonal,92,P4_12_12,"(20,31,13)",c_his_not_ours_P2_reproduced,,95417ace54e2e2bb,,1,7/5,"(2243/3996,245/3996,125/1998)",92_96
tetragonal,92,P4_12_12,"(21,32,13)",c_his_not_ours_P2_reproduced,,c6005fa4af1a744c,,1,797/1000,"(73/100,27/100,23/200)",92_96
tetragonal,92,P4_12_12,"(21,33,14)",c_his_not_ours_P2_reproduced,,fdce1f09bf5e92b2,,1,7/5,"(475/999,0,799/7992)",92_96
tetragonal,92,P4_12_12,"(22,34,14)",c_his_not_ours_P2_reproduced,,75bcbb9be864d322,,1,7/5,"(499/999,1/3,83/666)",92_96
tetragonal,92,P4_12_12,"(22,35,15)",c_his_not_ours_P2_reproduced,,0d46239ac9495d7f,,1,7/5,"(1/2,49/666,133/2664)",92_96
tetragonal,92,P4_12_12,"(22,36,16)",c_his_not_ours_P2_reproduced,,e0cb47c4a5901ef9,,1,4/5,"(1/2,3/10,1/8)",92_96
tetragonal,92,P4_12_12,"(23,36,15)",c_his_not_ours_P2_reproduced,,2819c6ccb7a55fbe,,1,7/5,"(623/1332,35/444,125/1998)",92_96
tetragonal,92,P4_12_12,"(24,36,14)",a_ours_in_his,31d09faf7fb2bf6f,31d09faf7fb2bf6f,1/2;3/4;797/1000;4/5;53/64;27/32;7/8;1;73/64;37/32;19/16;5/4;403/320;7/5;227/160;57/40;29/20;3/2;38/25;327/200;7/4;117/64;59/32;15/8;2;9/4;73/32;19/8;39/16;79/32;159/64;5/2;21/8;169/64;43/16;87/32;175/64;11/4;89/32;179/64;45/16;181/64;3;13/4;3497/1000;7/2,1,7/5,"(2455/3996,617/3996,3/74)",92_96
tetragonal,92,P4_12_12,"(24,37,15)",c_his_not_ours_P2_reproduced,,c3fa09c848246046,,1,797/1000,"(9/20,7/20,0)",92_96
tetragonal,92,P4_12_12,"(24,38,16)",a_ours_in_his,a3a8447783e42486,a3a8447783e42486,227/160;57/40;29/20;3/2;38/25;7/4;15/8;31/16;63/32;127/64,1,797/1000,"(1/2,113/250,1/8)",92_96
tetragonal,92,P4_12_12,"(25,38,15)",c_his_not_ours_P2_reproduced,,cf0170f6a3ec13f6,,1,7/5,"(1927/3996,3/148,13/108)",92_96
tetragonal,92,P4_12_12,"(25,39,16)",c_his_not_ours_P2_reproduced,,51c8209a1359acb3,,1,7/5,"(560/999,160/999,445/7992)",92_96
tetragonal,92,P4_12_12,"(26,39,15)",a_ours_in_his,327ca8d2dd09e1c0;9f3af33a5a619342;c10281b956e50c34,327ca8d2dd09e1c0,33/32;17/16;9/8;37/32;203/160;103/80;53/40;109/80;327/200;7/4;2;9/4,1,7/5,"(46/999,-16/999,61/2664)",92_96
tetragonal,92,P4_12_12,"(26,40,16)",c_his_not_ours_P2_reproduced,,ce5f82e6b8b26c43,,1,7/5,"(23/222,23/222,23/888)",92_96
tetragonal,92,P4_12_12,"(26,41,17)",c_his_not_ours_P2_reproduced,,dbbd406100689384,,1,797/1000,"(48/125,19/125,0)",92_96
tetragonal,92,P4_12_12,"(26,42,18)",c_his_not_ours_P2_reproduced,,c1ad1258b02c32c9,,1,26/25,"(37/100,-13/500,1/8)",92_96
tetragonal,92,P4_12_12,"(27,41,16)",c_his_not_ours_P2_reproduced,,bbafedf291518583,,1,797/1000,"(12/25,0,3/25)",92_96
tetragonal,92,P4_12_12,"(27,42,17)",c_his_not_ours_P2_reproduced,,b1745d1f0e7d6a54,,1,7/5,"(293/666,71/666,25/999)",92_96
tetragonal,92,P4_12_12,"(27,43,18)",c_his_not_ours_P2_reproduced,,d7b69d190fdf115a,,1,797/1000,"(197/500,91/500,0)",92_96
tetragonal,92,P4_12_12,"(28,42,16)",a_ours_in_his,18a28588043ce475;29f80b9c127f79a9;5be2e092046ee24b;62ca11329dfd99e4;c7bba76d2396a322,62ca11329dfd99e4,1/2;17/32;9/16;37/64;5/8;11/16;23/32;47/64;3/4;797/1000;4/5;17/20;7/8;1;69/64;35/32;9/8;73/64;79/64;5/4;7/5;113/80;227/160;229/160;23/16;29/20;3/2;38/25;7/4;2,1,7/5,"(133/1998,91/1998,61/2664)",92_96
tetragonal,92,P4_12_12,"(28,43,17)",c_his_not_ours_P2_reproduced,,8cf2f650dcef63c4,,1,3497/1000,"(1/4,7/500,123/1000)",92_96
tetragonal,92,P4_12_12,"(29,44,17)",c_his_not_ours_P2_reproduced,,675646bae982ec75,,1,797/1000,"(273/500,227/500,1/8)",92_96
tetragonal,92,P4_12_12,"(29,45,18)",c_his_not_ours_P2_reproduced,,504e0cf59aa910a3,,1,7/5,"(289/666,391/1998,11/3996)",92_96
tetragonal,92,P4_12_12,"(30,45,17)",a_ours_in_his,08c9708977b15d14;10f9a0d8ff07b3e4;822163f15ffc16d1;9ed821a3c69a01f6;ca0eff8176f46d8d;e1eb97228b6a2e0a;ee87e3504746e36b,822163f15ffc16d1,19/32;5/8;41/64;21/32;11/16;3/4;1247/1600;3141/4000;797/1000;4/5;9/10;37/40;79/80;1;65/64;17/16;75/64;19/16;39/32;439/320;221/160;7/5;3/2;38/25;631/400;5/2;11/4,1,7/5,"(49/999,-7/999,61/2664)",92_96
tetragonal,92,P4_12_12,"(30,46,18)",c_his_not_ours_P2_reproduced,,a92dbc775ca59940,,1,7/5,"(1997/3996,1/4,499/3996)",92_96
tetragonal,92,P4_12_12,"(30,47,19)",c_his_not_ours_P2_reproduced,,0191a4793071cbb8,,1,1/2,"(59/125,0,99/1000)",92_96
tetragonal,92,P4_12_12,"(31,47,18)",c_his_not_ours_P2_reproduced,,4dc7ad9e3f91ec3e,,1,797/1000,"(91/250,23/250,0)",92_96
tetragonal,92,P4_12_12,"(31,48,19)",c_his_not_ours_P2_reproduced,,c6139b6acd84f061,,1,7/5,"(1/3,80/999,799/7992)",92_96
tetragonal,92,P4_12_12,"(32,48,18)",a_ours_in_his,36148833db116d9b;3a7c6d5f00cde1ae;6797ab70c6015039;a7860d1366230469;afeb1ae44c1a3443;e5760549017956be,1614109bcc5801ed,1/2;37/64;19/32;5/8;3/4;25/32;3141/4000;797/1000;4/5;13/16;9/10;19/20;39/40;1;67/64;17/16;69/64;35/32;71/64;9/8;73/64;37/32;19/16;77/64;39/32;5/4;21/16;11/8;7/5;113/80;57/40;3/2;38/25;631/400;257/160;2593/1600;7/4;29/16;9/4;3497/1000;7/2,1,7/5,"(22/333,44/999,61/2664)",92_96
tetragonal,92,P4_12_12,"(32,49,19)",c_his_not_ours_P2_reproduced,,2a3a1df4615b278e,,1,4/5,"(2/25,2/125,1/10)",92_96
tetragonal,92,P4_12_12,"(33,50,19)",c_his_not_ours_P2_reproduced,,58973b81d659be9f,,1,797/1000,"(49/100,43/500,0)",92_96
tetragonal,92,P4_12_12,"(33,51,20)",c_his_not_ours_P2_reproduced,,a516e279d41341eb,,1,7/5,"(10/27,0,869/7992)",92_96
tetragonal,92,P4_12_12,"(34,51,19)",a_ours_in_his,cd3c192b4e0547ef;db0320ad071ab1eb;e8f8dcf6c6a09601,5ba951cdd58406f2,1/2;5/8;41/64;21/32;11/16;3/4;1547/2000;12423/16000;15/16;19/20;39/40,1,7/5,"(85/1998,-29/1998,61/2664)",92_96
tetragonal,92,P4_12_12,"(34,52,20)",c_his_not_ours_P2_reproduced,,c08a6252748537e7,,1,7/5,"(497/999,2/9,55/444)",92_96
tetragonal,92,P4_12_12,"(34,54,22)",c_his_not_ours_P2_reproduced,,011d5ea99335f508,,1,67/50,"(17/100,-1/500,1/8)",92_96
tetragonal,92,P4_12_12,"(35,53,20)",c_his_not_ours_P2_reproduced,,8b02e5a644cc1ae8,,1,797/1000,"(117/250,33/250,0)",92_96
tetragonal,92,P4_12_12,"(35,54,21)",c_his_not_ours_P2_reproduced,,808330c3932399ca,,1,7/5,"(421/1332,199/1332,125/1998)",92_96
tetragonal,92,P4_12_12,"(36,54,20)",a_ours_in_his,0087d56fd2a8a610;06c5da3bdc942c6f;60c6a7023f6e4280;fdecd8c917108d43,fdecd8c917108d43,35/64;9/16;3/4;1547/2000;1247/1600;12517/16000;71/80;9/10;37/40;15/16;65/64;33/32;17/16;37/32;75/64;19/16;5/4;7/5;113/80;5/2;11/4;3;13/4,1,7/5,"(73/999,22/333,61/2664)",92_96
tetragonal,92,P4_12_12,"(37,56,21)",c_his_not_ours_P2_reproduced,,5a187b9abf0285ce,,1,797/1000,"(59/125,16/125,0)",92_96
tetragonal,92,P4_12_12,"(37,57,22)",c_his_not_ours_P2_reproduced,,febc43bf173bf396,,1,4/5,"(107/250,-3/250,3/25)",92_96
tetragonal,92,P4_12_12,"(38,57,21)",c_his_not_ours_P2_reproduced,,aa04ab7a0134f9e9,,1,797/1000,"(129/250,21/50,1/8)",92_96
tetragonal,92,P4_12_12,"(39,59,22)",c_his_not_ours_P2_reproduced,,54249b4f3695bc8c,,1,797/1000,"(56/125,0,14/125)",92_96
tetragonal,92,P4_12_12,"(40,60,22)",a_ours_in_his,4e9c9b076cfec323;c1a62b4c22e7c6e8,cf92c5d0bb79041b,49/64;79/80;1;33/32;9/8;37/32;75/64;77/64;39/32;5/4;41/32;83/64,1,7/5,"(1951/3996,1/3996,1/7992)",92_96
tetragonal,92,P4_12_12,"(41,62,23)",c_his_not_ours_P2_reproduced,,5c07203e7707a8dc,,1,7/5,"(223/666,5/54,11/148)",92_96
tetragonal,92,P4_12_12,"(42,63,23)",c_his_not_ours_P2_reproduced,,a18fd905d89d0123,,1,797/1000,"(263/500,197/500,1/8)",92_96
tetragonal,92,P4_12_12,"(43,65,24)",c_his_not_ours_P2_reproduced,,f57b1e35eb597d34,,1,1061/1000,"(51/125,1/25,1/10)",92_96
tetragonal,92,P4_12_12,"(43,66,25)",c_his_not_ours_P2_reproduced,,990669676e546ded,,1,23/25,"(43/100,1/20,1/8)",92_96
tetragonal,92,P4_12_12,"(44,66,24)",a_ours_in_his,49cedbdd58376fac,ab93cbeb7be9da28,19/16,1,797/1000,"(57/125,2/125,1/8)",92_96
tetragonal,92,P4_12_12,"(46,69,25)",c_his_not_ours_P2_reproduced,,6281e1ae6116018e,,1,797/1000,"(223/500,17/500,1/8)",92_96
tetragonal,92,P4_12_12,"(48,72,26)",c_his_not_ours_P2_reproduced,,698bcaf0b95bcece,,1,797/1000,"(113/250,9/250,1/8)",92_96
tetragonal,92,P4_12_12,"(50,75,27)",c_his_not_ours_P2_reproduced,,38fcdeba0de2be7a,,1,797/1000,"(9/20,19/500,1/8)",92_96
tetragonal,92,P4_12_12,"(52,78,28)",c_his_not_ours_P2_reproduced,,71ffce785f35413c,,1,7/5,"(1163/3996,59/1332,827/7992)",92_96
tetragonal,92,P4_12_12,"(54,81,29)",c_his_not_ours_P2_reproduced,,f854a79196b76fc5,,1,7/5,"(583/1998,103/1998,29/296)",92_96
tetragonal,93,P4_222,"(6,9,5)",c_his_not_ours_P2_reproduced,,a1053191a6317676,,1,3497/1000,"(62/125,0,1/4)",93
tetragonal,93,P4_222,"(7,11,6)",c_his_not_ours_P2_reproduced,,a4d2e4badea1fc0f,,1,4/5,"(33/100,-17/100,0)",93
tetragonal,93,P4_222,"(8,12,6)",a_ours_in_his,e3faf0283734fac7,e3faf0283734fac7,1/2;3/4;797/1000;4/5;1;5/4;7/5;3/2;38/25;7/4;2;9/4;5/2;11/4;3;13/4;3497/1000;7/2,1,3497/1000,"(0,0,0)",93
tetragonal,93,P4_222,"(8,13,7)",c_his_not_ours_P2_reproduced,,59efe85d44daca83,,1,7/2,"(49/250,0,117/500)",93
tetragonal,93,P4_222,"(9,16,9)",a_ours_in_his,0c6ba5cadd15c06e,0c6ba5cadd15c06e,2,1,4/5,"(2/25,-2/25,21/100)",93
tetragonal,93,P4_222,"(10,15,7)",c_his_not_ours_P2_reproduced,,52392121966e66eb,,1,3497/1000,"(107/250,0,107/500)",93
tetragonal,93,P4_222,"(10,16,8)",a_ours_in_his,61a294835c4c4a23,61a294835c4c4a23,1,1,4/5,"(17/50,-4/25,1/4)",93
tetragonal,93,P4_222,"(12,18,8)",a_ours_in_his,fd9a9f68ec1db422,9b7039e0c295ff94,1/2;37/64;19/32;5/8;23/32;3/4;797/1000;4/5;33/40;17/20;9/10;59/64;15/16;1;65/64;33/32;17/16;35/32;9/8;37/32;19/16;79/64;5/4;83/64;209/160;53/40;87/64;11/8;7/5;3/2;38/25;7/4;2;9/4;5/2;11/4;3;13/4;3497/1000;7/2,1,3497/1000,"(62/125,0,31/125)",93
tetragonal,93,P4_222,"(13,20,9)",a_ours_in_his,82a5a88ccba80d26,82a5a88ccba80d26,25/16;13/8;2777/1600;7/4;2;129/64;65/32;33/16;17/8;9/4;157/64;79/32;5/2;11/4;3;13/4;111/32;3497/1000;7/2,1,3497/1000,"(1/4,-1/4,31/125)",93
tetragonal,93,P4_222,"(13,22,11)",c_his_not_ours_P2_reproduced,,894a58270edf968f,,1,41/25,"(38/125,-49/250,4/25)",93
tetragonal,93,P4_222,"(14,24,12)",a_ours_in_his,1da02fe6c7c6eb73,1da02fe6c7c6eb73,1,1,4/5,"(1/10,-1/10,1/4)",93
tetragonal,93,P4_222,"(16,24,10)",a_ours_in_his,35953737803092f0,35953737803092f0,1/2;9/16;5/8;11/16;45/64;3/4;797/1000;4/5;13/16;7/8;9/10;29/32;19/20;39/40;79/80;1;17/16;69/64;9/8;73/64;19/16;39/32;5/4;103/80;21/16;43/32;7/5;3/2;38/25;49/32;99/64;327/200;677/400;1377/800;7/4;15/8;31/16;63/32;127/64;2;9/4;19/8;39/16;5/2;11/4;3;13/4;27/8;55/16;221/64,1,3497/1000,"(1/4,-1/4,1/50)",93
tetragonal,93,P4_222,"(17,26,11)",c_his_not_ours_P2_reproduced,,8fa1790edfd55a9f,,1,3497/1000,"(58/125,-9/250,107/500)",93
tetragonal,93,P4_222,"(18,28,12)",a_ours_in_his,c1824c64dfbb3615,c1824c64dfbb3615,9/16;5/8;3/4;797/1000;4/5;7/8;9/10;19/20;1;65/64;33/32;17/16;9/8;5/4;7/5;227/160;57/40;29/20;3/2;38/25;7/4;2;9/4;5/2;11/4;3;13/4;3497/1000;7/2,1,3497/1000,"(1/4,-1/4,1/4)",93
tetragonal,93,P4_222,"(20,32,14)",c_his_not_ours_P2_reproduced,,37e188e9b012345e,,1,7/2,"(87/250,-19/125,117/500)",93
tetragonal,93,P4_222,"(22,35,15)",c_his_not_ours_P2_reproduced,,42bbc3711f0da4da,,1,7/2,"(201/500,-49/500,1/125)",93
tetragonal,93,P4_222,"(23,36,15)",a_ours_in_his,97fb7fde62d174ad,97fb7fde62d174ad,1/2,1,4/5,"(133/500,-117/500,1/5)",93
tetragonal,93,P4_222,"(24,36,14)",a_ours_in_his,31d09faf7fb2bf6f,31d09faf7fb2bf6f,1/2;17/32;35/64;5/8;11/16;23/32;47/64;3/4;797/1000;4/5;17/20;69/80;7/8;9/10;37/40;15/16;19/20;31/32;39/40;63/64;79/80;1;5/4;7/5;113/80,1,797/1000,"(1/4,-1/4,1/4)",93
tetragonal,93,P4_222,"(24,37,15)",c_his_not_ours_P2_reproduced,,b8b72db4ab55a296,,1,3497/1000,"(27/100,-23/100,1/50)",93
tetragonal,93,P4_222,"(25,39,16)",c_his_not_ours_P2_reproduced,,ad0c665071ecbd7d,,1,7/2,"(173/500,-3/20,117/500)",93
tetragonal,93,P4_222,"(26,40,16)",c_his_not_ours_P2_reproduced,,3624e9f094fd067e,,1,4/5,"(21/250,-13/250,1/5)",93
tetragonal,93,P4_222,"(27,41,16)",c_his_not_ours_P2_reproduced,,1722d568b932f832,,1,3497/1000,"(249/500,-1/500,31/125)",93
tetragonal,93,P4_222,"(27,42,17)",c_his_not_ours_P2_reproduced,,2b12361e3ea8c410,,1,7/2,"(31/125,-49/250,9/500)",93
tetragonal,93,P4_222,"(29,45,18)",c_his_not_ours_P2_reproduced,,d598f52c04672d34,,1,7/2,"(83/250,-17/125,117/500)",93
tetragonal,93,P4_222,"(30,45,17)",a_ours_in_his,adbb83c95151fc35;cd4fb52572edcb73,adbb83c95151fc35,39/64;5/8;3/4;1547/2000;257/160;327/200;7/4;2;135/64;17/8;9/4;5/2;11/4;3;13/4;3497/1000;7/2,1,3497/1000,"(231/500,-17/500,107/500)",93
tetragonal,93,P4_222,"(31,48,19)",c_his_not_ours_P2_reproduced,,066cd0238a920a95,,1,4/5,"(19/250,-9/125,1/5)",93
tetragonal,93,P4_222,"(32,48,18)",a_ours_in_his,03132752288b78be;d49d430cb3198a1c,03132752288b78be,33/64;17/32;9/16;5/8;3/4;12423/16000;1247/1600;3141/4000;797/1000;4/5;1;5/4;7/5;29/20;59/40;3/2;38/25;7/4;29/16;117/64,1,3497/1000,"(247/500,-1/500,123/500)",93
tetragonal,93,P4_222,"(33,51,20)",c_his_not_ours_P2_reproduced,,b915d6789ab307c1,,1,4/5,"(6/125,-2/125,121/500)",93
tetragonal,93,P4_222,"(34,51,19)",a_ours_in_his,205e338c517ee1e4;75fb0b80b43ec683;b8e16e8d04fc1057,75fb0b80b43ec683,1/2;9/16;19/32;237/160;119/80;3/2;38/25;491/320;1239/800;631/400;2547/1600;129/64;65/32;33/16;67/32,1,3497/1000,"(67/250,-57/250,1/50)",93
tetragonal,93,P4_222,"(36,54,20)",a_ours_in_his,89e47e7dcaab4687,89e47e7dcaab4687,59/32;119/64,1,3497/1000,"(58/125,-4/125,27/125)",93
tetragonal,93,P4_222,"(38,57,21)",a_ours_in_his,1177844bd4d28549,1177844bd4d28549,15/8;2,1,3497/1000,"(3/10,-9/50,6/25)",93
tetragonal,93,P4_222,"(40,60,22)",c_his_not_ours_P2_reproduced,,f809e5bb1f56799b,,1,3497/1000,"(113/250,-1/50,27/125)",93
tetragonal,94,P4_22_12,"(6,11,7)",c_his_not_ours_P2_reproduced,,d2d935e5499e6e11,,1,4/5,"(17/50,0,0)",94
tetragonal,94,P4_22_12,"(8,12,6)",a_ours_in_his,e3faf0283734fac7,e3faf0283734fac7,1/2;3/4;797/1000;4/5;1;5/4;7/5;3/2;38/25;7/4;2;9/4;5/2;11/4;3;13/4;3497/1000;7/2,1,3497/1000,"(0,0,1/4)",94
tetragonal,94,P4_22_12,"(8,13,7)",c_his_not_ours_P2_reproduced,,d724d08efce3fe5f,,1,3497/1000,"(62/125,0,0)",94
tetragonal,94,P4_22_12,"(9,16,9)",a_ours_in_his,0c6ba5cadd15c06e,0c6ba5cadd15c06e,2,1,5/4,"(1/4,-1/4,9/100)",94
tetragonal,94,P4_22_12,"(10,15,7)",c_his_not_ours_P2_reproduced,,52392121966e66eb,,1,3497/1000,"(31/125,-31/125,1/4)",94
tetragonal,94,P4_22_12,"(10,16,8)",c_his_not_ours_P2_reproduced,,61a294835c4c4a23,,1,7/2,"(27/250,0,109/500)",94
tetragonal,94,P4_22_12,"(11,19,10)",c_his_not_ours_P2_reproduced,,7b1d7f753e6c14bc,,1,7/2,"(38/125,0,117/500)",94
tetragonal,94,P4_22_12,"(12,18,8)",c_his_not_ours_P2_reproduced,,fd9a9f68ec1db422,,1,3497/1000,"(249/500,-1/500,0)",94
tetragonal,94,P4_22_12,"(12,19,9)",c_his_not_ours_P2_reproduced,,bff9a9e578e112a7,,1,4/5,"(169/500,-1/500,0)",94
tetragonal,94,P4_22_12,"(13,20,9)",a_ours_in_his,82a5a88ccba80d26,82a5a88ccba80d26,25/16;13/8;2777/1600;7/4;2;129/64;65/32;33/16;17/8;9/4;157/64;79/32;5/2;11/4;3;13/4;111/32;3497/1000;7/2,1,3497/1000,"(1/4,-1/4,57/250)",94
tetragonal,94,P4_22_12,"(14,21,9)",c_his_not_ours_P2_reproduced,,3f6b28d5f7a72d60,,1,3497/1000,"(59/250,-59/250,31/125)",94
tetragonal,94,P4_22_12,"(14,23,11)",c_his_not_ours_P2_reproduced,,7824c3404ec7c532,,1,3497/1000,"(249/500,-1/500,1/4)",94
tetragonal,94,P4_22_12,"(14,24,12)",b_ours_not_his,1da02fe6c7c6eb73,,1;3,0,,,
tetragonal,94,P4_22_12,"(15,25,12)",c_his_not_ours_P2_reproduced,,7780851c54681bc6,,1,2,"(4/25,0,1/5)",94
tetragonal,94,P4_22_12,"(16,24,10)",a_ours_in_his,35953737803092f0,35953737803092f0,1/2;3/4;797/1000;4/5;1;5/4;7/5;3/2;38/25;49/32;99/64;327/200;677/400;1377/800;7/4;15/8;31/16;63/32;127/64;2;9/4;19/8;39/16;5/2;11/4;3;13/4;27/8;55/16;221/64,1,3497/1000,"(1/4,-1/4,31/125)",94
tetragonal,94,P4_22_12,"(16,27,13)",c_his_not_ours_P2_reproduced,,4fc3bbeef72e7dab,,1,2,"(23/100,-7/100,1/5)",94
tetragonal,94,P4_22_12,"(17,26,11)",c_his_not_ours_P2_reproduced,,8fa1790edfd55a9f,,1,3497/1000,"(229/500,-21/500,26/125)",94
tetragonal,94,P4_22_12,"(18,28,12)",a_ours_in_his,c1824c64dfbb3615,c1824c64dfbb3615,65/64;33/32;17/16;9/8;77/64;39/32;5/4;21/16;11/8;7/5;227/160;57/40;29/20;3/2;38/25;7/4;2;9/4;5/2;11/4;91/32;23/8;3;193/64;97/32;49/16;25/8;13/4;3497/1000;7/2,1,3497/1000,"(0,0,0)",94
tetragonal,94,P4_22_12,"(18,29,13)",c_his_not_ours_P2_reproduced,,2626c0b5370635a6,,1,527/1000,"(41/100,-9/100,1/4)",94
tetragonal,94,P4_22_12,"(19,30,13)",a_ours_in_his,b25a63276e96e094,2c5be0ac677a3566,1,1,7/2,"(151/500,-1/500,117/500)",94
tetragonal,94,P4_22_12,"(20,32,14)",c_his_not_ours_P2_reproduced,,567d6e6c92a6ba19,,1,2,"(33/100,-17/100,1/5)",94
tetragonal,94,P4_22_12,"(21,32,13)",a_ours_in_his,c6005fa4af1a744c,c6005fa4af1a744c,1/2;9/16;3/4;797/1000;4/5;13/16;9/10;19/20;39/40;79/80;1;9/8;73/64;5/4;41/32,1,797/1000,"(17/100,-17/100,0)",94
tetragonal,94,P4_22_12,"(21,33,14)",c_his_not_ours_P2_reproduced,,6eec925b71cecc49,,1,7/2,"(201/500,-49/500,121/500)",94
tetragonal,94,P4_22_12,"(22,34,14)",c_his_not_ours_P2_reproduced,,6b1f36550e2f6ec6,,1,3497/1000,"(3/125,0,31/125)",94
tetragonal,94,P4_22_12,"(22,35,15)",c_his_not_ours_P2_reproduced,,42bbc3711f0da4da,,1,7/2,"(38/125,-49/250,117/500)",94
tetragonal,94,P4_22_12,"(23,35,14)",c_his_not_ours_P2_reproduced,,4a1fffe528971ffb,,1,3497/1000,"(249/500,-1/500,31/125)",94
tetragonal,94,P4_22_12,"(23,36,15)",c_his_not_ours_P2_reproduced,,5434607c262dfeba,,1,1/2,"(41/100,-7/100,17/100)",94
tetragonal,94,P4_22_12,"(24,36,14)",a_ours_in_his,31d09faf7fb2bf6f;6a8a2df1eaf9f29d,31d09faf7fb2bf6f,1/2;37/64;19/32;5/8;11/16;45/64;3/4;797/1000;4/5;33/40;17/20;69/80;9/10;19/20;39/40;79/80;1;65/64;33/32;67/64;17/16;35/32;71/64;37/32;19/16;5/4;83/64;7/5;113/80;3/2;38/25;7/4;2;9/4;5/2;11/4;45/16;181/64;23/8;47/16;95/32;191/64;3;13/4;7/2,1,3497/1000,"(1/2,0,31/125)",94
tetragonal,94,P4_22_12,"(24,37,15)",c_his_not_ours_P2_reproduced,,b8b72db4ab55a296,,1,3497/1000,"(33/100,-17/100,59/250)",94
tetragonal,94,P4_22_12,"(25,39,16)",c_his_not_ours_P2_reproduced,,5ee46f5341963056,,1,7/2,"(121/500,-31/500,117/500)",94
tetragonal,94,P4_22_12,"(26,39,15)",a_ours_in_his,1457e9a93eea5438,1457e9a93eea5438,23/32;3/4;797/1000;4/5;1;9/8,1,3497/1000,"(237/500,-13/500,31/125)",94
tetragonal,94,P4_22_12,"(27,41,16)",c_his_not_ours_P2_reproduced,,0b443fe21f074149,,1,3497/1000,"(131/500,-119/500,31/125)",94
tetragonal,94,P4_22_12,"(27,42,17)",c_his_not_ours_P2_reproduced,,fdb3b92581750bfd,,1,7/2,"(103/500,-49/500,23/100)",94
tetragonal,94,P4_22_12,"(28,42,16)",a_ours_in_his,28fa1abcd5fcfcae;8d5cf695b24cb063,28fa1abcd5fcfcae,1/2;9/16;73/64;37/32;19/16;5/4;7/5;3/2;38/25;7/4;2;33/16;67/32,1,3497/1000,"(247/500,-1/500,123/500)",94
tetragonal,94,P4_22_12,"(29,45,18)",c_his_not_ours_P2_reproduced,,e6ccc2a971c194f5,,1,7/2,"(3/50,-6/125,109/500)",94
tetragonal,94,P4_22_12,"(30,45,17)",a_ours_in_his,adbb83c95151fc35;bb0c84c025667b98,adbb83c95151fc35,7/8;9/10;1;17/16;35/32;71/64;239/160;3/2;38/25;7/4;2;9/4;77/32;39/16;5/2;11/4;3;13/4;3497/1000;7/2,1,3497/1000,"(57/125,-1/25,26/125)",94
tetragonal,94,P4_22_12,"(31,48,19)",c_his_not_ours_P2_reproduced,,02bfcc969a546bc7,,1,7/2,"(61/500,-23/500,28/125)",94
tetragonal,94,P4_22_12,"(32,48,18)",a_ours_in_his,184a74b1373839c8;72aba762a764b251,72aba762a764b251,9/8;5/4;103/80;135/64;17/8;9/4;73/32,1,3497/1000,"(23/50,-9/250,53/250)",94
tetragonal,94,P4_22_12,"(33,51,20)",c_his_not_ours_P2_reproduced,,dda34b9460586079,,1,7/2,"(53/500,-1/500,109/500)",94
tetragonal,94,P4_22_12,"(34,51,19)",a_ours_in_his,2ef5e3844229f89f;75fb0b80b43ec683,75fb0b80b43ec683,83/64;209/160;53/40;109/80;221/160;89/64;113/80;57/40;29/20;59/40;119/80;149/64;75/32;19/8;153/64,1,3497/1000,"(79/250,-39/250,59/250)",94
tetragonal,94,P4_22_12,"(36,54,20)",c_his_not_ours_P2_reproduced,,a9420a42740b8443,,1,3497/1000,"(9/20,-3/100,21/100)",94
tetragonal,94,P4_22_12,"(38,57,21)",a_ours_in_his,21c64995b621173f;3e1c2f08dd535cc5,3e1c2f08dd535cc5,7/5;45/32;147/64;37/16,1,3497/1000,"(31/100,-73/500,57/250)",94
tetragonal,94,P4_22_12,"(40,60,22)",c_his_not_ours_P2_reproduced,,bb8ba347bfca0880,,1,3497/1000,"(49/250,-6/125,57/250)",94
tetragonal,95,P4_322,"(6,9,5)",c_his_not_ours_not_stored,,,,1,4/5,"(1/50,-1/50,3/25)",91_95
tetragonal,95,P4_322,"(8,12,6)",a_ours_in_his,e3faf0283734fac7,e3faf0283734fac7,1/2;3/4;797/1000;4/5;1;5/4;7/5;3/2;38/25;7/4;2;9/4;5/2;11/4;3;13/4;3497/1000;7/2,1,4/5,"(0,0,0)",91_95
tetragonal,95,P4_322,"(8,14,8)",a_ours_in_his,11ee80fc3799d1eb,,2,1,14/25,"(51/100,49/100,1/8)",91_95
tetragonal,95,P4_322,"(9,16,9)",c_his_not_ours_P2_reproduced,,0c6ba5cadd15c06e,,1,44/25,"(1/2,117/250,17/200)",91_95
tetragonal,95,P4_322,"(10,15,7)",c_his_not_ours_not_stored,,,,1,3497/1000,"(3/4,1/4,31/250)",91_95
tetragonal,95,P4_322,"(10,16,8)",c_his_not_ours_P2_reproduced,,61a294835c4c4a23,,1,4/5,"(1/25,0,0)",91_95
tetragonal,95,P4_322,"(11,19,10)",c_his_not_ours_not_stored,,,,1,56/25,"(127/250,101/250,3/200)",91_95
tetragonal,95,P4_322,"(11,20,11)",c_his_not_ours_P2_reproduced,,9b708b599087ffda,,1,88/125,"(1/2,121/250,1/8)",91_95
tetragonal,95,P4_322,"(12,18,8)",a_ours_in_his,abfdf73c2f298784,,71/64;9/8;5/4;239/160;3/2;38/25;2777/1600;7/4;121/64;61/32;31/16;127/64;2;129/64;65/32;33/16;17/8;9/4;5/2;11/4;3;13/4;3497/1000;7/2,1,3497/1000,"(1/4,-1/4,1/8)",91_95
tetragonal,95,P4_322,"(13,20,9)",c_his_not_ours_P2_reproduced,,82a5a88ccba80d26,,1,4/5,"(1/2,995/1998,1/7992)",91_95
tetragonal,95,P4_322,"(13,22,11)",c_his_not_ours_P2_reproduced,,c38e60306817f34e,,1,4/5,"(1/2,997/1998,1/8)",91_95
tetragonal,95,P4_322,"(14,24,12)",c_his_not_ours_not_stored,,,,1,88/125,"(121/250,121/250,1/8)",91_95
tetragonal,95,P4_322,"(15,23,10)",c_his_not_ours_not_stored,,,,1,4/5,"(13/3996,-1/444,61/2664)",91_95
tetragonal,95,P4_322,"(15,25,12)",c_his_not_ours_not_stored,,,,1,7/2,"(57/100,7/20,2/125)",91_95
tetragonal,95,P4_322,"(15,26,13)",c_his_not_ours_P2_reproduced,,f75b8419b3cb7a83,,1,4/5,"(1/2,23/50,1/50)",91_95
tetragonal,95,P4_322,"(16,24,10)",c_his_not_ours_P2_reproduced,,35953737803092f0,,1,4/5,"(1/3,0,0)",91_95
tetragonal,95,P4_322,"(16,26,12)",c_his_not_ours_P2_reproduced,,42a05084c15768e2,,1,4/5,"(1/2,319/666,1/8)",91_95
tetragonal,95,P4_322,"(16,27,13)",c_his_not_ours_not_stored,,,,1,4/5,"(1/50,1/50,1/200)",91_95
tetragonal,95,P4_322,"(17,28,13)",c_his_not_ours_P2_reproduced,,b11cd7f75525ca5a,,1,4/5,"(1/3,0,1/8)",91_95
tetragonal,95,P4_322,"(17,29,14)",c_his_not_ours_P2_reproduced,,1047bc3b391a4f48,,1,4/5,"(1/2,23/50,1/100)",91_95
tetragonal,95,P4_322,"(18,28,12)",a_ours_in_his,c1824c64dfbb3615,,73/64;37/32;19/16;5/4;3/2;631/400;327/200;7/4;15/8;2;135/64;17/8;9/4;37/16;19/8;157/64;79/32;5/2;165/64;83/32;21/8;171/64;43/16;11/4;179/64;45/16;181/64;91/32;23/8;3;13/4;3497/1000;7/2,1,3497/1000,"(62/125,62/125,1/8)",91_95
tetragonal,95,P4_322,"(18,29,13)",c_his_not_ours_P2_reproduced,,5053384158d6105a,,1,4/5,"(2/5,1/5,0)",91_95
tetragonal,95,P4_322,"(18,30,14)",c_his_not_ours_not_stored,,,,1,44/25,"(2/125,2/125,21/200)",91_95
tetragonal,95,P4_322,"(19,30,13)",c_his_not_ours_not_stored,,,,1,4/5,"(1/25,1/25,1/50)",91_95
tetragonal,95,P4_322,"(19,31,14)",c_his_not_ours_P2_reproduced,,256141cf56365322,,1,4/5,"(1/2,29/666,1/1332)",91_95
tetragonal,95,P4_322,"(20,31,13)",c_his_not_ours_P2_reproduced,,6fe445ec5becddde,,1,3497/1000,"(1/4,-1/4,0)",91_95
tetragonal,95,P4_322,"(20,32,14)",c_his_not_ours_not_stored,,,,1,7/2,"(13/25,1/5,61/1000)",91_95
tetragonal,95,P4_322,"(20,33,15)",c_his_not_ours_not_stored,,,,1,14/25,"(271/500,49/500,1/8)",91_95
tetragonal,95,P4_322,"(21,32,13)",c_his_not_ours_not_stored,,,,1,4/5,"(985/1998,319/666,1/8)",91_95
tetragonal,95,P4_322,"(21,33,14)",c_his_not_ours_not_stored,,,,1,4/5,"(12/25,12/25,3/25)",91_95
tetragonal,95,P4_322,"(21,34,15)",c_his_not_ours_P2_reproduced,,58c476c3cd0f0534,,1,4/5,"(1/2,179/666,115/3996)",91_95
tetragonal,95,P4_322,"(22,34,14)",a_ours_in_his,9cab1436007f3c03,9cab1436007f3c03,6747/2000;3497/1000;7/2,1,14/25,"(7/3996,-1/1332,61/2664)",91_95
tetragonal,95,P4_322,"(22,35,15)",c_his_not_ours_P2_reproduced,,4cb422b258a29ddc,,1,4/5,"(1/2,29/666,1/666)",91_95
tetragonal,95,P4_322,"(22,36,16)",a_ours_in_his,e0cb47c4a5901ef9,,1,1,4/5,"(9/50,-3/50,2/25)",91_95
tetragonal,95,P4_322,"(23,35,14)",c_his_not_ours_not_stored,,,,1,4/5,"(19/333,17/999,61/2664)",91_95
tetragonal,95,P4_322,"(23,36,15)",c_his_not_ours_not_stored,,,,1,7/2,"(37/100,7/20,93/1000)",91_95
tetragonal,95,P4_322,"(24,36,14)",a_ours_in_his,31d09faf7fb2bf6f,31d09faf7fb2bf6f,1/2;39/64;5/8;3/4;51/64;797/1000;4/5;13/16;7/8;1;17/16;9/8;79/64;5/4;427/320;43/32;109/80;7/5;45/32;227/160;57/40;23/16;29/20;3/2;38/25;1239/800;2501/1600;631/400;257/160;2593/1600;7/4;29/16;59/32;119/64;2;33/16;67/32;9/4;73/32;147/64;19/8;39/16;5/2;41/16;21/8;85/32;43/16;87/32;175/64;11/4;89/32;45/16;181/64,1,797/1000,"(1/4,-1/4,0)",91_95
tetragonal,95,P4_322,"(24,37,15)",c_his_not_ours_P2_reproduced,,7a5033670a18bdcd,,1,4/5,"(17/333,0,61/2664)",91_95
tetragonal,95,P4_322,"(24,38,16)",a_ours_in_his,a3a8447783e42486,,51/64;13/16;7/8;1;17/16;35/32;9/8;79/64;5/4;427/320;43/32;109/80;7/5;45/32;227/160;57/40;23/16;29/20;59/40;119/80;3/2;38/25;327/200;677/400;1377/800;7/4;15/8;31/16;63/32;127/64,1,4/5,"(19/37,1/27,25/3996)",91_95
tetragonal,95,P4_322,"(24,39,17)",c_his_not_ours_not_stored,,,,1,4/5,"(3/10,-1/10,1/20)",91_95
tetragonal,95,P4_322,"(25,38,15)",a_ours_in_his,3fea442a4ead6925,,9/4;5/2;11/4;3;49/16;25/8;13/4;13247/4000;26741/8000;53729/16000;3497/1000;7/2,1,4/5,"(1997/3996,19/444,7/2664)",91_95
tetragonal,95,P4_322,"(25,39,16)",c_his_not_ours_not_stored,,,,1,4/5,"(3/25,1/25,1/50)",91_95
tetragonal,95,P4_322,"(26,39,15)",a_ours_in_his,c10281b956e50c34,,327/200;7/4;2;33/16;67/32;135/64,1,14/25,"(149/3996,-89/3996,61/2664)",91_95
tetragonal,95,P4_322,"(26,40,16)",c_his_not_ours_not_stored,,,,1,14/25,"(679/1332,13/1332,1/8)",91_95
tetragonal,95,P4_322,"(26,41,17)",c_his_not_ours_not_stored,,,,1,797/1000,"(373/500,123/500,1/8)",91_95
tetragonal,95,P4_322,"(27,41,16)",c_his_not_ours_P2_reproduced,,3093256cf7845236,,1,14/25,"(151/444,3/148,0)",91_95
tetragonal,95,P4_322,"(27,42,17)",c_his_not_ours_not_stored,,,,1,4/5,"(66/125,11/25,1/8)",91_95
tetragonal,95,P4_322,"(28,42,16)",a_ours_in_his,5ebc1b8c073a87a9;c8c6299f9321c3cb,,1/2;33/64;35/64;9/16;5/8;41/64;21/32;11/16;23/32;3/4;25/32;797/1000;4/5;33/40;17/20;7/8;9/10;29/32;15/16;1;33/32;67/64;9/8;19/16;39/32;5/4;53/40;11/8;89/64;7/5;113/80;17/8;9/4;5/2;11/4;3;97/32;195/64,1,4/5,"(1997/3996,1075/3996,5/7992)",91_95
tetragonal,95,P4_322,"(28,43,17)",c_his_not_ours_not_stored,,,,1,4/5,"(53/1332,-31/3996,61/2664)",91_95
tetragonal,95,P4_322,"(28,44,18)",c_his_not_ours_not_stored,,,,1,4/5,"(131/250,23/50,7/100)",91_95
tetragonal,95,P4_322,"(28,45,19)",c_his_not_ours_not_stored,,,,1,4/5,"(7/74,-5/74,17/148)",91_95
tetragonal,95,P4_322,"(29,44,17)",c_his_not_ours_P2_reproduced,,3f11a59255fcd8cf,,1,14/25,"(2/37,8/999,61/2664)",91_95
tetragonal,95,P4_322,"(29,45,18)",c_his_not_ours_not_stored,,,,1,797/1000,"(173/250,69/250,1/10)",91_95
tetragonal,95,P4_322,"(30,45,17)",a_ours_in_his,8c69db9e84095469;e64ff7d1f133b6c9,,17/32;9/16;19/32;67/80;17/20;7/8;71/80,1,797/1000,"(309/500,59/500,1/8)",91_95
tetragonal,95,P4_322,"(30,46,18)",c_his_not_ours_not_stored,,,,1,14/25,"(113/222,5/222,1/216)",91_95
tetragonal,95,P4_322,"(30,47,19)",c_his_not_ours_not_stored,,,,1,44/25,"(7/25,-4/25,1/20)",91_95
tetragonal,95,P4_322,"(31,47,18)",a_ours_in_his,18b35afa85c5a929,,491/320;1239/800;631/400;327/200;7/4;2,1,14/25,"(7/333,-2/999,61/2664)",91_95
tetragonal,95,P4_322,"(31,48,19)",c_his_not_ours_not_stored,,,,1,797/1000,"(29/50,17/50,1/20)",91_95
tetragonal,95,P4_322,"(32,48,18)",a_ours_in_his,1497877268495988;9e9ed09ab338b2d5;c6c1f93f18915d8d;e5760549017956be,e2bae62d988092d4,1/2;17/32;5/8;11/16;45/64;23/32;47/64;3/4;797/1000;4/5;13/16;27/32;17/20;55/64;69/80;7/8;71/80;57/64;9/10;19/20;39/40;79/80;1;17/16;69/64;9/8;73/64;19/16;39/32,1,14/25,"(229/3996,71/3996,61/2664)",91_95
tetragonal,95,P4_322,"(32,49,19)",c_his_not_ours_not_stored,,,,1,797/1000,"(133/250,113/250,1/10)",91_95
tetragonal,95,P4_322,"(32,50,20)",c_his_not_ours_not_stored,,,,1,7/5,"(139/250,17/50,9/200)",91_95
tetragonal,95,P4_322,"(32,51,21)",c_his_not_ours_not_stored,,,,1,4/5,"(51/125,-1/25,33/1000)",91_95
tetragonal,95,P4_322,"(33,50,19)",c_his_not_ours_not_stored,,,,1,3497/1000,"(84/125,28/125,14/125)",91_95
tetragonal,95,P4_322,"(33,51,20)",c_his_not_ours_not_stored,,,,1,14/25,"(1223/1998,313/1998,2/27)",91_95
tetragonal,95,P4_322,"(34,51,19)",a_ours_in_his,6f79177bf480b895;9b708cb2bde13500,,33/40;43/32;109/80;7/5;3/2;38/25,1,14/25,"(677/1332,347/1332,263/7992)",91_95
tetragonal,95,P4_322,"(34,54,22)",c_his_not_ours_not_stored,,,,2,4/5;4/5,"(1019/1998,25/54,187/3996);(133/250,23/50,51/500)",91_95
tetragonal,95,P4_322,"(35,53,20)",c_his_not_ours_not_stored,,,,1,4/5,"(131/222,7/74,1/36)",91_95
tetragonal,95,P4_322,"(35,54,21)",c_his_not_ours_not_stored,,,,1,4/5,"(13/25,9/25,1/40)",91_95
tetragonal,95,P4_322,"(36,54,20)",a_ours_in_his,0b6473b240a3c9e9;60c6a7023f6e4280,,1/2;5/8;41/64;21/32;43/64;11/16;3/4;25/32;69/80;7/8;9/10;1;65/64;33/32;67/64;17/16;35/32;9/8;73/64;37/32;19/16;39/32;5/4;53/40;11/8;89/64;7/5;113/80,1,3497/1000,"(37/50,61/250,31/250)",91_95
tetragonal,95,P4_322,"(36,55,21)",c_his_not_ours_not_stored,,,,1,14/25,"(506/999,25/999,1/296)",91_95
tetragonal,95,P4_322,"(37,56,21)",c_his_not_ours_not_stored,,,,1,14/25,"(101/1998,-5/1998,61/2664)",91_95
tetragonal,95,P4_322,"(37,57,22)",c_his_not_ours_not_stored,,,,1,4/5,"(47/111,-17/333,23/999)",91_95
tetragonal,95,P4_322,"(38,57,21)",a_ours_in_his,7391016f434c6483,,79/64;5/4;103/80,1,797/1000,"(269/500,19/500,9/125)",91_95
tetragonal,95,P4_322,"(39,59,22)",c_his_not_ours_not_stored,,,,1,14/25,"(527/999,32/999,1/72)",91_95
tetragonal,95,P4_322,"(39,60,23)",c_his_not_ours_not_stored,,,,1,4/5,"(131/250,1/10,1/50)",91_95
tetragonal,95,P4_322,"(40,60,22)",a_ours_in_his,2e8e49eb28497267,,83/64;209/160;53/40;427/320,1,14/25,"(223/444,355/1332,239/7992)",91_95
tetragonal,95,P4_322,"(41,62,23)",c_his_not_ours_not_stored,,,,1,797/1000,"(269/500,19/500,9/500)",91_95
tetragonal,95,P4_322,"(41,63,24)",c_his_not_ours_not_stored,,,,1,4/5,"(139/250,3/50,1/40)",91_95
tetragonal,95,P4_322,"(42,63,23)",c_his_not_ours_not_stored,,,,1,797/1000,"(207/500,-43/500,41/1000)",91_95
tetragonal,95,P4_322,"(43,65,24)",c_his_not_ours_not_stored,,,,1,14/25,"(1063/1998,71/1998,1/54)",91_95
tetragonal,95,P4_322,"(44,66,24)",c_his_not_ours_not_stored,,,,1,14/25,"(409/666,103/666,62/999)",91_95
tetragonal,95,P4_322,"(46,69,25)",c_his_not_ours_not_stored,,,,1,14/25,"(355/666,67/1998,11/666)",91_95
tetragonal,95,P4_322,"(48,72,26)",c_his_not_ours_not_stored,,,,1,14/25,"(538/999,13/333,71/2664)",91_95
tetragonal,96,P4_32_12,"(8,12,6)",c_his_not_ours_P2_reproduced,,e3faf0283734fac7,,1,7/5,"(0,0,1/8)",92_96
tetragonal,96,P4_32_12,"(8,14,8)",b_ours_not_his,11ee80fc3799d1eb,,2,0,,,
tetragonal,96,P4_32_12,"(12,18,8)",a_ours_in_his,abfdf73c2f298784,,129/64;65/32;33/16;17/8;9/4;5/2;11/4;3;13/4;3497/1000;7/2,1,7/5,"(1/2,997/1998,1/8)",92_96
tetragonal,96,P4_32_12,"(13,20,9)",c_his_not_ours_P2_reproduced,,82a5a88ccba80d26,,1,3497/1000,"(1/2,1/2,43/1000)",92_96
tetragonal,96,P4_32_12,"(14,24,12)",c_his_not_ours_P2_reproduced,,1da02fe6c7c6eb73,,1,14/25,"(51/100,1/100,0)",92_96
tetragonal,96,P4_32_12,"(15,23,10)",c_his_not_ours_not_stored,,,,1,3497/1000,"(1/4,123/500,31/500)",92_96
tetragonal,96,P4_32_12,"(15,25,12)",c_his_not_ours_P2_reproduced,,896b1833af3e254c,,1,7/5,"(1/2,9/74,0)",92_96
tetragonal,96,P4_32_12,"(16,24,10)",c_his_not_ours_P2_reproduced,,35953737803092f0,,1,7/5,"(1/2,1/2,499/3996)",92_96
tetragonal,96,P4_32_12,"(16,26,12)",c_his_not_ours_not_stored,,,,1,7/5,"(377/999,0,1/7992)",92_96
tetragonal,96,P4_32_12,"(16,27,13)",c_his_not_ours_P2_reproduced,,7d5559ec4f268c7c,,1,2,"(1/4,-1/4,1/8)",92_96
tetragonal,96,P4_32_12,"(16,28,14)",c_his_not_ours_not_stored,,,,1,4/5,"(2/25,0,1/8)",92_96
tetragonal,96,P4_32_12,"(16,30,16)",c_his_not_ours_not_stored,,,,1,4/5,"(1/2,1/10,1/8)",92_96
tetragonal,96,P4_32_12,"(17,28,13)",c_his_not_ours_P2_reproduced,,9e0eff12a569d7e7,,1,4/5,"(7/20,1/20,0)",92_96
tetragonal,96,P4_32_12,"(18,28,12)",a_ours_in_his,c1824c64dfbb3615,c1824c64dfbb3615,147/64;37/16;19/8;5/2;85/32;43/16;11/4;45/16;91/32;23/8;3;13/4;3497/1000;7/2,1,7/5,"(761/1332,95/1332,0)",92_96
tetragonal,96,P4_32_12,"(18,29,13)",c_his_not_ours_not_stored,,,,1,7/5,"(1/2,49/1998,799/7992)",92_96
tetragonal,96,P4_32_12,"(18,30,14)",c_his_not_ours_P2_reproduced,,72b983248e962501,,1,4/5,"(23/50,23/50,0)",92_96
tetragonal,96,P4_32_12,"(19,30,13)",c_his_not_ours_P2_reproduced,,a35dc7588173ddc2,,1,7/5,"(769/1332,1/12,101/7992)",92_96
tetragonal,96,P4_32_12,"(20,31,13)",c_his_not_ours_P2_reproduced,,95417ace54e2e2bb,,1,7/5,"(2243/3996,245/3996,125/1998)",92_96
tetragonal,96,P4_32_12,"(21,32,13)",c_his_not_ours_P2_reproduced,,c6005fa4af1a744c,,1,797/1000,"(73/100,27/100,23/200)",92_96
tetragonal,96,P4_32_12,"(21,33,14)",c_his_not_ours_not_stored,,,,1,7/5,"(475/999,0,799/7992)",92_96
tetragonal,96,P4_32_12,"(22,34,14)",c_his_not_ours_not_stored,,,,1,7/5,"(499/999,1/3,83/666)",92_96
tetragonal,96,P4_32_12,"(22,35,15)",c_his_not_ours_not_stored,,,,1,7/5,"(1/2,49/666,133/2664)",92_96
tetragonal,96,P4_32_12,"(22,36,16)",c_his_not_ours_not_stored,,,,1,4/5,"(1/2,3/10,1/8)",92_96
tetragonal,96,P4_32_12,"(23,36,15)",c_his_not_ours_not_stored,,,,1,7/5,"(623/1332,35/444,125/1998)",92_96
tetragonal,96,P4_32_12,"(24,36,14)",a_ours_in_his,31d09faf7fb2bf6f,31d09faf7fb2bf6f,1/2;3/4;797/1000;4/5;53/64;27/32;7/8;1;69/64;35/32;9/8;37/32;19/16;5/4;403/320;7/5;227/160;57/40;29/20;3/2;38/25;327/200;7/4;117/64;59/32;15/8;2;9/4;73/32;19/8;39/16;79/32;159/64;5/2;21/8;169/64;43/16;87/32;175/64;11/4;89/32;179/64;45/16;181/64;3;13/4;3497/1000;7/2,1,7/5,"(2455/3996,617/3996,3/74)",92_96
tetragonal,96,P4_32_12,"(24,37,15)",c_his_not_ours_P2_reproduced,,c3fa09c848246046,,1,797/1000,"(9/20,7/20,0)",92_96
tetragonal,96,P4_32_12,"(24,38,16)",a_ours_in_his,a3a8447783e42486,,227/160;57/40;29/20;3/2;38/25;7/4;15/8;31/16;63/32;127/64,1,797/1000,"(1/2,113/250,1/8)",92_96
tetragonal,96,P4_32_12,"(25,38,15)",c_his_not_ours_not_stored,,,,1,7/5,"(1927/3996,3/148,13/108)",92_96
tetragonal,96,P4_32_12,"(25,39,16)",c_his_not_ours_not_stored,,,,1,7/5,"(560/999,160/999,445/7992)",92_96
tetragonal,96,P4_32_12,"(26,39,15)",a_ours_in_his,327ca8d2dd09e1c0;9f3af33a5a619342;c10281b956e50c34,,19/20;1;17/16;69/64;203/160;103/80;53/40;7/5;3/2;38/25;7/4;2;9/4;5/2;11/4,1,7/5,"(46/999,-16/999,61/2664)",92_96
tetragonal,96,P4_32_12,"(26,40,16)",c_his_not_ours_P2_reproduced,,ce5f82e6b8b26c43,,1,7/5,"(23/222,23/222,23/888)",92_96
tetragonal,96,P4_32_12,"(26,41,17)",c_his_not_ours_P2_reproduced,,dbbd406100689384,,1,797/1000,"(48/125,19/125,0)",92_96
tetragonal,96,P4_32_12,"(26,42,18)",c_his_not_ours_not_stored,,,,1,26/25,"(37/100,-13/500,1/8)",92_96
tetragonal,96,P4_32_12,"(27,41,16)",c_his_not_ours_not_stored,,,,1,797/1000,"(12/25,0,3/25)",92_96
tetragonal,96,P4_32_12,"(27,42,17)",c_his_not_ours_not_stored,,,,1,7/5,"(293/666,71/666,25/999)",92_96
tetragonal,96,P4_32_12,"(27,43,18)",c_his_not_ours_P2_reproduced,,d7b69d190fdf115a,,1,797/1000,"(197/500,91/500,0)",92_96
tetragonal,96,P4_32_12,"(28,42,16)",a_ours_in_his,29f80b9c127f79a9;5561cb5efa0a7c0c;5be2e092046ee24b;62ca11329dfd99e4;c7bba76d2396a322;c8c6299f9321c3cb,,1/2;17/32;5/8;11/16;23/32;47/64;3/4;797/1000;4/5;17/20;7/8;1;33/32;67/64;17/16;9/8;73/64;77/64;39/32;5/4;7/5;113/80;227/160;29/20;3/2;38/25;7/4;23/8,1,7/5,"(133/1998,91/1998,61/2664)",92_96
tetragonal,96,P4_32_12,"(28,43,17)",c_his_not_ours_not_stored,,,,1,3497/1000,"(1/4,7/500,123/1000)",92_96
tetragonal,96,P4_32_12,"(29,44,17)",c_his_not_ours_P2_reproduced,,675646bae982ec75,,1,797/1000,"(273/500,227/500,1/8)",92_96
tetragonal,96,P4_32_12,"(29,45,18)",c_his_not_ours_not_stored,,,,1,7/5,"(289/666,391/1998,11/3996)",92_96
tetragonal,96,P4_32_12,"(30,45,17)",a_ours_in_his,10f9a0d8ff07b3e4;26a8212cbd6c8b62;8dce1cb5e78590f9;9ed821a3c69a01f6;ee87e3504746e36b,,17/32;9/16;19/32;39/64;41/64;21/32;43/64;23/32;3/4;797/1000;4/5;9/10;37/40;15/16;35/32;9/8;37/32;491/320;1239/800;631/400;327/200;677/400;1377/800;2777/1600,1,7/5,"(49/999,-7/999,61/2664)",92_96
tetragonal,96,P4_32_12,"(30,46,18)",c_his_not_ours_not_stored,,,,1,7/5,"(1997/3996,1/4,499/3996)",92_96
tetragonal,96,P4_32_12,"(30,47,19)",c_his_not_ours_not_stored,,,,1,1/2,"(59/125,0,99/1000)",92_96
tetragonal,96,P4_32_12,"(31,47,18)",c_his_not_ours_P2_reproduced,,4dc7ad9e3f91ec3e,,1,797/1000,"(91/250,23/250,0)",92_96
tetragonal,96,P4_32_12,"(31,48,19)",c_his_not_ours_not_stored,,,,1,7/5,"(1/3,80/999,799/7992)",92_96
tetragonal,96,P4_32_12,"(32,48,18)",a_ours_in_his,133690822bdda4b1;36148833db116d9b;621f14b6f0a7b371;6797ab70c6015039;747a6712c328a5cf;9f05491e6b5385fa;afeb1ae44c1a3443;e5760549017956be,3a7c6d5f00cde1ae,1/2;17/32;35/64;37/64;19/32;5/8;3/4;25/32;3141/4000;797/1000;4/5;13/16;9/10;19/20;39/40;1;67/64;17/16;69/64;35/32;71/64;9/8;73/64;37/32;75/64;19/16;77/64;39/32;5/4;21/16;11/8;7/5;113/80;57/40;3/2;38/25;631/400;257/160;2593/1600;7/4;29/16;2;9/4;5/2;11/4;3;13/4;3497/1000;7/2,1,7/5,"(22/333,44/999,61/2664)",92_96
tetragonal,96,P4_32_12,"(32,49,19)",c_his_not_ours_not_stored,,,,1,4/5,"(2/25,2/125,1/10)",92_96
tetragonal,96,P4_32_12,"(33,50,19)",c_his_not_ours_P2_reproduced,,58973b81d659be9f,,1,797/1000,"(49/100,43/500,0)",92_96
tetragonal,96,P4_32_12,"(33,51,20)",c_his_not_ours_not_stored,,,,1,7/5,"(10/27,0,869/7992)",92_96
tetragonal,96,P4_32_12,"(34,51,19)",a_ours_in_his,35398c494f7e95b0;db0320ad071ab1eb,,9/16;5/8;11/16;45/64,1,7/5,"(85/1998,-29/1998,61/2664)",92_96
tetragonal,96,P4_32_12,"(34,52,20)",c_his_not_ours_not_stored,,,,1,7/5,"(497/999,2/9,55/444)",92_96
tetragonal,96,P4_32_12,"(34,54,22)",c_his_not_ours_not_stored,,,,1,67/50,"(17/100,-1/500,1/8)",92_96
tetragonal,96,P4_32_12,"(35,53,20)",c_his_not_ours_P2_reproduced,,8b02e5a644cc1ae8,,1,797/1000,"(117/250,33/250,0)",92_96
tetragonal,96,P4_32_12,"(35,54,21)",c_his_not_ours_not_stored,,,,1,7/5,"(421/1332,199/1332,125/1998)",92_96
tetragonal,96,P4_32_12,"(36,54,20)",a_ours_in_his,0087d56fd2a8a610;60c6a7023f6e4280;8b991972fb6aab30,,1/2;33/64;35/64;9/16;3/4;1547/2000;1247/1600;12517/16000;71/80;9/10;37/40;15/16;65/64;33/32;17/16;37/32;75/64;19/16;5/4;7/5;113/80,1,7/5,"(73/999,22/333,61/2664)",92_96
tetragonal,96,P4_32_12,"(37,56,21)",c_his_not_ours_P2_reproduced,,5a187b9abf0285ce,,1,797/1000,"(59/125,16/125,0)",92_96
tetragonal,96,P4_32_12,"(37,57,22)",c_his_not_ours_not_stored,,,,1,4/5,"(107/250,-3/250,3/25)",92_96
tetragonal,96,P4_32_12,"(38,57,21)",c_his_not_ours_P2_reproduced,,5ac89a5beae6d6ae,,1,797/1000,"(129/250,21/50,1/8)",92_96
tetragonal,96,P4_32_12,"(39,59,22)",c_his_not_ours_not_stored,,,,1,797/1000,"(56/125,0,14/125)",92_96
tetragonal,96,P4_32_12,"(40,60,22)",a_ours_in_his,4e9c9b076cfec323;c1a62b4c22e7c6e8,,49/64;79/80;1;33/32;9/8;37/32;75/64;77/64;39/32;5/4;41/32;83/64,1,7/5,"(1951/3996,1/3996,1/7992)",92_96
tetragonal,96,P4_32_12,"(41,62,23)",c_his_not_ours_not_stored,,,,1,7/5,"(223/666,5/54,11/148)",92_96
tetragonal,96,P4_32_12,"(42,63,23)",c_his_not_ours_not_stored,,,,1,797/1000,"(263/500,197/500,1/8)",92_96
tetragonal,96,P4_32_12,"(43,65,24)",c_his_not_ours_not_stored,,,,1,1061/1000,"(51/125,1/25,1/10)",92_96
tetragonal,96,P4_32_12,"(43,66,25)",c_his_not_ours_not_stored,,,,1,23/25,"(43/100,1/20,1/8)",92_96
tetragonal,96,P4_32_12,"(44,66,24)",a_ours_in_his,49cedbdd58376fac,,19/16,1,797/1000,"(57/125,2/125,1/8)",92_96
tetragonal,96,P4_32_12,"(46,69,25)",c_his_not_ours_not_stored,,,,1,797/1000,"(223/500,17/500,1/8)",92_96
tetragonal,96,P4_32_12,"(48,72,26)",c_his_not_ours_not_stored,,,,1,797/1000,"(113/250,9/250,1/8)",92_96
tetragonal,96,P4_32_12,"(50,75,27)",c_his_not_ours_not_stored,,,,1,797/1000,"(9/20,19/500,1/8)",92_96
tetragonal,96,P4_32_12,"(52,78,28)",c_his_not_ours_not_stored,,,,1,7/5,"(1163/3996,59/1332,827/7992)",92_96
tetragonal,96,P4_32_12,"(54,81,29)",c_his_not_ours_not_stored,,,,1,7/5,"(583/1998,103/1998,29/296)",92_96
tetragonal,97,I422,"(5,8,5)",c_his_not_ours_P2_reproduced,,42bc5c5af1f296ae,,1,4/5,"(169/500,-1/500,0)",97
tetragonal,97,I422,"(5,9,6)",c_his_not_ours_P2_reproduced,,8f286dc3c145b5c1,,1,7/2,"(38/125,0,117/500)",97
tetragonal,97,I422,"(6,9,5)",c_his_not_ours_P2_reproduced,,a1053191a6317676,,1,3497/1000,"(249/500,-1/500,0)",97
tetragonal,97,I422,"(6,11,7)",a_ours_in_his,d2d935e5499e6e11,d2d935e5499e6e11,1,1,4/5,"(17/50,0,0)",97
tetragonal,97,I422,"(7,11,6)",a_ours_in_his,a4d2e4badea1fc0f,26df90c2289ea27c,1,1,3497/1000,"(62/125,0,31/125)",97
tetragonal,97,I422,"(8,12,6)",a_ours_in_his,e3faf0283734fac7,e3faf0283734fac7,1/2;37/64;19/32;5/8;3/4;797/1000;4/5;33/40;17/20;9/10;1;65/64;33/32;17/16;9/8;37/32;19/16;5/4;83/64;21/16;11/8;7/5;3/2;38/25;7/4;2;9/4;5/2;11/4;3;13/4;3497/1000;7/2,1,3497/1000,"(0,0,1/4)",97
tetragonal,97,I422,"(8,13,7)",a_ours_in_his,d724d08efce3fe5f,d724d08efce3fe5f,1/2;37/64;19/32;5/8;23/32;3/4;797/1000;4/5;33/40;17/20;9/10;59/64;15/16;1;65/64;33/32;17/16;35/32;9/8;37/32;19/16;79/64;5/4;83/64;209/160;53/40;87/64;11/8;7/5;3/2;38/25;7/4;2;9/4;5/2;11/4;3;13/4;3497/1000;7/2,1,3497/1000,"(62/125,0,0)",97
tetragonal,97,I422,"(9,16,9)",a_ours_in_his,0c6ba5cadd15c06e,cf917b63c9edf773,2,1,5/4,"(2/5,-1/10,6/125)",97
tetragonal,97,I422,"(10,15,7)",c_his_not_ours_P2_reproduced,,e3b3aae804f2c179,,1,3497/1000,"(59/125,0,31/125)",97
tetragonal,97,I422,"(10,16,8)",c_his_not_ours_P2_reproduced,,342dd2988fa48b2c,,1,3497/1000,"(247/500,-1/500,1/4)",97
tetragonal,97,I422,"(12,18,8)",a_ours_in_his,9b7039e0c295ff94,9b7039e0c295ff94,1/2;9/16;3/4;797/1000;4/5;13/16;9/10;19/20;39/40;79/80;1;9/8;73/64;5/4;41/32,1,797/1000,"(17/100,-17/100,0)",97
tetragonal,97,I422,"(12,19,9)",c_his_not_ours_P2_reproduced,,8e1a1fd6069d5392,,1,3497/1000,"(249/500,-1/500,31/125)",97
tetragonal,97,I422,"(12,20,10)",c_his_not_ours_P2_reproduced,,cf61982b4f255cbb,,1,4/5,"(149/500,-17/100,1/5)",97
tetragonal,97,I422,"(13,20,9)",a_ours_in_his,82a5a88ccba80d26,82a5a88ccba80d26,25/16;13/8;2777/1600;7/4;2;129/64;65/32;33/16;17/8;9/4;157/64;79/32;5/2;11/4;3;13/4;111/32;3497/1000;7/2,1,3497/1000,"(0,0,26/125)",97
tetragonal,97,I422,"(13,23,12)",c_his_not_ours_P2_reproduced,,a9bf139bde38b86f,,1,23/25,"(99/250,-7/250,1/10)",97
tetragonal,97,I422,"(14,21,9)",a_ours_in_his,dcc0a70baf02d3d7,dcc0a70baf02d3d7,1/2;9/16;5/8;11/16;45/64;3/4;797/1000;4/5;13/16;7/8;9/10;29/32;19/20;39/40;79/80;1;17/16;69/64;9/8;73/64;19/16;39/32;5/4;103/80;21/16;43/32,1,797/1000,"(17/50,0,0)",97
tetragonal,97,I422,"(14,22,10)",c_his_not_ours_P2_reproduced,,fe7ee18a2838e181,,1,3497/1000,"(237/500,-13/500,1/500)",97
tetragonal,97,I422,"(14,23,11)",a_ours_in_his,7824c3404ec7c532,7824c3404ec7c532,1/2;17/32;9/16;37/64;19/32;5/8;3/4;797/1000;4/5;1;5/4;7/5;3/2;38/25;7/4;2;9/4;5/2;11/4;3;13/4;3497/1000;7/2,1,3497/1000,"(249/500,-1/500,1/4)",97
tetragonal,97,I422,"(15,25,12)",c_his_not_ours_P2_reproduced,,3d6afae13313158f,,1,7/2,"(151/500,-1/500,117/500)",97
tetragonal,97,I422,"(16,24,10)",a_ours_in_his,35953737803092f0,35953737803092f0,1/2;3/4;797/1000;4/5;1;5/4;7/5;3/2;38/25;49/32;99/64;327/200;677/400;1377/800;7/4;15/8;31/16;63/32;127/64;2;9/4;19/8;39/16;5/2;11/4;3;13/4;27/8;55/16;221/64,1,3497/1000,"(0,0,31/125)",97
tetragonal,97,I422,"(16,26,12)",a_ours_in_his,c56e8a772aacdc9a,c56e8a772aacdc9a,73/80;37/40;19/20;1;9/8;5/4;7/5;3/2;38/25;7/4;2;9/4;5/2;11/4;3;13/4;3497/1000;7/2,1,3497/1000,"(247/500,-1/500,123/500)",97
tetragonal,97,I422,"(17,28,13)",c_his_not_ours_P2_reproduced,,044d81639f6bc8ae,,1,4/5,"(151/500,-51/500,1/10)",97
tetragonal,97,I422,"(17,29,14)",c_his_not_ours_P2_reproduced,,e45322745946f41d,,1,7/2,"(28/125,-49/250,1/500)",97
tetragonal,97,I422,"(18,28,12)",a_ours_in_his,c1824c64dfbb3615,c1824c64dfbb3615,227/160;57/40;29/20;3/2;38/25;7/4;2;9/4;5/2;11/4;3;13/4;3497/1000;7/2,1,3497/1000,"(0,0,0)",97
tetragonal,97,I422,"(18,29,13)",a_ours_in_his,2626c0b5370635a6,2626c0b5370635a6,1/2;33/64;9/16,1,527/1000,"(41/100,-9/100,1/4)",97
tetragonal,97,I422,"(19,31,14)",c_his_not_ours_P2_reproduced,,0ce0da5ff1518dfc,,1,4/5,"(3/10,-12/125,51/500)",97
tetragonal,97,I422,"(20,32,14)",a_ours_in_his,04b26311800821b8,04b26311800821b8,23/32;3/4;797/1000;4/5;9/10,1,3497/1000,"(59/125,-3/125,1/500)",97
tetragonal,97,I422,"(21,34,15)",c_his_not_ours_P2_reproduced,,7f3c2e9089dc9879,,1,1/2,"(29/125,-8/125,2/25)",97
tetragonal,97,I422,"(23,37,16)",c_his_not_ours_P2_reproduced,,1a3213202404643a,,1,7/5,"(13/125,-13/250,9/50)",97
tetragonal,97,I422,"(24,36,14)",a_ours_in_his,31d09faf7fb2bf6f,31d09faf7fb2bf6f,1/2;3/4;797/1000;4/5;1;5/4;7/5;113/80,1,797/1000,"(0,0,0)",97
tetragonal,97,I422,"(24,37,15)",a_ours_in_his,2bb95af9090a5ea1,2bb95af9090a5ea1,1/2;9/16;19/32;39/64,1,797/1000,"(153/500,-49/500,13/125)",97
tetragonal,97,I422,"(26,40,16)",a_ours_in_his,6ab2e96429e81ed7,6ab2e96429e81ed7,5/8;11/16;45/64;3/4;797/1000;1597/2000;3197/4000;6397/8000;12797/16000,1,3497/1000,"(47/100,-1/500,31/125)",97
tetragonal,97,I422,"(26,41,17)",c_his_not_ours_P2_reproduced,,2235db329fd97480,,1,3497/1000,"(47/100,-13/500,1/500)",97
tetragonal,97,I422,"(28,43,17)",c_his_not_ours_P2_reproduced,,6dea9e8dd3938edf,,1,797/1000,"(34/125,-3/50,1/500)",97
tetragonal,97,I422,"(30,46,18)",a_ours_in_his,9ca699788f254f08,9ca699788f254f08,4/5;1;17/16;35/32;71/64,1,3497/1000,"(21/50,-13/250,31/125)",97
tetragonal,98,I4_122,"(8,12,6)",b_ours_not_his,e3faf0283734fac7,,1/2;3/4;797/1000;4/5;1;5/4;7/5;3/2;38/25;7/4;2;9/4;5/2;11/4;3;13/4;3497/1000;7/2,0,,,
tetragonal,98,I4_122,"(8,13,7)",c_his_not_ours_P2_reproduced,,59efe85d44daca83,,1,7/2,"(1/2,87/250,109/1000)",98
tetragonal,98,I4_122,"(8,14,8)",a_ours_in_his,11ee80fc3799d1eb,11ee80fc3799d1eb,2,1,2,"(0,0,0)",98
tetragonal,98,I4_122,"(10,15,7)",a_ours_in_his,52392121966e66eb,52392121966e66eb,157/64;79/32;5/2;11/4;3;13/4;27729/8000;3497/1000;7/2,1,38/25,"(1/2,315/1259,1257/10072)",98
tetragonal,98,I4_122,"(10,18,10)",c_his_not_ours_P2_reproduced,,1b0972bcbf773402,,1,2,"(1/2,62/125,0)",98
tetragonal,98,I4_122,"(12,18,8)",a_ours_in_his,abfdf73c2f298784;fd9a9f68ec1db422,fd9a9f68ec1db422,227/160;57/40;29/20;3/2;38/25;7/4;2;129/64;65/32;33/16;17/8;9/4;5/2;11/4;3;13/4;3497/1000;7/2,1,38/25,"(993/2518,133/1259,0)",98
tetragonal,98,I4_122,"(12,20,10)",c_his_not_ours_P2_reproduced,,b19b176b005235de,,1,3497/1000,"(1/2,62/125,0)",98
tetragonal,98,I4_122,"(13,21,10)",c_his_not_ours_P2_reproduced,,5ba48462e0a96b30,,1,7/2,"(1/2,19/125,109/1000)",98
tetragonal,98,I4_122,"(13,22,11)",c_his_not_ours_P2_reproduced,,6a57c9b31f11d79d,,1,7/5,"(13/50,13/50,21/200)",98
tetragonal,98,I4_122,"(14,21,9)",c_his_not_ours_P2_reproduced,,2a089105ae08c36d,,1,38/25,"(1/2,629/1259,1/5036)",98
tetragonal,98,I4_122,"(14,23,11)",c_his_not_ours_P2_reproduced,,9cdad5392bcaebf9,,1,38/25,"(885/2518,885/2518,1/8)",98
tetragonal,98,I4_122,"(14,24,12)",a_ours_in_his,1da02fe6c7c6eb73,1da02fe6c7c6eb73,2,1,2,"(1/2,0,0)",98
tetragonal,98,I4_122,"(15,24,11)",c_his_not_ours_P2_reproduced,,ff8725c53f6c0182,,1,7/2,"(1/2,38/125,2/125)",98
tetragonal,98,I4_122,"(15,25,12)",c_his_not_ours_P2_reproduced,,286e1fe62ca90419,,1,797/1000,"(62/125,62/125,1/8)",98
tetragonal,98,I4_122,"(16,24,10)",c_his_not_ours_P2_reproduced,,35953737803092f0,,1,797/1000,"(62/125,1/250,0)",98
tetragonal,98,I4_122,"(16,26,12)",c_his_not_ours_P2_reproduced,,1f3821b73ab087a3,,1,7/2,"(49/125,0,4/125)",98
tetragonal,98,I4_122,"(16,27,13)",a_ours_in_his,7d5559ec4f268c7c,7d5559ec4f268c7c,2,1,2,"(0,0,1/8)",98
tetragonal,98,I4_122,"(16,28,14)",a_ours_in_his,feaa57edee15810f,27e277867bb415f6,1,1,7/2,"(87/250,87/250,109/1000)",98
tetragonal,98,I4_122,"(17,26,11)",c_his_not_ours_P2_reproduced,,ce2a44fc58d1212a,,1,38/25,"(713/2518,713/2518,713/10072)",98
tetragonal,98,I4_122,"(17,27,12)",c_his_not_ours_P2_reproduced,,423d43bbdabd95bd,,1,797/1000,"(41/125,41/125,1/8)",98
tetragonal,98,I4_122,"(17,28,13)",c_his_not_ours_P2_reproduced,,69ee80afe96c3572,,1,38/25,"(993/2518,629/2518,0)",98
tetragonal,98,I4_122,"(18,28,12)",a_ours_in_his,c1824c64dfbb3615,c1824c64dfbb3615,129/64;65/32;33/16;17/8;9/4;5/2;11/4;3;13/4;3497/1000;7/2,1,38/25,"(727/2518,0,1/8)",98
tetragonal,98,I4_122,"(18,29,13)",c_his_not_ours_P2_reproduced,,c32bf812abb719cd,,1,5/4,"(1/2,2/5,3/500)",98
tetragonal,98,I4_122,"(18,30,14)",c_his_not_ours_P2_reproduced,,eebbb5f6d8cc9b9a,,1,4/5,"(1/2,13/50,1/8)",98
tetragonal,98,I4_122,"(19,30,13)",c_his_not_ours_P2_reproduced,,ae628f6d86085d69,,1,4/5,"(8/25,33/250,3/25)",98
tetragonal,98,I4_122,"(20,30,12)",c_his_not_ours_P2_reproduced,,10424bd99b31c5f2,,1,38/25,"(1/2,921/2518,921/10072)",98
tetragonal,98,I4_122,"(20,31,13)",a_ours_in_his,6fe445ec5becddde,6fe445ec5becddde,25/16;13/8;2777/1600;7/4;2;129/64;65/32;33/16;17/8;9/4;19/8;39/16;157/64;79/32;5/2;11/4;3;13/4;6747/2000;13741/4000;55211/16000;3497/1000;7/2,1,38/25,"(1/2,1/2,169/5036)",98
tetragonal,98,I4_122,"(20,32,14)",c_his_not_ours_P2_reproduced,,4aaa598b5e0e9055,,1,797/1000,"(62/125,62/125,31/250)",98
tetragonal,98,I4_122,"(20,33,15)",a_ours_in_his,adc735c0ace21b40,802c7ba284e53e8d,1,1,2,"(3/10,6/25,27/1000)",98
tetragonal,98,I4_122,"(21,32,13)",c_his_not_ours_P2_reproduced,,de59946717691dc9,,1,38/25,"(323/1259,613/2518,565/5036)",98
tetragonal,98,I4_122,"(21,33,14)",c_his_not_ours_P2_reproduced,,9d6af8d171ee45f1,,1,4/5,"(21/50,0,1/8)",98
tetragonal,98,I4_122,"(21,34,15)",c_his_not_ours_P2_reproduced,,b78a808a6df68029,,1,797/1000,"(62/125,1/250,31/250)",98
tetragonal,98,I4_122,"(22,33,13)",c_his_not_ours_P2_reproduced,,3d3095468486d3ff,,1,38/25,"(1/2,889/2518,889/10072)",98
tetragonal,98,I4_122,"(22,34,14)",a_ours_in_his,779fb53b92dfc3fe;9cab1436007f3c03,b8a69de771dad6e1,33/40;17/20;9/10;1;5/4;7/5;113/80;27729/8000;111/32;3497/1000;7/2,1,38/25,"(629/1259,629/1259,629/5036)",98
tetragonal,98,I4_122,"(22,35,15)",c_his_not_ours_P2_reproduced,,8ee4fd2809065da6,,1,7/2,"(87/250,19/125,109/1000)",98
tetragonal,98,I4_122,"(22,36,16)",c_his_not_ours_P2_reproduced,,191beb6c4511dcd5,,1,14/25,"(13/50,13/50,0)",98
tetragonal,98,I4_122,"(23,35,14)",c_his_not_ours_P2_reproduced,,4a1fffe528971ffb,,1,797/1000,"(62/125,0,1/8)",98
tetragonal,98,I4_122,"(23,36,15)",c_his_not_ours_P2_reproduced,,7ce9aee9bd302c95,,1,7/2,"(31/125,19/125,109/1000)",98
tetragonal,98,I4_122,"(23,37,16)",c_his_not_ours_P2_reproduced,,a516c6bf2f8f6d39,,1,38/25,"(385/1259,385/1259,385/5036)",98
tetragonal,98,I4_122,"(24,36,14)",a_ours_in_his,31d09faf7fb2bf6f,31d09faf7fb2bf6f,1/2;3/4;12141/16000;3047/4000;1547/2000;797/1000;4/5;9/10;37/40;1;9/8;19/16;39/32;5/4;103/80;209/160;7/5;113/80;3/2;38/25;1239/800;13/8;27/16;55/32;7/4;15/8;31/16;63/32;127/64,1,797/1000,"(0,0,1/8)",98
tetragonal,98,I4_122,"(24,37,15)",c_his_not_ours_P2_reproduced,,cd0daa2757047f72,,1,38/25,"(487/1259,487/1259,487/5036)",98
tetragonal,98,I4_122,"(24,38,16)",a_ours_in_his,a3a8447783e42486,73c67ccc167782ff,227/160;57/40;29/20;3/2;38/25;7/4;15/8;31/16;63/32;127/64,1,797/1000,"(1/2,13/50,1/8)",98
tetragonal,98,I4_122,"(25,38,15)",c_his_not_ours_P2_reproduced,,597fa30ee8d4ca72,,1,38/25,"(767/2518,246/1259,781/10072)",98
tetragonal,98,I4_122,"(25,39,16)",c_his_not_ours_P2_reproduced,,51a301e9efbcb975,,1,38/25,"(849/2518,205/1259,565/5036)",98
tetragonal,98,I4_122,"(25,41,18)",c_his_not_ours_P2_reproduced,,11c943eb060a54ea,,1,1/2,"(69/250,32/125,2/25)",98
tetragonal,98,I4_122,"(26,39,15)",a_ours_in_his,c10281b956e50c34;d648a739129d46df;f053ea3ad815eb3c,d648a739129d46df,1/2;3/4;6047/8000;15/16;19/20;1;79/64;5/4;103/80;209/160;421/320;53/40;7/5;227/160;57/40;29/20;3/2;38/25;49/32;99/64;2501/1600;631/400;327/200;677/400;1377/800;111/64;7/4;15/8;31/16;63/32;127/64;2;9/4;19/8;39/16,1,797/1000,"(21/50,0,1/8)",98
tetragonal,98,I4_122,"(26,40,16)",a_ours_in_his,0498a4ecb657609d,0498a4ecb657609d,71/64;9/8;5/4;239/160;3/2;38/25;2777/1600;7/4;121/64;61/32;31/16;127/64;2;9/4;5/2;11/4;3;13/4;3497/1000;7/2,1,38/25,"(849/2518,849/2518,0)",98
tetragonal,98,I4_122,"(26,41,17)",a_ours_in_his,dbbd406100689384,dbbd406100689384,1/2;5/8;21/32;3/4;797/1000;4/5;13/16;9/10;37/40;15/16;1;33/32;67/64,1,797/1000,"(62/125,62/125,0)",98
tetragonal,98,I4_122,"(26,42,18)",c_his_not_ours_P2_reproduced,,4c9793bad874c954,,1,2,"(3/10,6/25,3/25)",98
tetragonal,98,I4_122,"(27,41,16)",c_his_not_ours_P2_reproduced,,99732d463f5da338,,1,38/25,"(333/1259,593/2518,565/5036)",98
tetragonal,98,I4_122,"(27,42,17)",c_his_not_ours_P2_reproduced,,0bd53e09df860564,,1,7/2,"(19/50,19/125,109/1000)",98
tetragonal,98,I4_122,"(27,43,18)",c_his_not_ours_P2_reproduced,,ac91803ddae47d73,,1,2,"(8/25,6/25,3/25)",98
tetragonal,98,I4_122,"(28,42,16)",a_ours_in_his,4e7f52911cb9c8b0;5ebc1b8c073a87a9;e4200db43401702b,4e7f52911cb9c8b0,1/2;9/16;19/32;5/8;11/16;45/64;3/4;3047/4000;6141/8000;25/32;51/64;797/1000;4/5;13/16;421/320;53/40;7/5;3/2;38/25;7/4;2;9/4;19/8;39/16;157/64;79/32;5/2;11/4;3;13/4;27/8;55/16;221/64,1,38/25,"(229/2518,227/2518,57/2518)",98
tetragonal,98,I4_122,"(28,43,17)",c_his_not_ours_P2_reproduced,,63836f73e775b692,,1,38/25,"(659/2518,300/1259,565/5036)",98
tetragonal,98,I4_122,"(28,44,18)",c_his_not_ours_P2_reproduced,,e3ccc7147bd6f22a,,1,7/2,"(107/250,19/125,109/1000)",98
tetragonal,98,I4_122,"(28,45,19)",c_his_not_ours_P2_reproduced,,a3237f0f00c5d2aa,,1,527/1000,"(9/25,7/25,1/10)",98
tetragonal,98,I4_122,"(29,44,17)",c_his_not_ours_P2_reproduced,,3c451553b3bf88d8,,1,797/1000,"(61/125,2/125,0)",98
tetragonal,98,I4_122,"(29,45,18)",c_his_not_ours_P2_reproduced,,ea4c3899cf6c4d2c,,1,38/25,"(1215/2518,1171/2518,317/5036)",98
tetragonal,98,I4_122,"(29,46,19)",c_his_not_ours_P2_reproduced,,62c6d8947734ef71,,1,2,"(23/50,2/5,1/20)",98
tetragonal,98,I4_122,"(29,47,20)",c_his_not_ours_P2_reproduced,,b742194b857fa484,,1,4/5,"(91/250,3/10,1/10)",98
tetragonal,98,I4_122,"(30,45,17)",a_ours_in_his,8c69db9e84095469;be16ed915b8f257e;f4b8ca8a468d040d,be16ed915b8f257e,1/2;43/64;11/16;3/4;797/1000;4/5;33/40;17/20;9/10;19/20;39/40;79/80;1;17/16;9/8;73/64;5/4;403/320;21/16;43/32;7/5;3/2;157/64;79/32;5/2;21/8;169/64,1,38/25,"(1129/2518,564/1259,565/5036)",98
tetragonal,98,I4_122,"(30,46,18)",c_his_not_ours_P2_reproduced,,e7a0b41c1582ff70,,1,3497/1000,"(121/250,103/250,121/1000)",98
tetragonal,98,I4_122,"(30,47,19)",c_his_not_ours_P2_reproduced,,5eec09cbb0769b16,,1,7/2,"(109/250,87/250,109/1000)",98
tetragonal,98,I4_122,"(30,48,20)",c_his_not_ours_P2_reproduced,,04e719bcedaf42c5,,1,2,"(2/5,17/50,39/1000)",98
tetragonal,98,I4_122,"(31,47,18)",c_his_not_ours_P2_reproduced,,2d6a4dfc06017cbc,,1,38/25,"(471/1259,319/1259,565/5036)",98
tetragonal,98,I4_122,"(31,48,19)",c_his_not_ours_P2_reproduced,,515f528199bf8bcc,,1,38/25,"(1171/2518,449/2518,625/5036)",98
tetragonal,98,I4_122,"(31,50,21)",c_his_not_ours_P2_reproduced,,f99a3f1be30e2889,,1,5/4,"(59/125,93/250,8/125)",98
tetragonal,98,I4_122,"(32,48,18)",a_ours_in_his,1e910e0da7668cc3;7575121042ade3b3;b530335e09b88d43;d61dc4c2a6bcba4c;e5760549017956be,014a0747d02498e7,1/2;9/16;39/64;5/8;23/32;3/4;12329/16000;1547/2000;797/1000;4/5;13/16;53/64;27/32;7/8;9/10;19/20;39/40;79/80;1;17/16;35/32;71/64;9/8;73/64;37/32;19/16;5/4;41/32;7/5;227/160;57/40;29/20;59/40;119/80;3/2;38/25;327/200;677/400;1377/800;7/4;117/64;59/32;15/8;31/16;63/32,1,38/25,"(1129/2518,129/2518,565/5036)",98
tetragonal,98,I4_122,"(32,49,19)",c_his_not_ours_P2_reproduced,,8a217723d90c38ec,,1,38/25,"(476/1259,398/1259,1/8)",98
tetragonal,98,I4_122,"(32,50,20)",c_his_not_ours_P2_reproduced,,e91dcb5e92be8b5f,,1,7/2,"(109/250,19/125,109/1000)",98
tetragonal,98,I4_122,"(33,50,19)",c_his_not_ours_P2_reproduced,,96f197ac0331c5b7,,1,38/25,"(496/1259,374/1259,565/5036)",98
tetragonal,98,I4_122,"(33,51,20)",c_his_not_ours_P2_reproduced,,d835a9527b0a164f,,1,38/25,"(611/1259,1171/2518,247/5036)",98
tetragonal,98,I4_122,"(34,51,19)",a_ours_in_his,6912c8e94df60725;7923a7fad737ae23;823d10214adbceef,a2959ff183a30838,49/64;25/32;13/16;65/64;33/32;17/16;9/8;73/64;37/32;19/16;5/4;203/160;103/80;53/40;87/64;11/8;7/5;113/80;3/2;38/25;631/400;257/160;2593/1600;7/4;29/16;3;13/4;3497/1000;7/2,1,38/25,"(1129/2518,559/1259,565/5036)",98
tetragonal,98,I4_122,"(34,52,20)",c_his_not_ours_P2_reproduced,,52f8e6e9d35f95bf,,1,703/500,"(107/250,97/250,1/20)",98
tetragonal,98,I4_122,"(34,53,21)",c_his_not_ours_P2_reproduced,,620c9e046765efdc,,1,7/2,"(54/125,47/125,119/1000)",98
tetragonal,98,I4_122,"(34,54,22)",c_his_not_ours_P2_reproduced,,c23afed0e2be0f58,,1,797/1000,"(9/25,7/25,1/10)",98
tetragonal,98,I4_122,"(35,53,20)",c_his_not_ours_P2_reproduced,,608b068d22b5f49d,,1,38/25,"(1129/2518,397/1259,565/5036)",98
tetragonal,98,I4_122,"(35,54,21)",c_his_not_ours_P2_reproduced,,3f611ccfa0aee1a9,,1,38/25,"(1235/2518,1059/2518,217/2518)",98
tetragonal,98,I4_122,"(36,54,20)",a_ours_in_his,06c5da3bdc942c6f;5ca658605515696d;60c6a7023f6e4280;7abaf90ae92699d9;d9b73e02d62b6d79,35598d823f8dbaac,13/16;7/8;79/80;1;33/32;9/8;37/32;19/16;5/4;53/40;7/5;113/80;231/160;29/20;95/64;3/2;38/25;7/4;2;9/4;5/2;85/32;43/16;11/4;45/16;91/32;183/64;3;13/4;3497/1000;7/2,1,38/25,"(1129/2518,517/2518,565/5036)",98
tetragonal,98,I4_122,"(36,55,21)",c_his_not_ours_P2_reproduced,,6983d731cb2a7d98,,1,797/1000,"(1/2,62/125,1/500)",98
tetragonal,98,I4_122,"(36,56,22)",c_his_not_ours_P2_reproduced,,29af2348de1f8b41,,1,4/5,"(9/25,37/125,1/10)",98
tetragonal,98,I4_122,"(37,56,21)",c_his_not_ours_P2_reproduced,,6d7589a667330117,,1,38/25,"(1093/2518,321/1259,565/5036)",98
tetragonal,98,I4_122,"(37,57,22)",c_his_not_ours_P2_reproduced,,f9003106afcdc4f7,,1,38/25,"(508/1259,405/1259,317/5036)",98
tetragonal,98,I4_122,"(38,57,21)",a_ours_in_his,14ee43e7e7821ec9;835d94261e1b65c1;b755f1dd6635f8a8;c8f0574fc8252b45;eca7be02cb8e2296;f91f4b104fcf5351,47200cf05231b028,39/64;5/8;21/32;43/64;67/80;17/20;9/10;19/20;69/64;35/32;9/4;23/8;3;49/16;25/8,1,38/25,"(1129/2518,446/1259,565/5036)",98
tetragonal,98,I4_122,"(38,58,22)",c_his_not_ours_P2_reproduced,,0404c5054d0cf61d,,1,3497/1000,"(8/25,6/25,31/250)",98
tetragonal,98,I4_122,"(38,59,23)",c_his_not_ours_P2_reproduced,,fd6cbd9fc151c47d,,1,5/4,"(123/250,49/125,8/125)",98
tetragonal,98,I4_122,"(39,59,22)",c_his_not_ours_P2_reproduced,,c5d33b9f50645992,,1,38/25,"(1129/2518,739/2518,565/5036)",98
tetragonal,98,I4_122,"(39,60,23)",c_his_not_ours_P2_reproduced,,cc4f02f0e89ef00d,,1,38/25,"(1237/2518,1171/2518,67/5036)",98
tetragonal,98,I4_122,"(40,60,22)",a_ours_in_his,35f1b5368eef3104;3ebbca7ed2eda199;eb2a39308c77a5f2,1d68503f7c026843,1/2;33/64;77/80;39/40;67/64;17/16,1,38/25,"(1129/2518,553/1259,565/5036)",98
tetragonal,98,I4_122,"(40,61,23)",c_his_not_ours_P2_reproduced,,33aa9b759d545f78,,1,821/1000,"(1/2,63/250,123/1000)",98
tetragonal,98,I4_122,"(40,62,24)",c_his_not_ours_P2_reproduced,,8373de87bfd059cb,,1,5/4,"(12/25,19/50,8/125)",98
tetragonal,98,I4_122,"(41,62,23)",c_his_not_ours_P2_reproduced,,aec6077c9de8fbc2,,1,38/25,"(1129/2518,357/1259,565/5036)",98
tetragonal,98,I4_122,"(41,63,24)",c_his_not_ours_P2_reproduced,,ef999c05e942c2c9,,1,38/25,"(1215/2518,427/1259,317/5036)",98
tetragonal,98,I4_122,"(42,63,23)",a_ours_in_his,213c7a114d5a97a8;4f6d3e68cbd9e729;5dc2479b9bc14edc,2f2e04c27de95ac3,17/32;9/16;19/32;11/16;45/64;23/32;3/4;797/1000;4/5;33/40,1,38/25,"(1129/2518,859/2518,565/5036)",98
tetragonal,98,I4_122,"(42,64,24)",c_his_not_ours_P2_reproduced,,e59fde0a7c263c17,,1,119/100,"(17/50,67/250,1/10)",98
tetragonal,98,I4_122,"(43,65,24)",c_his_not_ours_P2_reproduced,,385b38b1ebe4cecb,,1,38/25,"(1129/2518,721/2518,565/5036)",98
tetragonal,98,I4_122,"(43,66,25)",c_his_not_ours_P2_reproduced,,61e289fd8c1335fb,,1,4/5,"(113/250,13/50,3/25)",98
tetragonal,98,I4_122,"(44,66,24)",a_ours_in_his,9ae45735b2d716dd;ab93cbeb7be9da28,9ae45735b2d716dd,51/64;17/16;35/32;71/64;79/64;5/4;103/80;209/160;421/320;427/320;43/32;109/80;7/5;45/32;57/40;23/16;47/32;5/2;11/4,1,38/25,"(781/2518,333/1259,565/5036)",98
tetragonal,98,I4_122,"(44,67,25)",c_his_not_ours_P2_reproduced,,0db13fab856bfb43,,1,106/125,"(1/2,33/125,14/125)",98
tetragonal,98,I4_122,"(44,68,26)",c_his_not_ours_P2_reproduced,,6a42393b5fe76eed,,1,38/25,"(595/1259,753/2518,467/5036)",98
tetragonal,98,I4_122,"(45,68,25)",c_his_not_ours_P2_reproduced,,e5beb3b66b79d4a1,,1,38/25,"(1121/2518,645/2518,565/5036)",98
tetragonal,98,I4_122,"(45,69,26)",c_his_not_ours_P2_reproduced,,008ae4dedd4a3116,,1,4/5,"(73/250,13/50,9/100)",98
tetragonal,98,I4_122,"(46,69,25)",c_his_not_ours_P2_reproduced,,0e5d348cda12e018,,1,38/25,"(491/1259,827/2518,565/5036)",98
tetragonal,98,I4_122,"(46,70,26)",c_his_not_ours_P2_reproduced,,427a4a7f53ed92e3,,1,89/100,"(3/10,63/250,3/25)",98
tetragonal,98,I4_122,"(46,71,27)",c_his_not_ours_P2_reproduced,,34aaa84168fbc9aa,,1,38/25,"(1247/2518,443/1259,625/10072)",98
tetragonal,98,I4_122,"(47,71,26)",c_his_not_ours_P2_reproduced,,07140d9e2cc9e0d4,,1,797/1000,"(2/5,7/25,1/10)",98
tetragonal,98,I4_122,"(47,72,27)",c_his_not_ours_P2_reproduced,,4327fd0daea83c48,,1,4/5,"(69/250,32/125,1/20)",98
tetragonal,98,I4_122,"(48,72,26)",a_ours_in_his,698bcaf0b95bcece,ed20e22f5aafd0be,37/64;19/32;5/8;3/4;25/32;33/40;17/20;9/10;1;65/64;33/32;67/64;17/16;9/8;37/32;19/16;39/32;5/4;83/64;21/16;53/40;11/8;89/64,1,38/25,"(645/2518,315/1259,1257/10072)",98
tetragonal,98,I4_122,"(48,73,27)",c_his_not_ours_P2_reproduced,,dbb1486dbc598d55,,1,7/5,"(57/125,32/125,3/25)",98
tetragonal,98,I4_122,"(49,74,27)",c_his_not_ours_P2_reproduced,,1cdb645f31cfddb1,,1,797/1000,"(36/125,63/250,59/500)",98
tetragonal,98,I4_122,"(49,75,28)",c_his_not_ours_P2_reproduced,,4327475510df1431,,1,4/5,"(39/125,32/125,1/10)",98
tetragonal,98,I4_122,"(50,75,27)",c_his_not_ours_P2_reproduced,,e86aacc369cb5a44,,1,797/1000,"(1/2,83/250,83/1000)",98
tetragonal,98,I4_122,"(50,76,28)",c_his_not_ours_P2_reproduced,,11de4c4841702888,,1,439/500,"(3/10,63/250,3/25)",98
tetragonal,98,I4_122,"(50,77,29)",c_his_not_ours_P2_reproduced,,413325286d9b85b0,,1,38/25,"(629/1259,897/2518,625/10072)",98
tetragonal,98,I4_122,"(51,77,28)",c_his_not_ours_P2_reproduced,,562f9f7e2bc4ddc0,,1,38/25,"(596/1259,807/2518,803/10072)",98
tetragonal,98,I4_122,"(52,78,28)",c_his_not_ours_P2_reproduced,,dfc8d37b713f4291,,1,797/1000,"(101/250,69/250,101/1000)",98
tetragonal,98,I4_122,"(52,79,29)",c_his_not_ours_P2_reproduced,,fae6cba9e7c6b0ab,,1,419/250,"(121/250,91/250,1/20)",98
tetragonal,98,I4_122,"(53,80,29)",c_his_not_ours_P2_reproduced,,1ec10ef4d80053be,,1,403/500,"(73/250,63/250,59/500)",98
tetragonal,98,I4_122,"(53,81,30)",c_his_not_ours_P2_reproduced,,221ce2b66eaac3f8,,1,41/25,"(62/125,17/50,3/50)",98
tetragonal,98,I4_122,"(54,81,29)",c_his_not_ours_P2_reproduced,,09cbb4fbb10a8c49,,1,797/1000,"(51/125,69/250,51/500)",98
tetragonal,98,I4_122,"(54,82,30)",c_his_not_ours_P2_reproduced,,d0ea5720c52f9aff,,1,433/500,"(3/10,63/250,3/25)",98
tetragonal,98,I4_122,"(55,83,30)",c_his_not_ours_P2_reproduced,,8b2010b7e73a4ee9,,1,403/500,"(73/250,63/250,119/1000)",98
tetragonal,98,I4_122,"(55,84,31)",c_his_not_ours_P2_reproduced,,3c10f6396e299898,,1,44/25,"(123/250,19/50,1/25)",98
tetragonal,98,I4_122,"(56,84,30)",c_his_not_ours_P2_reproduced,,3944098c7939b1ec,,1,797/1000,"(71/250,32/125,71/1000)",98
tetragonal,98,I4_122,"(57,86,31)",c_his_not_ours_P2_reproduced,,c481c59a44d8bfa6,,1,493/500,"(87/250,63/250,3/25)",98
tetragonal,98,I4_122,"(58,87,31)",c_his_not_ours_P2_reproduced,,fbe397704b966e4b,,1,797/1000,"(39/125,33/125,39/500)",98
tetragonal,98,I4_122,"(59,89,32)",c_his_not_ours_P2_reproduced,,b207f0eb6c659243,,1,803/1000,"(73/250,63/250,119/1000)",98
tetragonal,98,I4_122,"(60,90,32)",c_his_not_ours_P2_reproduced,,5ab01d554406504b,,1,409/500,"(37/125,63/250,119/1000)",98
tetragonal,98,I4_122,"(62,93,33)",c_his_not_ours_P2_reproduced,,29037fe91ad21060,,1,403/500,"(39/125,63/250,117/1000)",98
tetragonal,98,I4_122,"(63,95,34)",c_his_not_ours_P2_reproduced,,91b5f68527263996,,1,38/25,"(625/1259,727/2518,231/2518)",98
tetragonal,98,I4_122,"(66,99,35)",c_his_not_ours_P2_reproduced,,87214eeafd1ec2a8,,1,727/500,"(62/125,41/125,79/1000)",98
tetragonal,99,P4mm,"(6,9,5)",a_ours_in_his,a1053191a6317676,a1053191a6317676,1/2;3/4;797/1000;4/5;1;5/4;7/5;3/2;38/25;7/4;2;9/4;5/2;11/4;3;13/4;3497/1000;7/2,1,1/2,"(2825/5652,-1/5652,0)",99
tetragonal,99,P4mm,"(8,12,6)",a_ours_in_his,e3faf0283734fac7,e3faf0283734fac7,1/2;3/4;797/1000;4/5;1;5/4;7/5;3/2;38/25;7/4;2;9/4;5/2;11/4;3;13/4;3497/1000;7/2,1,1/2,"(0,0,0)",99
tetragonal,100,P4bm,"(6,9,5)",c_his_not_ours_P2_reproduced,,a1053191a6317676,,1,1/2,"(353/1413,-353/1413,0)",100
tetragonal,100,P4bm,"(8,12,6)",a_ours_in_his,e3faf0283734fac7,e3faf0283734fac7,1/2;3/4;797/1000;4/5;1;5/4;7/5;3/2;38/25;7/4;2;9/4;5/2;11/4;3;13/4;3497/1000;7/2,1,1/2,"(0,0,0)",100
tetragonal,100,P4bm,"(10,15,7)",a_ours_in_his,52392121966e66eb,52392121966e66eb,1/2;3/4;797/1000;4/5;1;5/4;7/5;3/2;38/25;7/4;2;9/4;5/2;11/4;3;13/4;3497/1000;7/2,1,1/2,"(2825/5652,-1/5652,0)",100
tetragonal,101,P4_2cm,"(6,9,5)",c_his_not_ours_P2_reproduced,,a1053191a6317676,,1,1/2,"(706/1413,0,0)",101
tetragonal,101,P4_2cm,"(8,12,6)",a_ours_in_his,e3faf0283734fac7,e3faf0283734fac7,1/2;3/4;797/1000;4/5;1;5/4;7/5;3/2;38/25;7/4;2;9/4;5/2;11/4;3;13/4;3497/1000;7/2,1,1/2,"(0,0,0)",101
tetragonal,101,P4_2cm,"(12,18,8)",a_ours_in_his,fd9a9f68ec1db422,fd9a9f68ec1db422,41/64;21/32;11/16;3/4;797/1000;4/5;69/80;7/8;9/10;1;5/4;7/5;3/2;38/25;7/4;2;9/4;5/2;11/4;3;13/4;3497/1000;7/2,1,1/2,"(2825/5652,-1/5652,0)",101
tetragonal,101,P4_2cm,"(14,24,12)",b_ours_not_his,1da02fe6c7c6eb73,,1,0,,,
tetragonal,101,P4_2cm,"(16,24,10)",a_ours_in_his,35953737803092f0,35953737803092f0,1/2;5/8;3/4;797/1000;4/5;17/20,1,1/2,"(206/471,-59/942,0)",101
tetragonal,101,P4_2cm,"(18,28,12)",a_ours_in_his,c1824c64dfbb3615,c1824c64dfbb3615,3/4;797/1000;4/5;7/8;9/10;19/20;1;65/64;33/32;17/16;9/8;5/4;7/5;3/2;38/25;7/4;2;9/4;5/2;11/4;3;13/4;3497/1000;7/2,1,1/2,"(21/628,-21/628,0)",101
tetragonal,101,P4_2cm,"(24,36,14)",a_ours_in_his,31d09faf7fb2bf6f,31d09faf7fb2bf6f,1/2;5/8;11/16;23/32;47/64;3/4;797/1000;4/5;17/20;69/80;9/10;37/40;15/16;19/20;39/40;79/80,1,1/2,"(1/4,-1/4,0)",101
tetragonal,102,P4_2nm,"(8,12,6)",a_ours_in_his,e3faf0283734fac7,e3faf0283734fac7,1/2;3/4;797/1000;4/5;1;5/4;7/5;3/2;38/25;7/4;2;9/4;5/2;11/4;3;13/4;3497/1000;7/2,1,1/2,"(1/2,0,0)",102
tetragonal,102,P4_2nm,"(8,13,7)",c_his_not_ours_P2_reproduced,,d724d08efce3fe5f,,1,1/2,"(706/1413,0,0)",102
tetragonal,102,P4_2nm,"(12,18,8)",a_ours_in_his,fd9a9f68ec1db422,fd9a9f68ec1db422,43/64;11/16;3/4;797/1000;4/5;1;17/16;9/8;5/4;7/5;3/2;38/25;7/4;2;9/4;5/2;11/4;3;13/4;3497/1000;7/2,1,1/2,"(2825/5652,-1/5652,0)",102
tetragonal,102,P4_2nm,"(14,21,9)",a_ours_in_his,dcc0a70baf02d3d7,dcc0a70baf02d3d7,1/2;3/4;797/1000;4/5;9/10;73/80,1,1/2,"(206/471,0,0)",102
tetragonal,102,P4_2nm,"(14,24,12)",b_ours_not_his,1da02fe6c7c6eb73,,1,0,,,
tetragonal,102,P4_2nm,"(16,24,10)",a_ours_in_his,35953737803092f0,35953737803092f0,1/2;5/8;21/32;37/40;19/20;1;33/32;67/64,1,1/2,"(206/471,-59/942,0)",102
tetragonal,102,P4_2nm,"(18,28,12)",a_ours_in_his,c1824c64dfbb3615,c1824c64dfbb3615,65/64;33/32;17/16;9/8;77/64;39/32;5/4;7/5;227/160;91/64;57/40;23/16;29/20;3/2;38/25;7/4;2;9/4;5/2;11/4;3;13/4;3497/1000;7/2,1,7/2,"(0,0,0)",102
tetragonal,102,P4_2nm,"(19,30,13)",b_ours_not_his,b25a63276e96e094,,1,0,,,
tetragonal,102,P4_2nm,"(21,32,13)",a_ours_in_his,c6005fa4af1a744c,c6005fa4af1a744c,1/2;3/4;797/1000;4/5;13/16;9/10;19/20;39/40;79/80;1;9/8;73/64,1,1/2,"(103/471,-103/471,0)",102
tetragonal,102,P4_2nm,"(24,36,14)",a_ours_in_his,31d09faf7fb2bf6f,31d09faf7fb2bf6f,1/2;3/4;797/1000;4/5;33/40;17/20;9/10;19/20;39/40;79/80;1;65/64;33/32;67/64;17/16;35/32;71/64;37/32;19/16;5/4;11/8;7/5;45/32;113/80,1,1/2,"(0,0,0)",102
tetragonal,103,P4cc,"(6,9,5)",c_his_not_ours_P2_reproduced,,a1053191a6317676,,1,1/2,"(706/1413,0,0)",103
tetragonal,103,P4cc,"(8,12,6)",a_ours_in_his,e3faf0283734fac7,e3faf0283734fac7,1/2;3/4;797/1000;4/5;1;5/4;7/5;3/2;38/25;7/4;2;9/4;5/2;11/4;3;13/4;3497/1000;7/2,1,1/2,"(0,0,0)",103
tetragonal,103,P4cc,"(14,23,11)",a_ours_in_his,7824c3404ec7c532,7824c3404ec7c532,1/2;35/64;9/16;5/8;3/4;797/1000;4/5;1;5/4;7/5;3/2;38/25;7/4;2;9/4;5/2;11/4;3;13/4;3497/1000;7/2,1,1/2,"(2825/5652,-1/5652,0)",103
tetragonal,103,P4cc,"(18,29,13)",a_ours_in_his,2626c0b5370635a6,2626c0b5370635a6,1/2;17/32,1,1/2,"(2395/5652,-431/5652,0)",103
tetragonal,104,P4nc,"(8,12,6)",a_ours_in_his,e3faf0283734fac7,e3faf0283734fac7,1/2;3/4;797/1000;4/5;1;5/4;7/5;3/2;38/25;7/4;2;9/4;5/2;11/4;3;13/4;3497/1000;7/2,1,1/2,"(1/4,-1/4,0)",104
tetragonal,104,P4nc,"(8,13,7)",c_his_not_ours_P2_reproduced,,d724d08efce3fe5f,,1,1/2,"(706/1413,0,0)",104
tetragonal,104,P4nc,"(10,15,7)",c_his_not_ours_P2_reproduced,,52392121966e66eb,,1,1/2,"(2825/5652,-1/5652,0)",104
tetragonal,104,P4nc,"(12,18,8)",c_his_not_ours_P2_reproduced,,9b7039e0c295ff94,,1,1/2,"(103/471,-103/471,0)",104
tetragonal,104,P4nc,"(14,21,9)",c_his_not_ours_P2_reproduced,,dcc0a70baf02d3d7,,1,1/2,"(206/471,0,0)",104
tetragonal,104,P4nc,"(18,28,12)",a_ours_in_his,c1824c64dfbb3615,c1824c64dfbb3615,227/160;91/64;57/40;23/16;29/20;3/2;38/25;7/4;2;9/4;5/2;11/4;3;13/4;3497/1000;7/2,1,7/2,"(0,0,0)",104
tetragonal,104,P4nc,"(18,29,13)",a_ours_in_his,206c7c14af9927b2,206c7c14af9927b2,1/2;3/4;797/1000;4/5;37/40;19/20;1;5/4;7/5;3/2;38/25;7/4;2;9/4;5/2;11/4;3;13/4;3497/1000;7/2,1,1/2,"(941/1884,-1/5652,0)",104
tetragonal,104,P4nc,"(21,32,13)",c_his_not_ours_P2_reproduced,,845f058b04ddb75c,,1,1/2,"(2471/5652,-1/5652,0)",104
tetragonal,104,P4nc,"(24,36,14)",a_ours_in_his,31d09faf7fb2bf6f,31d09faf7fb2bf6f,1/2;3/4;797/1000;4/5;1;5/4;11/8;7/5;45/32;113/80,1,1/2,"(0,0,0)",104
tetragonal,104,P4nc,"(25,38,15)",a_ours_in_his,7b0441c8ac019b55,7b0441c8ac019b55,1/2;3/4;797/1000;4/5;9/10;73/80,1,1/2,"(823/1884,-1/1884,0)",104
tetragonal,105,P4_2mc,"(8,12,6)",a_ours_in_his,e3faf0283734fac7,e3faf0283734fac7,1/2;3/4;797/1000;4/5;1;35/32;9/8;5/4;7/5;3/2;38/25;7/4;2;9/4;5/2;11/4;3;13/4;3497/1000;7/2,1,1/2,"(0,0,0)",105
tetragonal,105,P4_2mc,"(10,16,8)",b_ours_not_his,61a294835c4c4a23,,1,0,,,
tetragonal,105,P4_2mc,"(12,18,8)",a_ours_in_his,9b7039e0c295ff94;fd9a9f68ec1db422,9b7039e0c295ff94,1/2;37/64;19/32;5/8;23/32;3/4;797/1000;4/5;33/40;17/20;9/10;1;65/64;33/32;17/16;69/64;9/8;37/32;19/16;79/64;5/4;83/64;209/160;53/40;7/5;3/2;38/25;7/4;2;9/4;5/2;11/4;3;13/4;3497/1000;7/2,1,1/2,"(2825/5652,-1/5652,0)",105
tetragonal,105,P4_2mc,"(16,24,10)",a_ours_in_his,35953737803092f0,35953737803092f0,1/2;9/16;5/8;11/16;45/64;3/4;797/1000;4/5;13/16;9/10;19/20;39/40;79/80;1;9/8;73/64;19/16;39/32;5/4;103/80,1,1/2,"(706/1413,0,0)",105
tetragonal,105,P4_2mc,"(18,28,12)",a_ours_in_his,c1824c64dfbb3615,c1824c64dfbb3615,227/160;91/64;57/40;23/16;29/20;3/2;38/25;7/4;2;9/4;5/2;11/4;3;13/4;3497/1000;7/2,1,7/2,"(1/2,0,0)",105
tetragonal,105,P4_2mc,"(24,36,14)",a_ours_in_his,31d09faf7fb2bf6f,31d09faf7fb2bf6f,1/2;3/4;797/1000;4/5;1;5/4;11/8;7/5;45/32;113/80,1,1/2,"(1/2,0,0)",105
tetragonal,106,P4_2bc,"(8,12,6)",a_ours_in_his,e3faf0283734fac7,e3faf0283734fac7,1/2;3/4;797/1000;4/5;1;5/4;7/5;3/2;38/25;7/4;2;9/4;5/2;11/4;3;13/4;3497/1000;7/2,1,1/2,"(0,0,0)",106
tetragonal,106,P4_2bc,"(10,15,7)",c_his_not_ours_P2_reproduced,,52392121966e66eb,,1,1/2,"(2825/5652,-1/5652,0)",106
tetragonal,106,P4_2bc,"(14,23,11)",c_his_not_ours_P2_reproduced,,7824c3404ec7c532,,1,1/2,"(353/1413,-353/1413,0)",106
tetragonal,106,P4_2bc,"(18,28,12)",c_his_not_ours_P2_reproduced,,c1824c64dfbb3615,,1,1/2,"(706/1413,0,0)",106
tetragonal,106,P4_2bc,"(18,29,13)",c_his_not_ours_P2_reproduced,,2626c0b5370635a6,,1,1/2,"(193/942,-193/942,0)",106
tetragonal,106,P4_2bc,"(24,36,14)",a_ours_in_his,6a8a2df1eaf9f29d,31d09faf7fb2bf6f,1/2;19/32;5/8;3/4;797/1000;4/5;1;5/4;7/5;3/2;38/25;7/4;2;9/4;5/2;11/4;3;13/4;3497/1000;7/2,1,1/2,"(67/157,0,0)",106
tetragonal,106,P4_2bc,"(28,42,16)",a_ours_in_his,8d5cf695b24cb063,8d5cf695b24cb063,1/2;9/16;37/64,1,1/2,"(596/1413,-13/2826,0)",106
tetragonal,107,I4mm,"(6,9,5)",a_ours_in_his,a1053191a6317676,a1053191a6317676,1/2;3/4;797/1000;4/5;37/40;19/20;1;5/4;7/5;3/2;38/25;7/4;2;9/4;5/2;11/4;3;13/4;3497/1000;7/2,1,1/2,"(2825/5652,-1/5652,0)",107
tetragonal,107,I4mm,"(6,11,7)",b_ours_not_his,d2d935e5499e6e11,,1,0,,,
tetragonal,107,I4mm,"(7,11,6)",b_ours_not_his,a4d2e4badea1fc0f,,1,0,,,
tetragonal,107,I4mm,"(8,12,6)",a_ours_in_his,e3faf0283734fac7,e3faf0283734fac7,1/2;3/4;797/1000;4/5;33/40;17/20;9/10;1;65/64;33/32;17/16;9/8;37/32;19/16;5/4;7/5;3/2;38/25;7/4;2;9/4;5/2;11/4;3;13/4;3497/1000;7/2,1,1/2,"(1/4,-1/4,0)",107
tetragonal,107,I4mm,"(8,13,7)",a_ours_in_his,d724d08efce3fe5f,d724d08efce3fe5f,37/64;19/32;5/8;23/32;3/4;797/1000;4/5;33/40;17/20;9/10;1;65/64;33/32;17/16;9/8;37/32;19/16;79/64;5/4;83/64;209/160;53/40;7/5;3/2;38/25;7/4;2;9/4;5/2;11/4;3;13/4;3497/1000;7/2,1,1/2,"(706/1413,0,0)",107
tetragonal,107,I4mm,"(10,15,7)",a_ours_in_his,ca9a19039647d676,ca9a19039647d676,1/2;3/4;797/1000;4/5;9/10;73/80,1,1/2,"(2471/5652,-1/5652,0)",107
tetragonal,107,I4mm,"(12,18,8)",a_ours_in_his,9b7039e0c295ff94,9b7039e0c295ff94,1/2;3/4;797/1000;4/5;13/16;9/10;19/20;39/40;79/80;1;9/8;73/64,1,1/2,"(103/471,-103/471,0)",107
tetragonal,107,I4mm,"(14,21,9)",a_ours_in_his,dcc0a70baf02d3d7,dcc0a70baf02d3d7,1/2;9/16;5/8;11/16;45/64;3/4;797/1000;4/5;13/16;9/10;19/20;39/40;79/80;1;9/8;73/64;19/16;39/32;5/4;103/80,1,1/2,"(206/471,0,0)",107
tetragonal,107,I4mm,"(18,28,12)",a_ours_in_his,c1824c64dfbb3615,c1824c64dfbb3615,227/160;91/64;57/40;23/16;29/20;3/2;38/25;7/4;2;9/4;5/2;11/4;3;13/4;3497/1000;7/2,1,7/2,"(0,0,0)",107
tetragonal,107,I4mm,"(24,36,14)",a_ours_in_his,31d09faf7fb2bf6f,31d09faf7fb2bf6f,1/2;3/4;797/1000;4/5;1;5/4;11/8;7/5;45/32;113/80,1,1/2,"(0,0,0)",107
tetragonal,108,I4cm,"(6,9,5)",c_his_not_ours_P2_reproduced,,a1053191a6317676,,1,1/2,"(353/1413,-353/1413,0)",108
tetragonal,108,I4cm,"(8,12,6)",a_ours_in_his,e3faf0283734fac7,e3faf0283734fac7,1/2;3/4;797/1000;4/5;1;5/4;7/5;3/2;38/25;7/4;2;9/4;5/2;11/4;3;13/4;3497/1000;7/2,1,1/2,"(0,0,0)",108
tetragonal,108,I4cm,"(10,16,8)",a_ours_in_his,342dd2988fa48b2c,342dd2988fa48b2c,1/2;33/64;17/32;9/16;5/8;3/4;797/1000;4/5;1;5/4;7/5;3/2;38/25;7/4;2;9/4;5/2;11/4;3;13/4;3497/1000;7/2,1,1/2,"(941/1884,-1/5652,0)",108
tetragonal,108,I4cm,"(14,22,10)",a_ours_in_his,7534d49b2a3cdb08,7534d49b2a3cdb08,1/2,1,1/2,"(2393/5652,-431/5652,0)",108
tetragonal,108,I4cm,"(14,23,11)",a_ours_in_his,7824c3404ec7c532,7824c3404ec7c532,17/32;9/16;37/64;19/32;5/8;3/4;797/1000;4/5;1;5/4;7/5;3/2;38/25;7/4;2;9/4;5/2;11/4;3;13/4;3497/1000;7/2,1,1/2,"(2825/5652,-1/5652,0)",108
tetragonal,108,I4cm,"(18,29,13)",a_ours_in_his,2626c0b5370635a6,2626c0b5370635a6,1/2;33/64;9/16,1,1/2,"(2395/5652,-431/5652,0)",108
tetragonal,109,I4_1md,"(8,12,6)",a_ours_in_his,e3faf0283734fac7,e3faf0283734fac7,83/64;209/160;53/40;7/5;3/2;38/25;491/320;1239/800;631/400;327/200;7/4;2;9/4;5/2;11/4;3;13/4;3497/1000;7/2,1,3497/1000,"(1/4,-1/4,0)",109
tetragonal,109,I4_1md,"(8,14,8)",a_ours_in_his,11ee80fc3799d1eb,11ee80fc3799d1eb,2,1,2,"(0,0,0)",109
tetragonal,109,I4_1md,"(12,18,8)",a_ours_in_his,abfdf73c2f298784;e73fedd244190768;fd9a9f68ec1db422,abfdf73c2f298784,15/16;19/20;1;35/32;9/8;5/4;103/80;7/5;227/160;57/40;29/20;3/2;38/25;327/200;2777/1600;7/4;117/64;59/32;15/8;2;129/64;65/32;33/16;17/8;9/4;5/2;11/4;3;13/4;3497/1000;7/2,1,3497/1000,"(0,0,0)",109
tetragonal,109,I4_1md,"(12,19,9)",b_ours_not_his,f398b0e4ecd40949,,1,0,,,
tetragonal,109,I4_1md,"(14,21,9)",a_ours_in_his,f478cd4934ed8ab6,f478cd4934ed8ab6,45/64;23/32;3/4;797/1000;4/5;67/80;17/20;7/8;9/10;19/20;39/40;79/80,1,797/1000,"(1/4,107/628,0)",109
tetragonal,109,I4_1md,"(16,24,10)",a_ours_in_his,4af32e5d248c23da;a69e19eb2dcae98b,4af32e5d248c23da,1/2;5/8;21/32;3/4;797/1000;4/5;13/16;71/80;9/10;37/40;65/64;33/32;17/16;69/64,1,797/1000,"(241/1413,241/1413,0)",109
tetragonal,109,I4_1md,"(18,27,11)",a_ours_in_his,6869d9adc5f8c737,6869d9adc5f8c737,43/64;11/16;33/40,1,797/1000,"(1/4,65/5652,0)",109
tetragonal,109,I4_1md,"(19,29,12)",a_ours_in_his,b509653535640869,b509653535640869,83/64;209/160;53/40;427/320;43/32;109/80;7/5;3/2;38/25;631/400;257/160;2593/1600;327/200;677/400;1377/800;7/4;29/16,1,323/250,"(178/1413,0,0)",109
tetragonal,109,I4_1md,"(22,34,14)",a_ours_in_his,779fb53b92dfc3fe,779fb53b92dfc3fe,33/40;17/20;69/80;7/8;9/10;37/40;19/20;79/80;1;9/8;19/16;39/32;79/64;5/4;103/80;7/5;113/80,1,409/500,"(353/1413,0,0)",109
tetragonal,109,I4_1md,"(24,38,16)",a_ours_in_his,a3a8447783e42486,a3a8447783e42486,227/160;91/64;57/40;23/16;29/20;3/2;38/25;7/4;15/8;31/16;63/32;127/64,1,283/200,"(0,0,0)",109
tetragonal,109,I4_1md,"(25,38,15)",a_ours_in_his,ae7f4681011715ee,ae7f4681011715ee,1/2;5/8;21/32;3/4;797/1000;4/5;13/16;9/10;37/40;15/16,1,797/1000,"(41/314,0,0)",109
tetragonal,109,I4_1md,"(25,39,16)",a_ours_in_his,eda7881fe2bb6928,eda7881fe2bb6928,83/64;209/160;53/40,1,1289/1000,"(151/942,0,0)",109
tetragonal,109,I4_1md,"(26,40,16)",a_ours_in_his,2af1083dea2057de,2af1083dea2057de,5/4;103/80;209/160;421/320,1,1157/1000,"(5/2826,0,0)",109
tetragonal,109,I4_1md,"(28,42,16)",a_ours_in_his,e4200db43401702b,e4200db43401702b,1/2;43/64;11/16;3/4;797/1000;4/5;13/16;33/40;17/20;9/10;73/80;19/20;39/40,1,797/1000,"(353/1413,0,0)",109
tetragonal,109,I4_1md,"(32,48,18)",a_ours_in_his,e5760549017956be,e5760549017956be,1/2;3/4;797/1000;4/5;1;9/8;73/64,1,797/1000,"(0,0,0)",109
tetragonal,109,I4_1md,"(36,54,20)",a_ours_in_his,60c6a7023f6e4280,60c6a7023f6e4280,37/32;19/16;5/4;11/8;7/5;45/32;113/80,1,1157/1000,"(0,0,0)",109
tetragonal,110,I4_1cd,"(8,12,6)",c_his_not_ours_P2_reproduced,,e3faf0283734fac7,,1,3497/1000,"(1/4,-1/4,0)",110
tetragonal,110,I4_1cd,"(14,24,12)",a_ours_in_his,1da02fe6c7c6eb73,1da02fe6c7c6eb73,2,1,2,"(0,0,0)",110
tetragonal,110,I4_1cd,"(18,28,12)",a_ours_in_his,c1824c64dfbb3615,c1824c64dfbb3615,129/64;65/32;33/16;17/8;9/4;5/2;11/4;3;13/4;3497/1000;7/2,1,3497/1000,"(0,0,0)",110
tetragonal,110,I4_1cd,"(18,29,13)",c_his_not_ours_P2_reproduced,,1ec753f439979bfc,,1,3497/1000,"(353/1413,353/1413,0)",110
tetragonal,110,I4_1cd,"(21,32,13)",c_his_not_ours_P2_reproduced,,c6005fa4af1a744c,,1,797/1000,"(33/157,0,0)",110
tetragonal,110,I4_1cd,"(24,36,14)",a_ours_in_his,31d09faf7fb2bf6f;e948828e76447bbb,,1/2;3/4;797/1000;4/5;1;5/4;7/5;237/160;119/80;3/2;38/25;7/4;15/8;31/16;63/32;127/64;2;9/4;5/2;11/4;3;13/4;3497/1000;7/2,1,3497/1000,"(1/4,1411/5652,0)",110
tetragonal,110,I4_1cd,"(26,39,15)",a_ours_in_his,0dfdfb923fdc461b;3eb68e3019868bb0,3eb68e3019868bb0,1/2;5/8;41/64;21/32;3047/4000;1547/2000;3141/4000;12611/16000,1,797/1000,"(33/157,65/471,0)",110
tetragonal,110,I4_1cd,"(28,42,16)",a_ours_in_his,4051049d6635c527;f7b981bc1af0046a,f7b981bc1af0046a,203/160;103/80;53/40;7/5;227/160;57/40;29/20;59/40;3/2;38/25;7/4;2;9/4;5/2;11/4;3;13/4;3497/1000;7/2,1,3497/1000,"(353/1413,235/942,0)",110
tetragonal,110,I4_1cd,"(30,45,17)",a_ours_in_his,998994bcf8df722b;9b13c651d989772a;b1355d63057fb8b6;c6485dad3118cbd5;de71f6925d09ec9a;f3322045c6a474d6,998994bcf8df722b,21/32;43/64;11/16;45/64;23/32;3/4;6047/8000;12141/16000;6329/8000;797/1000;4/5;33/40;17/20;9/10;19/20;39/40;1;5/4;7/5;113/80,1,797/1000,"(33/157,33/157,0)",110
tetragonal,110,I4_1cd,"(32,48,18)",a_ours_in_his,3da00cbdd50d4759,3da00cbdd50d4759,37/32;19/16;5/4;403/320,1,797/1000,"(671/2826,515/2826,0)",110
tetragonal,110,I4_1cd,"(34,51,19)",a_ours_in_his,1451aa79a85162c1;181818daaf2fdcb8;92bf045ba0459aac,1451aa79a85162c1,11/16;3047/4000;1547/2000;797/1000;4/5;13/16;79/80;1;9/8;73/64,1,797/1000,"(28/157,28/157,0)",110
tetragonal,110,I4_1cd,"(36,54,20)",c_his_not_ours_P2_reproduced,,38d53c2c2ba9ab97,,1,797/1000,"(1217/5652,353/1884,0)",110
tetragonal,110,I4_1cd,"(38,57,21)",c_his_not_ours_P2_reproduced,,2f6427601cd33b21,,1,797/1000,"(1111/5652,265/1884,0)",110
tetragonal,110,I4_1cd,"(40,60,22)",c_his_not_ours_P2_reproduced,,a85ccaa578a55a58,,1,527/1000,"(344/1413,583/2826,0)",110
tetragonal,111,P-42m,"(6,9,5)",a_ours_in_his,a1053191a6317676,a1053191a6317676,1/2;3/4;797/1000;4/5;1;5/4;7/5;3/2;38/25;7/4;2;9/4;5/2;11/4;3;13/4;3497/1000;7/2,1,3497/1000,"(249/500,-1/500,0)",111
tetragonal,111,P-42m,"(8,12,6)",a_ours_in_his,e3faf0283734fac7,e3faf0283734fac7,1/2;3/4;797/1000;4/5;1;5/4;7/5;3/2;38/25;7/4;2;9/4;5/2;11/4;3;13/4;3497/1000;7/2,1,3497/1000,"(0,0,0)",111
tetragonal,111,P-42m,"(10,16,8)",c_his_not_ours_P2_reproduced,,61a294835c4c4a23,,1,4/5,"(17/50,-4/25,1/4)",111
tetragonal,111,P-42m,"(12,18,8)",a_ours_in_his,fd9a9f68ec1db422,fd9a9f68ec1db422,43/64;11/16;3/4;797/1000;4/5;1;37/32;19/16;5/4;7/5;3/2;38/25;7/4;2;9/4;5/2;11/4;3;13/4;3497/1000;7/2,1,3497/1000,"(249/500,-1/500,1/4)",111
tetragonal,111,P-42m,"(14,24,12)",a_ours_in_his,1da02fe6c7c6eb73,1da02fe6c7c6eb73,1,1,4/5,"(1/10,-1/10,1/4)",111
tetragonal,111,P-42m,"(16,24,10)",a_ours_in_his,35953737803092f0,35953737803092f0,1/2;5/8;21/32;3/4;797/1000;4/5;1;9/8;73/64,1,3497/1000,"(13/50,-6/25,1/100)",111
tetragonal,111,P-42m,"(18,28,12)",a_ours_in_his,c1824c64dfbb3615,c1824c64dfbb3615,3/4;6329/8000;797/1000;4/5;69/80;7/8;9/10;37/40;19/20;1;65/64;33/32;17/16;35/32;9/8;37/32;75/64;19/16;5/4;203/160;103/80;53/40;43/32;109/80;7/5;3/2;38/25;7/4;2;9/4;5/2;11/4;3;13/4;3497/1000;7/2,1,3497/1000,"(1/4,-1/4,1/4)",111
tetragonal,111,P-42m,"(24,36,14)",a_ours_in_his,31d09faf7fb2bf6f,31d09faf7fb2bf6f,1/2;5/8;11/16;23/32;47/64;3/4;1547/2000;3141/4000;12611/16000;797/1000;4/5;17/20;69/80;9/10;73/80;37/40;15/16;19/20;39/40;79/80;1;33/32;67/64;17/16;69/64;9/8;73/64;37/32;5/4;403/320;53/40;427/320,1,3497/1000,"(1/4,-1/4,1/100)",111
tetragonal,112,P-42c,"(6,9,5)",c_his_not_ours_P2_reproduced,,a1053191a6317676,,1,3497/1000,"(62/125,0,0)",112
tetragonal,112,P-42c,"(7,11,6)",c_his_not_ours_P2_reproduced,,a4d2e4badea1fc0f,,1,4/5,"(33/100,-17/100,1/4)",112
tetragonal,112,P-42c,"(8,12,6)",a_ours_in_his,e3faf0283734fac7,e3faf0283734fac7,1/2;3/4;797/1000;4/5;1;5/4;7/5;3/2;38/25;7/4;2;9/4;5/2;11/4;3;13/4;3497/1000;7/2,1,3497/1000,"(0,0,0)",112
tetragonal,112,P-42c,"(8,13,7)",c_his_not_ours_P2_reproduced,,59efe85d44daca83,,1,7/2,"(49/125,0,4/125)",112
tetragonal,112,P-42c,"(9,16,9)",b_ours_not_his,0c6ba5cadd15c06e,,2,0,,,
tetragonal,112,P-42c,"(10,15,7)",c_his_not_ours_P2_reproduced,,52392121966e66eb,,1,3497/1000,"(62/125,0,31/125)",112
tetragonal,112,P-42c,"(10,16,8)",a_ours_in_his,61a294835c4c4a23,61a294835c4c4a23,1,1,4/5,"(4/25,0,1/4)",112
tetragonal,112,P-42c,"(12,18,8)",a_ours_in_his,fd9a9f68ec1db422,fd9a9f68ec1db422,1/2;37/64;19/32;5/8;23/32;3/4;797/1000;4/5;33/40;17/20;9/10;59/64;15/16;1;65/64;33/32;17/16;35/32;9/8;37/32;19/16;79/64;5/4;83/64;209/160;53/40;87/64;11/8;7/5;3/2;38/25;7/4;2;9/4;5/2;11/4;3;13/4;3497/1000;7/2,1,3497/1000,"(62/125,0,1/4)",112
tetragonal,112,P-42c,"(13,20,9)",a_ours_in_his,82a5a88ccba80d26,82a5a88ccba80d26,25/16;13/8;2777/1600;7/4;2;129/64;65/32;33/16;17/8;9/4;157/64;79/32;5/2;11/4;3;13/4;111/32;3497/1000;7/2,1,3497/1000,"(1/2,0,31/125)",112
tetragonal,112,P-42c,"(14,23,11)",c_his_not_ours_P2_reproduced,,7824c3404ec7c532,,1,3497/1000,"(249/500,-1/500,0)",112
tetragonal,112,P-42c,"(14,24,12)",c_his_not_ours_P2_reproduced,,1da02fe6c7c6eb73,,1,4/5,"(1/50,-1/50,3/20)",112
tetragonal,112,P-42c,"(16,24,10)",a_ours_in_his,35953737803092f0,35953737803092f0,1/2;9/16;5/8;11/16;45/64;3/4;797/1000;4/5;13/16;7/8;9/10;29/32;19/20;39/40;79/80;1;17/16;69/64;9/8;73/64;19/16;39/32;5/4;103/80;21/16;43/32;7/5;3/2;38/25;49/32;99/64;327/200;677/400;1377/800;7/4;15/8;31/16;63/32;127/64;2;9/4;19/8;39/16;5/2;11/4;3;13/4;27/8;55/16;221/64,1,3497/1000,"(1/2,0,1/25)",112
tetragonal,112,P-42c,"(18,28,12)",a_ours_in_his,c1824c64dfbb3615,c1824c64dfbb3615,227/160;57/40;29/20;3/2;38/25;7/4;2;9/4;5/2;11/4;3;13/4;3497/1000;7/2,1,3497/1000,"(1/2,0,1/4)",112
tetragonal,112,P-42c,"(18,29,13)",c_his_not_ours_P2_reproduced,,2626c0b5370635a6,,1,527/1000,"(41/100,-9/100,0)",112
tetragonal,112,P-42c,"(19,30,13)",c_his_not_ours_P2_reproduced,,b6892ba92de5db43,,1,7/2,"(223/500,-27/500,4/125)",112
tetragonal,112,P-42c,"(21,33,14)",c_his_not_ours_P2_reproduced,,77262f6dc77d644d,,1,29/25,"(12/125,-9/250,3/20)",112
tetragonal,112,P-42c,"(23,36,15)",c_his_not_ours_P2_reproduced,,f7713f932cd13a1c,,1,7/2,"(221/500,-1/20,4/125)",112
tetragonal,112,P-42c,"(24,36,14)",a_ours_in_his,31a32605d919fa4a;31d09faf7fb2bf6f,31d09faf7fb2bf6f,1/2;23/32;3/4;797/1000;4/5;1;5/4;53/40;7/5;113/80;3/2;38/25;7/4;57/32;29/16;117/64;15/8;123/64;31/16;2;9/4;5/2;11/4;3;13/4;3497/1000;7/2,1,3497/1000,"(1/4,-1/4,31/125)",112
tetragonal,112,P-42c,"(26,39,15)",a_ours_in_his,1148b1810c34b982,1148b1810c34b982,1/2;5/8;43/64;11/16;45/64;3/4;797/1000;4/5;1;5/4;103/80;209/160;421/320,1,3497/1000,"(249/500,-1/500,1/25)",112
tetragonal,112,P-42c,"(28,42,16)",a_ours_in_his,68f4290f946a6883,68f4290f946a6883,115/64;29/16;59/32;119/64;15/8;61/32,1,3497/1000,"(1/4,-103/500,11/500)",112
tetragonal,112,P-42c,"(30,45,17)",a_ours_in_his,637fec5274f3a3e2,e190a3b41f1d5877,1/2;5/8;21/32,1,3497/1000,"(247/500,-1/500,1/25)",112
tetragonal,113,P-42_1m,"(6,9,5)",c_his_not_ours_P2_reproduced,,a1053191a6317676,,1,3497/1000,"(31/125,-31/125,0)",113
tetragonal,113,P-42_1m,"(6,11,7)",c_his_not_ours_P2_reproduced,,d2d935e5499e6e11,,1,4/5,"(4/25,0,1/4)",113
tetragonal,113,P-42_1m,"(8,12,6)",a_ours_in_his,e3faf0283734fac7,e3faf0283734fac7,1/2;3/4;797/1000;4/5;1;5/4;7/5;3/2;38/25;7/4;2;9/4;5/2;11/4;3;13/4;3497/1000;7/2,1,3497/1000,"(0,0,0)",113
tetragonal,113,P-42_1m,"(8,13,7)",c_his_not_ours_P2_reproduced,,d724d08efce3fe5f,,1,3497/1000,"(62/125,0,1/4)",113
tetragonal,113,P-42_1m,"(10,15,7)",a_ours_in_his,52392121966e66eb,52392121966e66eb,1/2;3/4;797/1000;4/5;1;5/4;7/5;3/2;38/25;7/4;2;9/4;5/2;11/4;3;13/4;3497/1000;7/2,1,3497/1000,"(249/500,-1/500,0)",113
tetragonal,113,P-42_1m,"(10,16,8)",c_his_not_ours_P2_reproduced,,61a294835c4c4a23,,1,4/5,"(4/25,-4/25,1/4)",113
tetragonal,113,P-42_1m,"(12,18,8)",a_ours_in_his,fd9a9f68ec1db422,fd9a9f68ec1db422,67/64;17/16;9/8;39/32;5/4;7/5;3/2;38/25;7/4;2;9/4;5/2;11/4;3;13/4;3497/1000;7/2,1,3497/1000,"(31/125,-31/125,1/4)",113
tetragonal,113,P-42_1m,"(12,19,9)",c_his_not_ours_P2_reproduced,,bff9a9e578e112a7,,1,4/5,"(41/125,-21/125,1/4)",113
tetragonal,113,P-42_1m,"(14,21,9)",a_ours_in_his,dcc0a70baf02d3d7,dcc0a70baf02d3d7,1/2;17/32;35/64;3/4;797/1000;4/5;1;9/8;73/64,1,3497/1000,"(62/125,0,1/50)",113
tetragonal,113,P-42_1m,"(14,24,12)",a_ours_in_his,1da02fe6c7c6eb73,1da02fe6c7c6eb73,1;3/2,1,5/4,"(1/4,-1/4,1/10)",113
tetragonal,113,P-42_1m,"(16,24,10)",a_ours_in_his,35953737803092f0,35953737803092f0,9/16;5/8;3/4;797/1000;4/5;1;33/32;37/32;19/16;77/64,1,3497/1000,"(31/125,-31/125,1/100)",113
tetragonal,113,P-42_1m,"(18,28,12)",a_ours_in_his,c1824c64dfbb3615,c1824c64dfbb3615,65/64;33/32;17/16;9/8;37/32;19/16;77/64;39/32;5/4;409/320;103/80;83/64;209/160;53/40;43/32;109/80;89/64;7/5;227/160;57/40;23/16;29/20;3/2;1201/800;601/400;301/200;151/100;38/25;2593/1600;327/200;7/4;61/32;31/16;2;9/4;5/2;41/16;21/8;11/4;3;13/4;3497/1000;7/2,1,3497/1000,"(1/4,-1/4,1/4)",113
tetragonal,113,P-42_1m,"(19,30,13)",a_ours_in_his,b25a63276e96e094,b25a63276e96e094,1,1,4/5,"(33/100,-17/100,1/4)",113
tetragonal,113,P-42_1m,"(21,32,13)",a_ours_in_his,c6005fa4af1a744c,c6005fa4af1a744c,1/2;3/4;797/1000;4/5;13/16;17/20;69/80;9/10;37/40;15/16;19/20;39/40;79/80;1;33/32;67/64;17/16;35/32;9/8;73/64;19/16;39/32;5/4;53/40;427/320;7/5;3/2;38/25;1239/800,1,3497/1000,"(249/500,-1/500,1/50)",113
tetragonal,113,P-42_1m,"(24,36,14)",a_ours_in_his,31d09faf7fb2bf6f,31d09faf7fb2bf6f,1/2;3/4;797/1000;4/5;33/40;17/20;7/8;9/10;19/20;39/40;79/80;1;65/64;33/32;67/64;17/16;35/32;71/64;9/8;73/64;37/32;75/64;19/16;77/64;79/64;5/4;203/160;103/80;53/40;427/320;43/32;109/80;11/8;221/160;7/5;45/32;113/80;91/64;29/20;59/40;119/80;239/160;3/2;38/25;2501/1600;631/400;257/160;2593/1600;7/4;15/8;121/64;2;9/4;5/2;81/32;163/64,1,3497/1000,"(1/4,-1/4,1/100)",113
tetragonal,114,P-42_1c,"(6,11,7)",c_his_not_ours_P2_reproduced,,d2d935e5499e6e11,,1,4/5,"(17/50,0,0)",114
tetragonal,114,P-42_1c,"(7,11,6)",c_his_not_ours_P2_reproduced,,a4d2e4badea1fc0f,,1,4/5,"(17/100,-17/100,0)",114
tetragonal,114,P-42_1c,"(8,12,6)",a_ours_in_his,e3faf0283734fac7,e3faf0283734fac7,1/2;3/4;797/1000;4/5;1;5/4;7/5;3/2;38/25;7/4;2;9/4;5/2;11/4;3;13/4;3497/1000;7/2,1,3497/1000,"(0,0,1/4)",114
tetragonal,114,P-42_1c,"(8,13,7)",c_his_not_ours_P2_reproduced,,d724d08efce3fe5f,,1,3497/1000,"(62/125,0,0)",114
tetragonal,114,P-42_1c,"(9,16,9)",b_ours_not_his,0c6ba5cadd15c06e,,2,0,,,
tetragonal,114,P-42_1c,"(10,15,7)",c_his_not_ours_P2_reproduced,,52392121966e66eb,,1,3497/1000,"(249/500,-1/500,0)",114
tetragonal,114,P-42_1c,"(10,16,8)",c_his_not_ours_P2_reproduced,,61a294835c4c4a23,,1,7/2,"(27/250,0,109/500)",114
tetragonal,114,P-42_1c,"(11,19,10)",c_his_not_ours_P2_reproduced,,7b1d7f753e6c14bc,,1,7/2,"(38/125,0,117/500)",114
tetragonal,114,P-42_1c,"(12,18,8)",c_his_not_ours_P2_reproduced,,fd9a9f68ec1db422,,1,3497/1000,"(52/125,0,26/125)",114
tetragonal,114,P-42_1c,"(13,20,9)",a_ours_in_his,82a5a88ccba80d26,82a5a88ccba80d26,25/16;13/8;2777/1600;7/4;2;129/64;65/32;33/16;17/8;9/4;157/64;79/32;5/2;11/4;3;13/4;111/32;3497/1000;7/2,1,3497/1000,"(0,0,26/125)",114
tetragonal,114,P-42_1c,"(14,21,9)",c_his_not_ours_P2_reproduced,,dcc0a70baf02d3d7,,1,797/1000,"(17/50,0,0)",114
tetragonal,114,P-42_1c,"(14,23,11)",c_his_not_ours_P2_reproduced,,7824c3404ec7c532,,1,3497/1000,"(31/125,-31/125,1/4)",114
tetragonal,114,P-42_1c,"(14,24,12)",a_ours_in_his,1da02fe6c7c6eb73,1da02fe6c7c6eb73,3,1,2,"(1/5,-1/5,3/25)",114
tetragonal,114,P-42_1c,"(15,25,12)",c_his_not_ours_P2_reproduced,,7780851c54681bc6,,1,2,"(4/25,0,1/5)",114
tetragonal,114,P-42_1c,"(16,24,10)",a_ours_in_his,35953737803092f0,35953737803092f0,1/2;3/4;797/1000;4/5;1;5/4;7/5;3/2;38/25;49/32;99/64;327/200;677/400;1377/800;7/4;15/8;31/16;63/32;127/64;2;9/4;19/8;39/16;5/2;11/4;3;13/4;27/8;55/16;221/64,1,3497/1000,"(0,0,31/125)",114
tetragonal,114,P-42_1c,"(17,28,13)",c_his_not_ours_P2_reproduced,,607da7953fa0fa4e,,1,4/5,"(169/500,-1/500,0)",114
tetragonal,114,P-42_1c,"(18,28,12)",a_ours_in_his,c1824c64dfbb3615,c1824c64dfbb3615,227/160;57/40;29/20;3/2;38/25;7/4;2;9/4;5/2;11/4;91/32;23/8;3;193/64;97/32;49/16;25/8;13/4;3497/1000;7/2,1,3497/1000,"(0,0,0)",114
tetragonal,114,P-42_1c,"(18,29,13)",c_his_not_ours_P2_reproduced,,206c7c14af9927b2,,1,3497/1000,"(247/500,-1/500,0)",114
tetragonal,114,P-42_1c,"(19,30,13)",c_his_not_ours_P2_reproduced,,b6892ba92de5db43,,1,7/2,"(19/125,-19/125,117/500)",114
tetragonal,114,P-42_1c,"(21,32,13)",c_his_not_ours_P2_reproduced,,c6005fa4af1a744c,,1,3497/1000,"(249/500,-1/500,31/125)",114
tetragonal,114,P-42_1c,"(21,33,14)",c_his_not_ours_P2_reproduced,,62b71c2a6bb5e705,,1,7/2,"(151/500,-1/500,117/500)",114
tetragonal,114,P-42_1c,"(22,34,14)",c_his_not_ours_P2_reproduced,,6b1f36550e2f6ec6,,1,3497/1000,"(3/125,0,31/125)",114
tetragonal,114,P-42_1c,"(23,36,15)",c_his_not_ours_P2_reproduced,,ef14a3af77c64d9c,,1,7/2,"(53/500,-1/500,109/500)",114
tetragonal,114,P-42_1c,"(24,36,14)",a_ours_in_his,31a32605d919fa4a;31d09faf7fb2bf6f,31d09faf7fb2bf6f,1/2;3/4;797/1000;4/5;1;9/8;5/4;7/5;113/80;3/2;38/25;7/4;15/8;31/16;63/32;2;9/4;39/16;5/2;11/4;45/16;181/64;23/8;47/16;95/32;191/64;3;13/4;3497/1000;7/2,1,3497/1000,"(1/4,-1/4,31/125)",114
tetragonal,114,P-42_1c,"(25,38,15)",c_his_not_ours_P2_reproduced,,7b0441c8ac019b55,,1,797/1000,"(169/500,-1/500,0)",114
tetragonal,114,P-42_1c,"(25,39,16)",c_his_not_ours_P2_reproduced,,0294712025978212,,1,1/2,"(107/250,-1/50,21/500)",114
tetragonal,114,P-42_1c,"(26,39,15)",a_ours_in_his,1148b1810c34b982;3eb68e3019868bb0,1148b1810c34b982,23/32;3/4;797/1000;4/5;7/8;9/10;1;17/16;35/32;71/64;5/4;7/5;3/2;38/25;7/4;2;17/8;69/32,1,3497/1000,"(59/250,-59/250,31/125)",114
tetragonal,114,P-42_1c,"(28,42,16)",a_ours_in_his,bf5eadab641c997b;d9532f4f2d8bff33,bf5eadab641c997b,1/2;5/8;11/16;45/64;3/4;797/1000;4/5;17/20;69/80;127/64;147/64;37/16;19/8;77/32;155/64,1,3497/1000,"(31/125,-51/250,11/500)",114
tetragonal,114,P-42_1c,"(29,45,18)",c_his_not_ours_P2_reproduced,,ae67d5acd348fac5,,1,1/2,"(81/500,-69/500,1/50)",114
tetragonal,114,P-42_1c,"(30,45,17)",a_ours_in_his,fc4719574cb9d459,fc4719574cb9d459,139/64;35/16;9/4;73/32,1,3497/1000,"(23/50,-9/250,53/250)",114
tetragonal,114,P-42_1c,"(32,48,18)",a_ours_in_his,56dcc17ff0060c44,56dcc17ff0060c44,1/2;5/8;21/32;43/64,1,797/1000,"(43/250,-41/250,1/250)",114
tetragonal,114,P-42_1c,"(34,51,19)",c_his_not_ours_P2_reproduced,,60560c2b249c715b,,1,3497/1000,"(29/500,-1/500,61/250)",114
tetragonal,114,P-42_1c,"(36,54,20)",c_his_not_ours_P2_reproduced,,f0f0fa837a3207ea,,1,797/1000,"(17/100,-83/500,1/500)",114
tetragonal,115,P-4m2,"(6,9,5)",a_ours_in_his,a1053191a6317676,a1053191a6317676,1/2;3/4;797/1000;4/5;1;5/4;7/5;3/2;38/25;7/4;2;9/4;5/2;11/4;3;13/4;3497/1000;7/2,1,3497/1000,"(249/500,-1/500,0)",115
tetragonal,115,P-4m2,"(7,11,6)",c_his_not_ours_P2_reproduced,,a4d2e4badea1fc0f,,1,4/5,"(33/100,-17/100,1/4)",115
tetragonal,115,P-4m2,"(8,12,6)",a_ours_in_his,e3faf0283734fac7,e3faf0283734fac7,1/2;9/16;5/8;3/4;797/1000;4/5;1;37/32;19/16;5/4;7/5;3/2;38/25;7/4;2;9/4;5/2;11/4;3;13/4;3497/1000;7/2,1,3497/1000,"(0,0,0)",115
tetragonal,115,P-4m2,"(10,16,8)",a_ours_in_his,61a294835c4c4a23,61a294835c4c4a23,3/4;1,1,4/5,"(4/25,0,1/4)",115
tetragonal,115,P-4m2,"(12,18,8)",a_ours_in_his,9b7039e0c295ff94;fd9a9f68ec1db422,fd9a9f68ec1db422,1/2;17/32;35/64;37/64;19/32;5/8;43/64;11/16;23/32;3/4;12047/16000;6047/8000;3047/4000;1547/2000;12423/16000;1247/1600;3141/4000;797/1000;4/5;33/40;17/20;7/8;9/10;19/20;1;65/64;33/32;17/16;71/64;9/8;73/64;37/32;19/16;79/64;5/4;83/64;209/160;53/40;427/320;43/32;109/80;439/320;221/160;7/5;227/160;57/40;29/20;239/160;3/2;38/25;2501/1600;631/400;327/200;2639/1600;1331/800;677/400;2777/1600;7/4;2;9/4;5/2;11/4;3;13/4;3497/1000;7/2,1,3497/1000,"(62/125,0,1/4)",115
tetragonal,115,P-4m2,"(14,24,12)",b_ours_not_his,1da02fe6c7c6eb73,,3/2,0,,,
tetragonal,115,P-4m2,"(16,24,10)",a_ours_in_his,35953737803092f0,35953737803092f0,1/2;9/16;19/32;39/64;5/8;21/32;11/16;45/64;23/32;47/64;3/4;1547/2000;797/1000;4/5;13/16;17/20;69/80;9/10;37/40;15/16;19/20;39/40;79/80;1;33/32;67/64;17/16;35/32;9/8;73/64;19/16;39/32;5/4;103/80;83/64;53/40;427/320;109/80;7/5;113/80;29/20;59/40;119/80;3/2;38/25;1239/800;327/200;677/400;1377/800,1,3497/1000,"(62/125,0,1/50)",115
tetragonal,115,P-4m2,"(18,28,12)",a_ours_in_his,c1824c64dfbb3615,c1824c64dfbb3615,227/160;57/40;23/16;29/20;3/2;1201/800;601/400;301/200;151/100;38/25;327/200;7/4;61/32;31/16;2;9/4;5/2;41/16;21/8;11/4;3;13/4;3497/1000;7/2,1,3497/1000,"(1/2,0,1/4)",115
tetragonal,115,P-4m2,"(24,36,14)",a_ours_in_his,31d09faf7fb2bf6f,31d09faf7fb2bf6f,1/2;3/4;797/1000;4/5;1;5/4;11/8;7/5;45/32;113/80;91/64;29/20;59/40;119/80;239/160;3/2;38/25;631/400;257/160;2593/1600;7/4;15/8;121/64;2;9/4;5/2;81/32;163/64,1,3497/1000,"(1/2,0,1/50)",115
tetragonal,116,P-4c2,"(6,9,5)",c_his_not_ours_P2_reproduced,,a1053191a6317676,,1,3497/1000,"(62/125,0,1/4)",116
tetragonal,116,P-4c2,"(8,12,6)",a_ours_in_his,e3faf0283734fac7,e3faf0283734fac7,1/2;3/4;797/1000;4/5;1;5/4;7/5;3/2;38/25;7/4;2;9/4;5/2;11/4;3;13/4;3497/1000;7/2,1,3497/1000,"(0,0,0)",116
tetragonal,116,P-4c2,"(9,16,9)",c_his_not_ours_P2_reproduced,,0c6ba5cadd15c06e,,1,4/5,"(2/25,-2/25,21/100)",116
tetragonal,116,P-4c2,"(10,16,8)",c_his_not_ours_P2_reproduced,,61a294835c4c4a23,,1,4/5,"(17/50,-4/25,1/4)",116
tetragonal,116,P-4c2,"(12,18,8)",c_his_not_ours_P2_reproduced,,fd9a9f68ec1db422,,1,3497/1000,"(52/125,0,26/125)",116
tetragonal,116,P-4c2,"(13,20,9)",c_his_not_ours_P2_reproduced,,82a5a88ccba80d26,,1,3497/1000,"(1/4,-1/4,31/125)",116
tetragonal,116,P-4c2,"(14,23,11)",c_his_not_ours_P2_reproduced,,7824c3404ec7c532,,1,3497/1000,"(249/500,-1/500,0)",116
tetragonal,116,P-4c2,"(14,24,12)",a_ours_in_his,1da02fe6c7c6eb73,1da02fe6c7c6eb73,1;3,1,4/5,"(1/10,-1/10,1/4)",116
tetragonal,116,P-4c2,"(16,24,10)",c_his_not_ours_P2_reproduced,,35953737803092f0,,1,3497/1000,"(62/125,0,31/125)",116
tetragonal,116,P-4c2,"(17,26,11)",c_his_not_ours_P2_reproduced,,8fa1790edfd55a9f,,1,3497/1000,"(229/500,-21/500,26/125)",116
tetragonal,116,P-4c2,"(18,28,12)",a_ours_in_his,c1824c64dfbb3615,c1824c64dfbb3615,9/16;5/8;3/4;797/1000;4/5;7/8;9/10;19/20;1;65/64;33/32;17/16;9/8;5/4;7/5;3/2;38/25;7/4;2;9/4;5/2;11/4;91/32;23/8;3;193/64;97/32;49/16;25/8;13/4;3497/1000;7/2,1,3497/1000,"(1/4,-1/4,1/4)",116
tetragonal,116,P-4c2,"(18,29,13)",c_his_not_ours_P2_reproduced,,2626c0b5370635a6,,1,527/1000,"(41/100,-9/100,0)",116
tetragonal,116,P-4c2,"(20,32,14)",c_his_not_ours_P2_reproduced,,567d6e6c92a6ba19,,1,2,"(33/100,-17/100,1/5)",116
tetragonal,116,P-4c2,"(21,33,14)",c_his_not_ours_P2_reproduced,,6eec925b71cecc49,,1,7/2,"(201/500,-49/500,1/125)",116
tetragonal,116,P-4c2,"(22,35,15)",c_his_not_ours_P2_reproduced,,42bbc3711f0da4da,,1,7/2,"(38/125,-49/250,2/125)",116
tetragonal,116,P-4c2,"(23,35,14)",c_his_not_ours_P2_reproduced,,4a1fffe528971ffb,,1,3497/1000,"(249/500,-1/500,31/125)",116
tetragonal,116,P-4c2,"(23,36,15)",c_his_not_ours_P2_reproduced,,5a47ffb4cb0ec4a6,,1,1/2,"(1/5,-3/50,1/10)",116
tetragonal,116,P-4c2,"(24,36,14)",a_ours_in_his,31d09faf7fb2bf6f,31d09faf7fb2bf6f,1/2;17/32;35/64;5/8;11/16;23/32;47/64;3/4;797/1000;4/5;17/20;69/80;7/8;9/10;37/40;15/16;19/20;31/32;39/40;63/64;79/80;1;5/4;7/5;3/2;38/25;7/4;2;9/4;5/2;11/4;45/16;181/64;23/8;47/16;95/32;191/64;3;13/4;7/2,1,3497/1000,"(1/2,0,31/125)",116
tetragonal,116,P-4c2,"(24,37,15)",c_his_not_ours_P2_reproduced,,b8b72db4ab55a296,,1,3497/1000,"(27/100,-23/100,1/50)",116
tetragonal,116,P-4c2,"(25,39,16)",c_his_not_ours_P2_reproduced,,7aacca60b6e66b97,,1,11/10,"(3/50,-2/125,13/500)",116
tetragonal,116,P-4c2,"(26,39,15)",a_ours_in_his,1457e9a93eea5438,1457e9a93eea5438,1/2;19/32;5/8;3/4;1547/2000;797/1000;4/5;17/20;69/80,1,3497/1000,"(237/500,-13/500,1/500)",116
tetragonal,116,P-4c2,"(27,41,16)",c_his_not_ours_P2_reproduced,,0b443fe21f074149,,1,3497/1000,"(67/250,-29/125,9/500)",116
tetragonal,116,P-4c2,"(27,42,17)",c_his_not_ours_P2_reproduced,,3b9361942bbe8416,,1,7/2,"(31/125,-49/250,9/500)",116
tetragonal,116,P-4c2,"(28,42,16)",a_ours_in_his,9679c9e830167325,9679c9e830167325,12423/16000;1247/1600;3141/4000;797/1000;4/5;1;5/4;7/5;3/2;38/25;7/4;2,1,3497/1000,"(247/500,-1/500,123/500)",116
tetragonal,116,P-4c2,"(29,45,18)",a_ours_in_his,0bc1139de57a9670,0bc1139de57a9670,9/4,1,4/5,"(1/10,-1/50,1/5)",116
tetragonal,116,P-4c2,"(30,45,17)",a_ours_in_his,16a9b6f95073dfbb;da1833391efcd38c,da1833391efcd38c,1/2;9/16;37/64;327/200;7/4;2;9/4;151/64;19/8;5/2;11/4;3;13/4;3497/1000;7/2,1,3497/1000,"(57/125,-1/25,26/125)",116
tetragonal,116,P-4c2,"(31,48,19)",c_his_not_ours_P2_reproduced,,daf530c128800faf,,1,4/5,"(3/50,-13/250,3/20)",116
tetragonal,116,P-4c2,"(32,48,18)",a_ours_in_his,3c3aac0251a9d3dd;8ce6c8b7341edeb2,3c3aac0251a9d3dd,7/8;9/10;1;5/4;7/5;29/20;59/40;129/64;65/32;33/16;17/8;35/16;71/32;143/64,1,3497/1000,"(23/50,-9/250,53/250)",116
tetragonal,116,P-4c2,"(34,51,19)",a_ours_in_his,3fc289d8d4944791;822fbf394c878292,822fbf394c878292,237/160;119/80;3/2;38/25;491/320;2501/1600;631/400;257/160;2593/1600;147/64;37/16;75/32,1,3497/1000,"(67/250,-57/250,1/50)",116
tetragonal,116,P-4c2,"(36,54,20)",a_ours_in_his,5fdbcfbd23c2a589,5fdbcfbd23c2a589,145/64;73/32,1,3497/1000,"(113/250,-4/125,21/100)",116
tetragonal,116,P-4c2,"(38,57,21)",a_ours_in_his,ef0bcf47327dee5c,ef0bcf47327dee5c,1239/800,1,3497/1000,"(119/500,-99/500,1/50)",116
tetragonal,117,P-4b2,"(6,9,5)",c_his_not_ours_P2_reproduced,,a1053191a6317676,,1,3497/1000,"(31/125,-31/125,0)",117
tetragonal,117,P-4b2,"(8,12,6)",a_ours_in_his,e3faf0283734fac7,e3faf0283734fac7,1/2;3/4;797/1000;4/5;1;5/4;7/5;3/2;38/25;7/4;2;9/4;5/2;11/4;3;13/4;3497/1000;7/2,1,3497/1000,"(0,0,0)",117
tetragonal,117,P-4b2,"(10,15,7)",a_ours_in_his,52392121966e66eb,52392121966e66eb,1/2;3/4;797/1000;4/5;1;5/4;7/5;3/2;38/25;7/4;2;9/4;5/2;11/4;3;13/4;3497/1000;7/2,1,3497/1000,"(249/500,-1/500,0)",117
tetragonal,117,P-4b2,"(14,23,11)",c_his_not_ours_P2_reproduced,,7824c3404ec7c532,,1,3497/1000,"(31/125,-31/125,1/4)",117
tetragonal,117,P-4b2,"(18,28,12)",c_his_not_ours_P2_reproduced,,c1824c64dfbb3615,,1,3497/1000,"(62/125,0,1/4)",117
tetragonal,117,P-4b2,"(18,29,13)",c_his_not_ours_P2_reproduced,,2626c0b5370635a6,,1,3497/1000,"(109/500,-109/500,1/500)",117
tetragonal,117,P-4b2,"(24,36,14)",a_ours_in_his,6a8a2df1eaf9f29d,6a8a2df1eaf9f29d,1/2;3/4;6329/8000;797/1000;4/5;1;5/4;7/5;3/2;38/25;7/4;2;9/4;5/2;11/4;3;13/4;3497/1000;7/2,1,3497/1000,"(247/500,-1/500,1/4)",117
tetragonal,117,P-4b2,"(28,42,16)",a_ours_in_his,8d5cf695b24cb063,8d5cf695b24cb063,1/2;3/4;1547/2000;3141/4000;12611/16000,1,3497/1000,"(11/50,-27/125,1/500)",117
tetragonal,118,P-4n2,"(6,11,7)",c_his_not_ours_P2_reproduced,,d2d935e5499e6e11,,1,4/5,"(4/25,0,1/4)",118
tetragonal,118,P-4n2,"(7,11,6)",c_his_not_ours_P2_reproduced,,a4d2e4badea1fc0f,,1,4/5,"(17/100,-17/100,0)",118
tetragonal,118,P-4n2,"(8,12,6)",a_ours_in_his,e3faf0283734fac7,e3faf0283734fac7,1/2;3/4;797/1000;4/5;1;5/4;7/5;3/2;38/25;7/4;2;9/4;5/2;11/4;3;13/4;3497/1000;7/2,1,3497/1000,"(0,0,1/4)",118
tetragonal,118,P-4n2,"(8,13,7)",c_his_not_ours_P2_reproduced,,d724d08efce3fe5f,,1,3497/1000,"(62/125,0,1/4)",118
tetragonal,118,P-4n2,"(9,16,9)",a_ours_in_his,0c6ba5cadd15c06e,0c6ba5cadd15c06e,2,1,5/4,"(1/4,-1/4,4/25)",118
tetragonal,118,P-4n2,"(10,15,7)",c_his_not_ours_P2_reproduced,,52392121966e66eb,,1,3497/1000,"(249/500,-1/500,0)",118
tetragonal,118,P-4n2,"(10,16,8)",c_his_not_ours_P2_reproduced,,61a294835c4c4a23,,1,7/2,"(38/125,0,117/500)",118
tetragonal,118,P-4n2,"(12,18,8)",c_his_not_ours_P2_reproduced,,fd9a9f68ec1db422,,1,3497/1000,"(62/125,0,31/125)",118
tetragonal,118,P-4n2,"(12,19,9)",c_his_not_ours_P2_reproduced,,bff9a9e578e112a7,,1,4/5,"(41/125,-21/125,1/4)",118
tetragonal,118,P-4n2,"(13,20,9)",a_ours_in_his,82a5a88ccba80d26,82a5a88ccba80d26,25/16;13/8;2777/1600;7/4;2;129/64;65/32;33/16;17/8;9/4;157/64;79/32;5/2;11/4;3;13/4;111/32;3497/1000;7/2,1,3497/1000,"(1/4,-1/4,31/125)",118
tetragonal,118,P-4n2,"(13,22,11)",c_his_not_ours_P2_reproduced,,894a58270edf968f,,1,41/25,"(49/250,-49/250,4/25)",118
tetragonal,118,P-4n2,"(14,21,9)",c_his_not_ours_P2_reproduced,,3f6b28d5f7a72d60,,1,3497/1000,"(249/500,-1/500,1/25)",118
tetragonal,118,P-4n2,"(14,24,12)",b_ours_not_his,1da02fe6c7c6eb73,,1,0,,,
tetragonal,118,P-4n2,"(15,25,12)",c_his_not_ours_P2_reproduced,,f089902bc80ee80e,,1,4/5,"(16/125,0,1/5)",118
tetragonal,118,P-4n2,"(16,24,10)",a_ours_in_his,35953737803092f0,35953737803092f0,1/2;3/4;797/1000;4/5;1;5/4;7/5;3/2;38/25;49/32;99/64;327/200;677/400;1377/800;7/4;15/8;31/16;63/32;127/64;2;9/4;19/8;39/16;5/2;11/4;3;13/4;27/8;55/16;221/64,1,3497/1000,"(1/4,-1/4,1/50)",118
tetragonal,118,P-4n2,"(16,27,13)",c_his_not_ours_P2_reproduced,,d5d95d5c42489c1f,,1,4/5,"(149/500,-17/100,1/5)",118
tetragonal,118,P-4n2,"(17,26,11)",c_his_not_ours_P2_reproduced,,8fa1790edfd55a9f,,1,3497/1000,"(31/125,-31/125,31/125)",118
tetragonal,118,P-4n2,"(17,28,13)",c_his_not_ours_P2_reproduced,,607da7953fa0fa4e,,1,4/5,"(169/500,-1/500,0)",118
tetragonal,118,P-4n2,"(18,28,12)",a_ours_in_his,c1824c64dfbb3615,c1824c64dfbb3615,65/64;33/32;17/16;9/8;77/64;39/32;5/4;21/16;11/8;7/5;227/160;57/40;29/20;3/2;38/25;7/4;2;9/4;5/2;11/4;3;13/4;3497/1000;7/2,1,3497/1000,"(0,0,0)",118
tetragonal,118,P-4n2,"(18,29,13)",c_his_not_ours_P2_reproduced,,206c7c14af9927b2,,1,3497/1000,"(247/500,-1/500,0)",118
tetragonal,118,P-4n2,"(18,30,14)",c_his_not_ours_P2_reproduced,,a11eccf247552638,,1,4/5,"(4/25,0,9/100)",118
tetragonal,118,P-4n2,"(19,30,13)",a_ours_in_his,b25a63276e96e094,b25a63276e96e094,1,1,4/5,"(33/100,-17/100,1/4)",118
tetragonal,118,P-4n2,"(20,32,14)",c_his_not_ours_P2_reproduced,,37e188e9b012345e,,1,7/2,"(19/125,-19/125,117/500)",118
tetragonal,118,P-4n2,"(21,32,13)",a_ours_in_his,c6005fa4af1a744c,c6005fa4af1a744c,1/2;9/16;3/4;797/1000;4/5;13/16;9/10;19/20;39/40;79/80;1;9/8;73/64;5/4;41/32,1,797/1000,"(249/500,-1/500,1/4)",118
tetragonal,118,P-4n2,"(22,34,14)",c_his_not_ours_P2_reproduced,,779fb53b92dfc3fe,,1,797/1000,"(4/25,0,123/500)",118
tetragonal,118,P-4n2,"(22,35,15)",c_his_not_ours_P2_reproduced,,42bbc3711f0da4da,,1,7/2,"(49/250,-49/250,2/125)",118
tetragonal,118,P-4n2,"(23,35,14)",c_his_not_ours_P2_reproduced,,b062a24492a59606,,1,3497/1000,"(59/125,0,31/125)",118
tetragonal,118,P-4n2,"(23,36,15)",c_his_not_ours_P2_reproduced,,97fb7fde62d174ad,,1,4/5,"(117/500,-117/500,1/5)",118
tetragonal,118,P-4n2,"(24,36,14)",a_ours_in_his,31d09faf7fb2bf6f,31d09faf7fb2bf6f,1/2;37/64;19/32;5/8;3/4;797/1000;4/5;33/40;17/20;9/10;19/20;39/40;79/80;1;65/64;33/32;67/64;17/16;35/32;71/64;37/32;19/16;5/4;83/64;7/5;113/80,1,797/1000,"(0,0,0)",118
tetragonal,118,P-4n2,"(24,37,15)",c_his_not_ours_P2_reproduced,,b8b72db4ab55a296,,1,3497/1000,"(61/250,-61/250,1/50)",118
tetragonal,118,P-4n2,"(25,38,15)",c_his_not_ours_P2_reproduced,,7b0441c8ac019b55,,1,797/1000,"(169/500,-1/500,0)",118
tetragonal,118,P-4n2,"(25,39,16)",c_his_not_ours_P2_reproduced,,601991178aa884a7,,1,7/2,"(173/500,-3/20,2/125)",118
tetragonal,118,P-4n2,"(26,42,18)",c_his_not_ours_P2_reproduced,,7f928c7ab031d27f,,1,2,"(1/4,-1/20,1/20)",118
tetragonal,118,P-4n2,"(27,41,16)",a_ours_in_his,a62c85c4c77303e5,27d2f55670d4f85c,1/2;5/8;11/16;45/64,1,3497/1000,"(31/125,-31/125,1/50)",118
tetragonal,118,P-4n2,"(27,42,17)",c_his_not_ours_P2_reproduced,,4ad6ee4251c1edea,,1,7/8,"(59/250,-12/125,101/500)",118
tetragonal,118,P-4n2,"(28,42,16)",c_his_not_ours_P2_reproduced,,e4200db43401702b,,1,797/1000,"(62/125,0,31/125)",118
tetragonal,118,P-4n2,"(28,43,17)",c_his_not_ours_P2_reproduced,,c20254c5e844dc0c,,1,44/25,"(27/250,-7/250,1/25)",118
tetragonal,118,P-4n2,"(29,44,17)",a_ours_in_his,ad192c7f4c277ecf,ad192c7f4c277ecf,23/32;3/4;797/1000;4/5;1;5/4;103/80;209/160;421/320,1,797/1000,"(2/5,-12/125,6/25)",118
tetragonal,118,P-4n2,"(29,45,18)",c_his_not_ours_P2_reproduced,,8b80fb6f35d75a41,,1,7/2,"(111/250,-13/250,4/125)",118
tetragonal,118,P-4n2,"(30,45,17)",a_ours_in_his,cd4fb52572edcb73;da1833391efcd38c,da1833391efcd38c,23/32;3/4;797/1000;4/5;1;17/16;35/32;71/64;119/80;3/2;38/25;7/4;121/64;61/32;31/16;2;9/4;5/2;11/4;3;13/4;3497/1000;7/2,1,3497/1000,"(247/500,-1/500,123/500)",118
tetragonal,118,P-4n2,"(31,47,18)",c_his_not_ours_P2_reproduced,,2f7a0b34a9126357,,1,797/1000,"(4/25,-17/250,1/20)",118
tetragonal,118,P-4n2,"(31,48,19)",c_his_not_ours_P2_reproduced,,d75e7e4f5db4804a,,1,7/2,"(147/500,-49/500,1/50)",118
tetragonal,118,P-4n2,"(32,48,18)",a_ours_in_his,8c0bde1b0fee079d,8c0bde1b0fee079d,9/8;5/4;53/40;427/320;109/80;221/160,1,3497/1000,"(67/250,-57/250,1/50)",118
tetragonal,118,P-4n2,"(33,50,19)",c_his_not_ours_P2_reproduced,,06de2fb18559d1ef,,1,3497/1000,"(9/20,-3/500,3/100)",118
tetragonal,118,P-4n2,"(33,51,20)",c_his_not_ours_P2_reproduced,,8d4b52ab604ddd50,,1,7/2,"(219/500,-23/500,4/125)",118
tetragonal,118,P-4n2,"(34,51,19)",a_ours_in_his,6f6ee36de8dbda72;822fbf394c878292,822fbf394c878292,43/32;109/80;89/64;7/5;57/40;229/160;47/32;59/40;237/160;3/2;38/25;7/4;29/16;117/64;119/64;15/8,1,3497/1000,"(131/500,-111/500,1/50)",118
tetragonal,118,P-4n2,"(35,54,21)",c_his_not_ours_P2_reproduced,,156198662afdecb9,,1,41/25,"(79/250,-1/25,1/10)",118
tetragonal,118,P-4n2,"(36,54,20)",a_ours_in_his,bfcb72a81fce8c4a,b497b4dd6fe3f5e2,1/2;5/8;11/16;45/64,1,3497/1000,"(227/500,-21/500,17/500)",118
tetragonal,118,P-4n2,"(37,56,21)",c_his_not_ours_P2_reproduced,,988b2083ef57f8ed,,1,3497/1000,"(2/5,-3/250,3/100)",118
tetragonal,118,P-4n2,"(37,57,22)",c_his_not_ours_P2_reproduced,,84bbeabc892ed227,,1,7/2,"(38/125,-1/250,119/500)",118
tetragonal,118,P-4n2,"(38,57,21)",a_ours_in_his,896e9cc347268b4d;d43d8d2dd9836ed4,896e9cc347268b4d,23/16;29/20;117/80;59/32,1,3497/1000,"(43/250,-18/125,9/500)",118
tetragonal,118,P-4n2,"(40,60,22)",c_his_not_ours_P2_reproduced,,fcec50f310ed466e,,1,3497/1000,"(12/25,-2/125,19/500)",118
tetragonal,118,P-4n2,"(42,63,23)",c_his_not_ours_P2_reproduced,,e4f56d3bcdc3ae83,,1,3497/1000,"(247/500,-1/500,1/25)",118
tetragonal,118,P-4n2,"(44,66,24)",c_his_not_ours_P2_reproduced,,16fb6951a5aeafe8,,1,3497/1000,"(229/500,-1/500,31/125)",118
tetragonal,119,I-4m2,"(5,8,5)",c_his_not_ours_P2_reproduced,,42bc5c5af1f296ae,,1,4/5,"(169/500,-1/500,0)",119
tetragonal,119,I-4m2,"(6,9,5)",c_his_not_ours_P2_reproduced,,a1053191a6317676,,1,3497/1000,"(249/500,-1/500,0)",119
tetragonal,119,I-4m2,"(6,11,7)",a_ours_in_his,d2d935e5499e6e11,d2d935e5499e6e11,1,1,4/5,"(17/50,0,0)",119
tetragonal,119,I-4m2,"(7,11,6)",a_ours_in_his,a4d2e4badea1fc0f,a4d2e4badea1fc0f,1,1,7/2,"(223/500,-27/500,4/125)",119
tetragonal,119,I-4m2,"(8,12,6)",a_ours_in_his,e3faf0283734fac7,e3faf0283734fac7,1/2;37/64;19/32;5/8;3/4;797/1000;4/5;33/40;17/20;9/10;1;65/64;33/32;17/16;9/8;37/32;19/16;5/4;83/64;21/16;53/40;11/8;7/5;3/2;38/25;7/4;2;9/4;5/2;11/4;3;13/4;3497/1000;7/2,1,3497/1000,"(1/4,-1/4,0)",119
tetragonal,119,I-4m2,"(8,13,7)",a_ours_in_his,d724d08efce3fe5f,d724d08efce3fe5f,37/64;19/32;5/8;23/32;3/4;797/1000;4/5;33/40;17/20;9/10;1;65/64;33/32;17/16;9/8;37/32;19/16;79/64;5/4;83/64;209/160;53/40;7/5;3/2;38/25;7/4;2;9/4;5/2;11/4;3;13/4;3497/1000;7/2,1,3497/1000,"(62/125,0,0)",119
tetragonal,119,I-4m2,"(9,16,9)",a_ours_in_his,0c6ba5cadd15c06e,0c6ba5cadd15c06e,2,1,2,"(0,0,1/8)",119
tetragonal,119,I-4m2,"(10,15,7)",c_his_not_ours_P2_reproduced,,ca9a19039647d676,,1,3497/1000,"(249/500,-1/500,1/25)",119
tetragonal,119,I-4m2,"(10,16,8)",a_ours_in_his,61a294835c4c4a23,61a294835c4c4a23,3/2;2,1,7/2,"(49/125,0,4/125)",119
tetragonal,119,I-4m2,"(12,18,8)",a_ours_in_his,9b7039e0c295ff94;fd9a9f68ec1db422,fd9a9f68ec1db422,1/2;9/16;3/4;797/1000;4/5;13/16;9/10;19/20;39/40;79/80;1;9/8;73/64;5/4;41/32;227/160;57/40;29/20;3/2;1201/800;601/400;301/200;151/100;38/25;2547/1600;257/160;327/200;2777/1600;7/4;117/64;59/32;15/8;2;129/64;65/32;33/16;17/8;9/4;5/2;11/4;3;13/4;3497/1000;7/2,1,3497/1000,"(62/125,0,1/8)",119
tetragonal,119,I-4m2,"(12,19,9)",c_his_not_ours_P2_reproduced,,03b5c7cc17c5e015,,1,4/5,"(34/125,-1/125,1/8)",119
tetragonal,119,I-4m2,"(13,20,9)",a_ours_in_his,82a5a88ccba80d26,82a5a88ccba80d26,25/16;13/8;2777/1600;7/4;2;129/64;65/32;33/16;17/8;9/4;157/64;79/32;5/2;11/4;3;13/4;111/32;3497/1000;7/2,1,3497/1000,"(0,0,1/8)",119
tetragonal,119,I-4m2,"(14,21,9)",a_ours_in_his,19942a41247151a2;dcc0a70baf02d3d7;f478cd4934ed8ab6,19942a41247151a2,1/2;9/16;5/8;11/16;45/64;23/32;3/4;797/1000;4/5;13/16;9/10;19/20;39/40;79/80;1;17/16;35/32;71/64;9/8;73/64;19/16;39/32;5/4;103/80;209/160;421/320,1,3497/1000,"(247/500,-1/500,1/25)",119
tetragonal,119,I-4m2,"(15,25,12)",a_ours_in_his,f089902bc80ee80e,f089902bc80ee80e,1,1,4/5,"(21/50,0,1/8)",119
tetragonal,119,I-4m2,"(16,24,10)",a_ours_in_his,35953737803092f0,35953737803092f0,1/2;3/4;797/1000;4/5;1;5/4;7/5;3/2;38/25;49/32;99/64;327/200;677/400;1377/800;7/4;15/8;31/16;63/32;127/64;2;9/4;19/8;39/16;5/2;11/4;3;13/4;27/8;55/16;221/64,1,3497/1000,"(1/2,0,1/25)",119
tetragonal,119,I-4m2,"(18,27,11)",c_his_not_ours_P2_reproduced,,6869d9adc5f8c737,,1,797/1000,"(149/500,-1/500,3/40)",119
tetragonal,119,I-4m2,"(18,28,12)",a_ours_in_his,c1824c64dfbb3615,c1824c64dfbb3615,227/160;57/40;29/20;3/2;38/25;7/4;2;9/4;5/2;11/4;3;13/4;3497/1000;7/2,1,3497/1000,"(0,0,0)",119
tetragonal,119,I-4m2,"(18,30,14)",c_his_not_ours_P2_reproduced,,a11eccf247552638,,1,4/5,"(3/10,0,1/8)",119
tetragonal,119,I-4m2,"(22,34,14)",a_ours_in_his,779fb53b92dfc3fe,779fb53b92dfc3fe,37/64;19/32;39/64;5/8;11/16;45/64;23/32;3/4;12141/16000;3047/4000;6141/8000;12329/16000;1547/2000;797/1000;4/5;13/16;33/40;67/80;17/20;69/80;9/10;19/20;39/40;79/80;1;9/8;73/64;19/16;39/32;5/4;7/5;113/80,1,797/1000,"(21/50,0,1/8)",119
tetragonal,119,I-4m2,"(23,35,14)",a_ours_in_his,b062a24492a59606,b062a24492a59606,23/32;3/4;797/1000;4/5;33/40;17/20;7/8;9/10;1;65/64;33/32;17/16;9/8;37/32;19/16;79/64;5/4;7/5;29/20;59/40;119/80;239/160;3/2;38/25;631/400;257/160;2593/1600;327/200;677/400;1377/800;7/4;29/16;15/8;31/16;63/32;127/64;2;33/16;67/32;135/64;17/8;35/16;71/32;143/64,1,3497/1000,"(62/125,0,1/25)",119
tetragonal,119,I-4m2,"(24,36,14)",a_ours_in_his,31d09faf7fb2bf6f,31d09faf7fb2bf6f,1/2;3/4;797/1000;4/5;1;5/4;7/5;113/80,1,797/1000,"(0,0,0)",119
tetragonal,119,I-4m2,"(28,42,16)",a_ours_in_his,e4200db43401702b,e4200db43401702b,1/2;9/16;19/32;5/8;21/32;43/64;11/16;45/64;3/4;6047/8000;3047/4000;2447/3200;6141/8000;797/1000;4/5;13/16;33/40,1,797/1000,"(38/125,0,1/8)",119
tetragonal,120,I-4c2,"(6,9,5)",c_his_not_ours_P2_reproduced,,a1053191a6317676,,1,3497/1000,"(31/125,-31/125,0)",120
tetragonal,120,I-4c2,"(8,12,6)",a_ours_in_his,e3faf0283734fac7,e3faf0283734fac7,1/2;3/4;797/1000;4/5;1;5/4;7/5;3/2;38/25;7/4;2;9/4;5/2;11/4;3;13/4;3497/1000;7/2,1,3497/1000,"(0,0,0)",120
tetragonal,120,I-4c2,"(9,16,9)",c_his_not_ours_P2_reproduced,,cf917b63c9edf773,,1,5/4,"(1/10,-1/10,6/125)",120
tetragonal,120,I-4c2,"(10,16,8)",c_his_not_ours_P2_reproduced,,342dd2988fa48b2c,,1,3497/1000,"(247/500,-1/500,0)",120
tetragonal,120,I-4c2,"(12,19,9)",c_his_not_ours_P2_reproduced,,8e1a1fd6069d5392,,1,3497/1000,"(31/125,-31/125,1/8)",120
tetragonal,120,I-4c2,"(14,22,10)",c_his_not_ours_P2_reproduced,,fe7ee18a2838e181,,1,3497/1000,"(121/500,-121/500,1/1000)",120
tetragonal,120,I-4c2,"(14,23,11)",a_ours_in_his,7824c3404ec7c532,7824c3404ec7c532,1/2;17/32;9/16;37/64;19/32;5/8;3/4;797/1000;4/5;1;5/4;7/5;3/2;38/25;7/4;2;9/4;5/2;11/4;3;13/4;3497/1000;7/2,1,3497/1000,"(249/500,-1/500,0)",120
tetragonal,120,I-4c2,"(18,28,12)",c_his_not_ours_P2_reproduced,,c1824c64dfbb3615,,1,3497/1000,"(62/125,0,1/8)",120
tetragonal,120,I-4c2,"(18,29,13)",a_ours_in_his,2626c0b5370635a6,2626c0b5370635a6,1/2;33/64;9/16,1,527/1000,"(41/100,-9/100,0)",120
tetragonal,120,I-4c2,"(21,33,14)",c_his_not_ours_P2_reproduced,,4e38038c8866f472,,1,7/2,"(69/250,-7/250,1/500)",120
tetragonal,120,I-4c2,"(23,36,15)",c_his_not_ours_P2_reproduced,,b258f46ee84a3c88,,1,1/2,"(16/125,-9/125,31/250)",120
tetragonal,120,I-4c2,"(24,36,14)",a_ours_in_his,e948828e76447bbb,e948828e76447bbb,69/64;35/32;9/8;5/4;7/5;3/2;38/25;7/4;2;9/4;5/2;11/4;3;13/4;3497/1000;7/2,1,3497/1000,"(247/500,-1/500,31/250)",120
tetragonal,120,I-4c2,"(25,39,16)",c_his_not_ours_P2_reproduced,,80e113a5b9ac47be,,1,7/2,"(69/250,-49/250,1/500)",120
tetragonal,120,I-4c2,"(28,42,16)",a_ours_in_his,d7e9a753e8e2e449,d7e9a753e8e2e449,71/80;9/10;39/40;1;17/16;69/64,1,3497/1000,"(27/125,-49/250,1/200)",120
tetragonal,120,I-4c2,"(30,45,17)",a_ours_in_his,b17c6249a65c9ab6,b17c6249a65c9ab6,1/2;5/8;11/16;23/32;47/64;3/4;1547/2000;3141/4000;12611/16000,1,3497/1000,"(54/125,-13/250,1/1000)",120
tetragonal,120,I-4c2,"(32,48,18)",c_his_not_ours_P2_reproduced,,bfd4d667ddc0d6f5,,1,527/1000,"(189/500,-59/500,1/1000)",120
tetragonal,120,I-4c2,"(34,51,19)",a_ours_in_his,fc7f08307d0c3900,fc7f08307d0c3900,3/4;6329/8000;797/1000;4/5;17/20;7/8;9/10;19/20;77/80,1,3497/1000,"(61/250,-6/25,1/1000)",120
tetragonal,121,I-42m,"(5,8,5)",c_his_not_ours_P2_reproduced,,42bc5c5af1f296ae,,1,4/5,"(169/500,-1/500,0)",121
tetragonal,121,I-42m,"(5,9,6)",c_his_not_ours_P2_reproduced,,8f286dc3c145b5c1,,1,7/2,"(38/125,0,117/500)",121
tetragonal,121,I-42m,"(6,9,5)",c_his_not_ours_P2_reproduced,,a1053191a6317676,,1,3497/1000,"(249/500,-1/500,0)",121
tetragonal,121,I-42m,"(6,11,7)",a_ours_in_his,d2d935e5499e6e11,d2d935e5499e6e11,1,1,4/5,"(17/50,0,0)",121
tetragonal,121,I-42m,"(7,11,6)",a_ours_in_his,a4d2e4badea1fc0f,26df90c2289ea27c,1,1,3497/1000,"(62/125,0,31/125)",121
tetragonal,121,I-42m,"(8,12,6)",a_ours_in_his,e3faf0283734fac7,e3faf0283734fac7,1/2;3/4;797/1000;4/5;33/40;17/20;9/10;1;65/64;33/32;17/16;9/8;37/32;19/16;5/4;7/5;3/2;38/25;7/4;2;9/4;5/2;11/4;3;13/4;3497/1000;7/2,1,3497/1000,"(0,0,1/4)",121
tetragonal,121,I-42m,"(8,13,7)",a_ours_in_his,d724d08efce3fe5f,d724d08efce3fe5f,1/2;37/64;19/32;5/8;23/32;3/4;797/1000;4/5;33/40;17/20;9/10;59/64;15/16;1;65/64;33/32;17/16;35/32;9/8;37/32;19/16;79/64;5/4;83/64;209/160;53/40;87/64;11/8;7/5;3/2;38/25;7/4;2;9/4;5/2;11/4;3;13/4;3497/1000;7/2,1,3497/1000,"(62/125,0,0)",121
tetragonal,121,I-42m,"(9,16,9)",b_ours_not_his,0c6ba5cadd15c06e,,2,0,,,
tetragonal,121,I-42m,"(10,15,7)",c_his_not_ours_P2_reproduced,,e3b3aae804f2c179,,1,3497/1000,"(59/125,0,31/125)",121
tetragonal,121,I-42m,"(10,16,8)",c_his_not_ours_P2_reproduced,,342dd2988fa48b2c,,1,3497/1000,"(247/500,-1/500,1/4)",121
tetragonal,121,I-42m,"(12,18,8)",a_ours_in_his,9b7039e0c295ff94;fd9a9f68ec1db422,fd9a9f68ec1db422,1/2;3/4;797/1000;4/5;13/16;9/10;19/20;39/40;79/80;1;9/8;73/64;221/160;7/5;3/2;38/25;7/4;63/32;2;9/4;5/2;11/4;3;13/4;3497/1000;7/2,1,3497/1000,"(249/500,-1/500,31/125)",121
tetragonal,121,I-42m,"(12,19,9)",c_his_not_ours_P2_reproduced,,6271116e4989849f,,1,7/2,"(151/500,-1/500,117/500)",121
tetragonal,121,I-42m,"(13,20,9)",a_ours_in_his,82a5a88ccba80d26,82a5a88ccba80d26,25/16;13/8;2777/1600;7/4;2;129/64;65/32;33/16;17/8;9/4;157/64;79/32;5/2;11/4;3;13/4;111/32;3497/1000;7/2,1,3497/1000,"(0,0,26/125)",121
tetragonal,121,I-42m,"(14,21,9)",a_ours_in_his,dcc0a70baf02d3d7,dcc0a70baf02d3d7,1/2;9/16;5/8;11/16;45/64;3/4;797/1000;4/5;13/16;7/8;9/10;29/32;19/20;39/40;79/80;1;17/16;69/64;9/8;73/64;19/16;39/32;5/4;103/80;21/16;43/32,1,797/1000,"(17/50,0,0)",121
tetragonal,121,I-42m,"(14,22,10)",c_his_not_ours_P2_reproduced,,7534d49b2a3cdb08,,1,527/1000,"(51/250,-23/125,1/4)",121
tetragonal,121,I-42m,"(14,23,11)",a_ours_in_his,7824c3404ec7c532,7824c3404ec7c532,17/32;9/16;37/64;19/32;5/8;3/4;797/1000;4/5;1;5/4;7/5;3/2;38/25;7/4;2;9/4;5/2;11/4;3;13/4;3497/1000;7/2,1,3497/1000,"(31/125,-31/125,1/4)",121
tetragonal,121,I-42m,"(14,24,12)",a_ours_in_his,1da02fe6c7c6eb73,1da02fe6c7c6eb73,2,1,2,"(1/5,-1/5,3/25)",121
tetragonal,121,I-42m,"(16,24,10)",a_ours_in_his,35953737803092f0;d58442effff48685,35953737803092f0,1/2;5/8;43/64;11/16;45/64;23/32;3/4;797/1000;4/5;1;17/16;35/32;71/64;9/8;5/4;53/40;109/80;439/320;7/5;3/2;38/25;49/32;99/64;327/200;677/400;1377/800;7/4;15/8;31/16;125/64;63/32;127/64;2;9/4;19/8;39/16;5/2;11/4;3;13/4;27/8;55/16;221/64,1,3497/1000,"(27/100,-23/100,1/50)",121
tetragonal,121,I-42m,"(18,28,12)",a_ours_in_his,c1824c64dfbb3615,c1824c64dfbb3615,227/160;57/40;29/20;3/2;38/25;7/4;63/32;2;129/64;65/32;33/16;67/32;17/8;139/64;35/16;71/32;9/4;73/32;37/16;19/8;5/2;11/4;3;13/4;3497/1000;7/2,1,3497/1000,"(0,0,0)",121
tetragonal,121,I-42m,"(18,29,13)",a_ours_in_his,2626c0b5370635a6,2626c0b5370635a6,1/2;33/64;9/16,1,527/1000,"(49/250,-49/250,1/4)",121
tetragonal,121,I-42m,"(19,30,13)",a_ours_in_his,b6892ba92de5db43,b6892ba92de5db43,1;2,1,7/2,"(19/125,-19/125,117/500)",121
tetragonal,121,I-42m,"(20,30,12)",a_ours_in_his,5c8e13e6c13789b4,5c8e13e6c13789b4,1/2;5/8;21/32,1,797/1000,"(43/250,-41/250,1/250)",121
tetragonal,121,I-42m,"(24,36,14)",a_ours_in_his,31d09faf7fb2bf6f,31d09faf7fb2bf6f,1/2;3/4;797/1000;4/5;1;65/64;33/32;17/16;9/8;37/32;19/16;79/64;5/4;7/5;113/80;227/160;57/40;29/20;3/2;38/25;327/200;2777/1600;7/4;15/8;31/16;125/64;63/32;127/64;2;129/64;65/32;33/16;133/64;67/32;135/64;17/8;69/32;35/16;141/64;9/4;145/64,1,3497/1000,"(1/4,-1/4,31/125)",121
tetragonal,121,I-42m,"(26,39,15)",a_ours_in_his,1148b1810c34b982,1148b1810c34b982,35/64;9/16;37/64;19/32;39/64;5/8;41/64;21/32;11/16;45/64;23/32;3/4;797/1000;4/5;9/10;19/20;39/40;79/80;1;9/8;73/64;19/16;39/32;5/4;7/5;113/80;3/2;38/25;631/400;257/160;2593/1600;327/200;677/400;1377/800;7/4;15/8;31/16;63/32;127/64,1,3497/1000,"(59/250,-59/250,31/125)",121
tetragonal,121,I-42m,"(30,45,17)",a_ours_in_his,637fec5274f3a3e2,637fec5274f3a3e2,1/2;17/32;9/16;19/32;39/64;5/8;41/64;11/16,1,797/1000,"(21/125,-21/125,1/250)",121
tetragonal,122,I-42d,"(8,12,6)",c_his_not_ours_P2_reproduced,,e3faf0283734fac7,,1,5/4,"(875/2518,875/2518,0)",122
tetragonal,122,I-42d,"(8,13,7)",c_his_not_ours_P2_reproduced,,59efe85d44daca83,,1,7/2,"(1/2,87/250,109/1000)",122
tetragonal,122,I-42d,"(8,14,8)",a_ours_in_his,11ee80fc3799d1eb,11ee80fc3799d1eb,2,1,2,"(0,0,0)",122
tetragonal,122,I-42d,"(10,15,7)",a_ours_in_his,52392121966e66eb,52392121966e66eb,157/64;79/32;5/2;11/4;3;13/4;27729/8000;3497/1000;7/2,1,3497/1000,"(1/2,1/2,21/250)",122
tetragonal,122,I-42d,"(10,18,10)",c_his_not_ours_P2_reproduced,,1b0972bcbf773402,,1,2,"(1/2,62/125,0)",122
tetragonal,122,I-42d,"(12,18,8)",a_ours_in_his,abfdf73c2f298784;fd9a9f68ec1db422,e73fedd244190768,227/160;57/40;29/20;3/2;38/25;7/4;2;129/64;65/32;33/16;17/8;9/4;5/2;11/4;3;13/4;3497/1000;7/2,1,5/4,"(1121/2518,1121/2518,0)",122
tetragonal,122,I-42d,"(12,19,9)",c_his_not_ours_P2_reproduced,,92b8e929ea07b5af,,1,2,"(63/250,63/250,31/250)",122
tetragonal,122,I-42d,"(12,20,10)",c_his_not_ours_P2_reproduced,,b19b176b005235de,,1,3497/1000,"(1/2,62/125,0)",122
tetragonal,122,I-42d,"(13,21,10)",c_his_not_ours_P2_reproduced,,5ba48462e0a96b30,,1,7/2,"(1/2,19/125,109/1000)",122
tetragonal,122,I-42d,"(14,21,9)",c_his_not_ours_P2_reproduced,,2a089105ae08c36d,,1,283/200,"(1/2,62/125,1/500)",122
tetragonal,122,I-42d,"(14,24,12)",a_ours_in_his,1da02fe6c7c6eb73;6d418b925cf725c2,1da02fe6c7c6eb73,1;2,1,2,"(1/2,0,0)",122
tetragonal,122,I-42d,"(15,24,11)",c_his_not_ours_P2_reproduced,,ff8725c53f6c0182,,1,7/2,"(1/2,38/125,2/125)",122
tetragonal,122,I-42d,"(15,25,12)",c_his_not_ours_P2_reproduced,,896b1833af3e254c,,1,3497/1000,"(62/125,62/125,1/8)",122
tetragonal,122,I-42d,"(16,24,10)",c_his_not_ours_P2_reproduced,,a69e19eb2dcae98b,,1,797/1000,"(62/125,62/125,0)",122
tetragonal,122,I-42d,"(16,26,12)",c_his_not_ours_P2_reproduced,,1f3821b73ab087a3,,1,7/2,"(49/125,0,4/125)",122
tetragonal,122,I-42d,"(16,27,13)",a_ours_in_his,7d5559ec4f268c7c,2308352176dc4108,2,1,4/5,"(23/50,23/50,1/8)",122
tetragonal,122,I-42d,"(17,26,11)",c_his_not_ours_P2_reproduced,,be5b1b5360c30bf4,,1,3497/1000,"(1/2,26/125,13/250)",122
tetragonal,122,I-42d,"(17,27,12)",c_his_not_ours_P2_reproduced,,9da8963ab70c9719,,1,5/4,"(1/2,983/2518,0)",122
tetragonal,122,I-42d,"(18,28,12)",a_ours_in_his,c1824c64dfbb3615,c1824c64dfbb3615,129/64;65/32;33/16;17/8;9/4;5/2;11/4;3;13/4;3497/1000;7/2,1,3497/1000,"(1/2,0,0)",122
tetragonal,122,I-42d,"(18,29,13)",c_his_not_ours_P2_reproduced,,816c906cd289e6b7,,1,5/4,"(1121/2518,1121/2518,1/8)",122
tetragonal,122,I-42d,"(18,30,14)",c_his_not_ours_P2_reproduced,,a5693e1e719c1299,,1,7/2,"(87/250,87/250,109/1000)",122
tetragonal,122,I-42d,"(19,30,13)",c_his_not_ours_P2_reproduced,,b25a63276e96e094,,1,5/4,"(96/1259,75/2518,75/5036)",122
tetragonal,122,I-42d,"(19,31,14)",c_his_not_ours_P2_reproduced,,807e8a1da93f2bf7,,1,4/5,"(21/50,9/25,0)",122
tetragonal,122,I-42d,"(20,30,12)",c_his_not_ours_P2_reproduced,,10424bd99b31c5f2,,1,3497/1000,"(1/2,62/125,31/250)",122
tetragonal,122,I-42d,"(20,31,13)",a_ours_in_his,6fe445ec5becddde,e956ba4b05a47f01,25/16;13/8;2777/1600;7/4;2;129/64;65/32;33/16;17/8;9/4;19/8;39/16;157/64;79/32;5/2;11/4;3;13/4;6747/2000;13741/4000;55211/16000;3497/1000;7/2,1,5/4,"(1/2,629/1259,0)",122
tetragonal,122,I-42d,"(20,32,14)",c_his_not_ours_P2_reproduced,,057091b772f57f08,,1,5/4,"(629/1259,629/1259,1/8)",122
tetragonal,122,I-42d,"(20,33,15)",c_his_not_ours_P2_reproduced,,3282abd05218d9c6,,1,2,"(3/10,6/25,123/1000)",122
tetragonal,122,I-42d,"(21,32,13)",c_his_not_ours_P2_reproduced,,07db8b31cf7776c5,,1,5/4,"(1121/2518,0,1/8)",122
tetragonal,122,I-42d,"(21,33,14)",c_his_not_ours_P2_reproduced,,eadc7a4375abb4e6,,1,5/4,"(546/1259,74/1259,1109/10072)",122
tetragonal,122,I-42d,"(21,34,15)",c_his_not_ours_P2_reproduced,,9da686e6a7f890f4,,1,4/5,"(87/250,6/25,0)",122
tetragonal,122,I-42d,"(21,35,16)",c_his_not_ours_P2_reproduced,,38358eae4cf1cc30,,1,4/5,"(23/50,33/125,1/8)",122
tetragonal,122,I-42d,"(22,33,13)",c_his_not_ours_P2_reproduced,,3d3095468486d3ff,,1,3497/1000,"(1/2,51/125,51/500)",122
tetragonal,122,I-42d,"(22,34,14)",a_ours_in_his,779fb53b92dfc3fe;9cab1436007f3c03,8e7b9a8360c537b2,33/40;17/20;9/10;1;5/4;7/5;113/80;27729/8000;111/32;3497/1000;7/2,1,5/4,"(629/1259,1257/2518,0)",122
tetragonal,122,I-42d,"(22,35,15)",c_his_not_ours_P2_reproduced,,1d21340181d52eb5,,1,7/2,"(38/125,38/125,4/125)",122
tetragonal,122,I-42d,"(22,36,16)",c_his_not_ours_P2_reproduced,,64cf44f99a544f09,,1,2,"(2/5,17/50,89/1000)",122
tetragonal,122,I-42d,"(23,35,14)",c_his_not_ours_P2_reproduced,,4a1fffe528971ffb,,1,797/1000,"(62/125,0,1/8)",122
tetragonal,122,I-42d,"(23,36,15)",c_his_not_ours_P2_reproduced,,5c139d16274081ff,,1,5/4,"(546/1259,300/1259,1109/10072)",122
tetragonal,122,I-42d,"(23,37,16)",c_his_not_ours_P2_reproduced,,284dabd9a97c6b15,,1,4/5,"(17/50,83/250,0)",122
tetragonal,122,I-42d,"(24,36,14)",a_ours_in_his,31d09faf7fb2bf6f;3c8373805b3b0aab;5e4688ed5001cc7c,31d09faf7fb2bf6f,1/2;33/64;9/16;37/64;19/32;39/64;5/8;11/16;45/64;3/4;797/1000;4/5;13/16;33/40;17/20;9/10;1;65/64;33/32;17/16;9/8;37/32;19/16;39/32;5/4;103/80;83/64;209/160;21/16;11/8;7/5;113/80;3/2;38/25;1239/800;25/16;51/32;103/64;13/8;27/16;55/32;7/4;113/64;57/32;29/16;59/32;119/64;15/8;31/16;125/64;63/32;127/64;2;9/4;5/2;11/4;3;13/4;3497/1000;7/2,1,797/1000,"(0,0,1/8)",122
tetragonal,122,I-42d,"(24,37,15)",c_his_not_ours_P2_reproduced,,c26e327d2257fb55,,1,797/1000,"(87/250,59/250,0)",122
tetragonal,122,I-42d,"(24,38,16)",a_ours_in_his,a3a8447783e42486,269e16a00e4cdce6,227/160;57/40;29/20;3/2;38/25;7/4;15/8;31/16;63/32;127/64,1,7/2,"(109/250,87/250,109/1000)",122
tetragonal,122,I-42d,"(25,38,15)",c_his_not_ours_P2_reproduced,,1bd99286d052e5a8,,1,3497/1000,"(62/125,63/250,31/250)",122
tetragonal,122,I-42d,"(25,39,16)",c_his_not_ours_P2_reproduced,,766f6c4ceaacc612,,1,7/2,"(48/125,19/125,109/1000)",122
tetragonal,122,I-42d,"(25,40,17)",c_his_not_ours_P2_reproduced,,e99bbb8f22772ba9,,1,797/1000,"(23/50,67/250,1/8)",122
tetragonal,122,I-42d,"(26,39,15)",a_ours_in_his,c10281b956e50c34;caf680c78915ba1d,d648a739129d46df,12141/16000;3047/4000;1547/2000;797/1000;4/5;1;69/64;35/32;9/8;79/64;5/4;421/320;53/40;7/5;113/80;227/160;57/40;29/20;59/40;237/160;3/2;38/25;49/32;99/64;2501/1600;631/400;327/200;677/400;1377/800;111/64;7/4;15/8;31/16;63/32;127/64;2;9/4;19/8;39/16,1,797/1000,"(21/50,0,1/8)",122
tetragonal,122,I-42d,"(26,40,16)",c_his_not_ours_P2_reproduced,,c0535dbc56fae564,,1,5/4,"(1245/2518,619/1259,0)",122
tetragonal,122,I-42d,"(26,41,17)",c_his_not_ours_P2_reproduced,,77988cdd0d8b5eea,,1,7/2,"(109/250,19/125,109/1000)",122
tetragonal,122,I-42d,"(27,41,16)",c_his_not_ours_P2_reproduced,,462ff29cee0e656a,,1,797/1000,"(62/125,61/125,0)",122
tetragonal,122,I-42d,"(27,42,17)",c_his_not_ours_P2_reproduced,,3f53e9ccae66336f,,1,5/4,"(592/1259,875/2518,627/5036)",122
tetragonal,122,I-42d,"(28,42,16)",a_ours_in_his,27c3157c53e6288d;5be2e092046ee24b;5ebc1b8c073a87a9;67d7f938f580079f;8c1c95e91814d6a2;99e39b85a778ce64;e4200db43401702b,fa6f650b6c2cf89f,1/2;33/64;17/32;9/16;5/8;43/64;11/16;3/4;6047/8000;12141/16000;3047/4000;12329/16000;1547/2000;797/1000;4/5;13/16;9/10;19/20;39/40;79/80;1;17/16;9/8;73/64;29/20;3/2;38/25;631/400;327/200;7/4;57/32;115/64;157/64;79/32;5/2;11/4;3;13/4;27/8;55/16;221/64;3497/1000;7/2,1,5/4,"(56/1259,111/2518,1131/10072)",122
tetragonal,122,I-42d,"(28,43,17)",c_his_not_ours_P2_reproduced,,12b33a8446c6958a,,1,797/1000,"(54/125,46/125,0)",122
tetragonal,122,I-42d,"(28,44,18)",c_his_not_ours_P2_reproduced,,053f922aa6a1570f,,1,7/2,"(23/50,26/125,9/200)",122
tetragonal,122,I-42d,"(29,44,17)",c_his_not_ours_P2_reproduced,,4bdb8bc2481e4302,,1,5/4,"(1/2,389/1259,389/5036)",122
tetragonal,122,I-42d,"(29,45,18)",c_his_not_ours_P2_reproduced,,0f25890454ced694,,1,5/4,"(546/1259,329/1259,1109/10072)",122
tetragonal,122,I-42d,"(30,45,17)",a_ours_in_his,21b95840a9be0aaf;4c8f59f850756091;59ec3e1d88f29e8b;a3906799b3b200e1,59ec3e1d88f29e8b,1/2;5/8;21/32;11/16;227/160;57/40;23/16;119/80;3/2;38/25;1239/800;157/64;79/32;5/2,1,5/4,"(115/1259,113/2518,57/5036)",122
tetragonal,122,I-42d,"(30,46,18)",c_his_not_ours_P2_reproduced,,bcc6ca45e9f92093,,1,797/1000,"(89/250,63/250,0)",122
tetragonal,122,I-42d,"(30,47,19)",c_his_not_ours_P2_reproduced,,b9d2f3e02e91b42b,,1,1157/1000,"(1/2,62/125,1/500)",122
tetragonal,122,I-42d,"(31,47,18)",c_his_not_ours_P2_reproduced,,8534b49823b5b2ed,,1,5/4,"(1/2,442/1259,221/2518)",122
tetragonal,122,I-42d,"(31,48,19)",c_his_not_ours_P2_reproduced,,04cf7ebc59b78be2,,1,5/4,"(617/1259,1225/2518,619/5036)",122
tetragonal,122,I-42d,"(32,48,18)",a_ours_in_his,81f7cb02d9bd215e;8c2cebc1a5598689;e5760549017956be;ed4e2709d136f0fc;f1d0ab0fb88d1c9d;f2ac84eeafc07509,f1d0ab0fb88d1c9d,1/2;17/32;35/64;5/8;21/32;45/64;23/32;3/4;6047/8000;3047/4000;6141/8000;797/1000;4/5;53/64;27/32;1;9/8;73/64;2501/1600;5/2;11/4;3;13/4,1,5/4,"(229/2518,227/2518,57/2518)",122
tetragonal,122,I-42d,"(32,49,19)",c_his_not_ours_P2_reproduced,,ce23b30e503bd44f,,1,797/1000,"(91/250,9/25,0)",122
tetragonal,122,I-42d,"(32,50,20)",c_his_not_ours_P2_reproduced,,ffdc99019d5d911a,,1,2,"(121/250,19/50,2/25)",122
tetragonal,122,I-42d,"(33,50,19)",c_his_not_ours_P2_reproduced,,fe0a475ad3202dee,,1,5/4,"(1/2,427/1259,427/5036)",122
tetragonal,122,I-42d,"(33,51,20)",c_his_not_ours_P2_reproduced,,4f07089d17fb3fe3,,1,5/4,"(544/1259,663/2518,136/1259)",122
tetragonal,122,I-42d,"(34,51,19)",a_ours_in_his,380af25f9f89e9cb;82552e4e499d0b46;844e2ca1a4cc7678;a61431a36c84685b;aa01fff49d9706e8,71f37842c4852a13,41/64;231/160;2639/1600;1331/800;677/400;7/4;113/64;29/16;9/4,1,5/4,"(1129/2518,1115/2518,565/5036)",122
tetragonal,122,I-42d,"(35,53,20)",c_his_not_ours_P2_reproduced,,fd377b3c66435c4a,,1,5/4,"(628/1259,1255/2518,1/8)",122
tetragonal,122,I-42d,"(35,54,21)",c_his_not_ours_P2_reproduced,,8105f5d7351c6f2e,,1,5/4,"(626/1259,1227/2518,8/1259)",122
tetragonal,122,I-42d,"(36,54,20)",a_ours_in_his,5af057df372beee8;60c6a7023f6e4280;e0d18e5ea938d649,5af057df372beee8,55/64;7/8;1;37/32;19/16;5/4;41/32;7/5;113/80;57/32;29/16;15/8;2;9/4;19/8;39/16,1,3497/1000,"(34/125,34/125,31/250)",122
tetragonal,122,I-42d,"(36,55,21)",c_his_not_ours_P2_reproduced,,6983d731cb2a7d98,,1,797/1000,"(1/2,62/125,1/500)",122
tetragonal,122,I-42d,"(36,56,22)",c_his_not_ours_P2_reproduced,,80c6852ba15c2e0f,,1,5/4,"(1/2,521/1259,555/10072)",122
tetragonal,122,I-42d,"(37,56,21)",c_his_not_ours_P2_reproduced,,dcfa9f11dde7eacf,,1,5/4,"(1/2,839/2518,839/10072)",122
tetragonal,122,I-42d,"(37,57,22)",c_his_not_ours_P2_reproduced,,da36eed0a2de2eee,,1,5/4,"(1247/2518,1067/2518,209/10072)",122
tetragonal,122,I-42d,"(38,57,21)",a_ours_in_his,3ad771f657b3824c,98a61efc5eba0318,1/2,1,5/4,"(1129/2518,687/2518,565/5036)",122
tetragonal,122,I-42d,"(38,58,22)",c_his_not_ours_P2_reproduced,,cae635b8a4544714,,1,571/500,"(59/125,41/125,3/50)",122
tetragonal,122,I-42d,"(38,59,23)",c_his_not_ours_P2_reproduced,,e234dcb12e2682f8,,1,5/4,"(1/2,592/1259,8/1259)",122
tetragonal,122,I-42d,"(39,59,22)",c_his_not_ours_P2_reproduced,,92f76d00568ef9fd,,1,3497/1000,"(123/250,33/125,123/1000)",122
tetragonal,122,I-42d,"(39,60,23)",c_his_not_ours_P2_reproduced,,160bb556f200ec2b,,1,5/4,"(629/1259,1233/2518,8/1259)",122
tetragonal,122,I-42d,"(40,60,22)",c_his_not_ours_P2_reproduced,,31632b281efbd6b1,,1,5/4,"(1129/2518,679/2518,565/5036)",122
tetragonal,122,I-42d,"(40,61,23)",c_his_not_ours_P2_reproduced,,33aa9b759d545f78,,1,821/1000,"(1/2,63/250,123/1000)",122
tetragonal,122,I-42d,"(41,62,23)",c_his_not_ours_P2_reproduced,,fbb59dfc5471f1b9,,1,797/1000,"(61/125,44/125,1/20)",122
tetragonal,122,I-42d,"(41,63,24)",c_his_not_ours_P2_reproduced,,c5387eb0d2640f14,,1,4/5,"(1/2,113/250,1/40)",122
tetragonal,122,I-42d,"(42,63,23)",c_his_not_ours_P2_reproduced,,572daa8dc4c66245,,1,797/1000,"(61/125,63/250,61/500)",122
tetragonal,122,I-42d,"(43,65,24)",c_his_not_ours_P2_reproduced,,e553a2f79e1b6ac4,,1,5/4,"(1/2,877/2518,877/10072)",122
tetragonal,122,I-42d,"(43,66,25)",c_his_not_ours_P2_reproduced,,ee575385643f9e6d,,1,5/4,"(629/1259,604/1259,16/1259)",122
tetragonal,122,I-42d,"(44,66,24)",c_his_not_ours_P2_reproduced,,bde1df08f1896aa8,,1,797/1000,"(62/125,63/250,31/250)",122
tetragonal,122,I-42d,"(44,67,25)",c_his_not_ours_P2_reproduced,,0db13fab856bfb43,,1,5/4,"(1/2,1257/2518,3/10072)",122
tetragonal,122,I-42d,"(45,68,25)",c_his_not_ours_P2_reproduced,,75b7cbc1e6297780,,1,797/1000,"(123/250,73/250,9/100)",122
tetragonal,122,I-42d,"(45,69,26)",c_his_not_ours_P2_reproduced,,196d02b8dd2fcf84,,1,5/4,"(1195/2518,667/2518,1195/10072)",122
tetragonal,122,I-42d,"(46,69,25)",c_his_not_ours_P2_reproduced,,024f18d461d57a3e,,1,797/1000,"(1/2,42/125,21/250)",122
tetragonal,122,I-42d,"(47,71,26)",c_his_not_ours_P2_reproduced,,baf086914da9c6fa,,1,821/1000,"(1/2,32/125,121/1000)",122
tetragonal,122,I-42d,"(47,72,27)",c_his_not_ours_P2_reproduced,,f1b8ce9fcab54c0e,,1,5/4,"(615/1259,667/2518,1195/10072)",122
tetragonal,122,I-42d,"(48,72,26)",c_his_not_ours_P2_reproduced,,1c0528a4a2abf53f,,1,797/1000,"(59/125,32/125,59/500)",122
tetragonal,122,I-42d,"(49,74,27)",c_his_not_ours_P2_reproduced,,3025c6cd65c993a9,,1,527/1000,"(123/250,73/250,9/100)",122
tetragonal,122,I-42d,"(49,75,28)",c_his_not_ours_P2_reproduced,,d05385803ba1b9dc,,1,5/4,"(1251/2518,967/2518,683/10072)",122
tetragonal,122,I-42d,"(50,75,27)",c_his_not_ours_P2_reproduced,,e86aacc369cb5a44,,1,797/1000,"(1/2,83/250,83/1000)",122
tetragonal,122,I-42d,"(51,77,28)",c_his_not_ours_P2_reproduced,,f4bfab5346b0b12d,,1,227/250,"(58/125,69/250,1/10)",122
tetragonal,122,I-42d,"(52,78,28)",c_his_not_ours_P2_reproduced,,9bf00e3660666ee9,,1,821/1000,"(62/125,32/125,121/1000)",122
tetragonal,122,I-42d,"(53,80,29)",c_his_not_ours_P2_reproduced,,ceebfc7689d5f921,,1,121/125,"(12/25,7/25,1/10)",122
tetragonal,122,I-42d,"(54,81,29)",c_his_not_ours_P2_reproduced,,8862caffc863aada,,1,5/4,"(622/1259,633/2518,1253/10072)",122
tetragonal,122,I-42d,"(56,84,30)",c_his_not_ours_P2_reproduced,,739a002f31af650e,,1,881/1000,"(58/125,63/250,123/1000)",122
tetragonal,122,I-42d,"(58,87,31)",c_his_not_ours_P2_reproduced,,591ede1ac87ee4b4,,1,5/4,"(629/1259,1249/2518,3/2518)",122
tetragonal,123,P4/mmm,"(6,9,5)",a_ours_in_his,a1053191a6317676,a1053191a6317676,1/2;3/4;797/1000;4/5;1;5/4;7/5;3/2;38/25;7/4;2;9/4;5/2;11/4;3;13/4;3497/1000;7/2,1,3497/1000,"(249/500,-1/500,0)",123
tetragonal,123,P4/mmm,"(8,12,6)",a_ours_in_his,e3faf0283734fac7,e3faf0283734fac7,1/2;3/4;797/1000;4/5;1;5/4;7/5;3/2;38/25;7/4;2;9/4;5/2;11/4;3;13/4;3497/1000;7/2,1,3497/1000,"(0,0,0)",123
tetragonal,124,P4/mcc,"(6,9,5)",a_ours_in_his,a1053191a6317676,a1053191a6317676,1/2;3/4;797/1000;4/5;1;5/4;7/5;3/2;38/25;7/4;2;9/4;5/2;11/4;3;13/4;3497/1000;7/2,1,3497/1000,"(62/125,0,1/4)",124
tetragonal,124,P4/mcc,"(8,12,6)",a_ours_in_his,e3faf0283734fac7,e3faf0283734fac7,1/2;3/4;797/1000;4/5;1;5/4;7/5;3/2;38/25;7/4;2;9/4;5/2;11/4;3;13/4;3497/1000;7/2,1,3497/1000,"(0,0,0)",124
tetragonal,124,P4/mcc,"(9,16,9)",c_his_not_ours_P2_reproduced,,cf917b63c9edf773,,1,4/5,"(57/250,-51/250,27/125)",124
tetragonal,124,P4/mcc,"(12,19,9)",a_ours_in_his,8e1a1fd6069d5392,8e1a1fd6069d5392,1/2;3/4;797/1000;4/5;19/20;1;5/4;7/5;3/2;38/25;7/4;2;9/4;5/2;11/4;3;13/4;3497/1000;7/2,1,3497/1000,"(249/500,-1/500,31/125)",124
tetragonal,124,P4/mcc,"(14,22,10)",a_ours_in_his,fe7ee18a2838e181,fe7ee18a2838e181,1/2;3/4;797/1000;4/5;9/10;37/40;15/16,1,3497/1000,"(237/500,-13/500,31/125)",124
tetragonal,124,P4/mcc,"(14,23,11)",a_ours_in_his,7824c3404ec7c532,7824c3404ec7c532,1/2;17/32;35/64;9/16;37/64;19/32;5/8;3/4;797/1000;4/5;1;5/4;7/5;3/2;38/25;7/4;2;9/4;5/2;11/4;3;13/4;3497/1000;7/2,1,3497/1000,"(249/500,-1/500,0)",124
tetragonal,124,P4/mcc,"(18,29,13)",a_ours_in_his,2626c0b5370635a6,2626c0b5370635a6,1/2;33/64;17/32;35/64;9/16;37/64,1,527/1000,"(41/100,-9/100,0)",124
tetragonal,125,P4/nbm,"(6,9,5)",a_ours_in_his,a1053191a6317676,a1053191a6317676,1/2;3/4;797/1000;4/5;1;5/4;7/5;3/2;38/25;7/4;2;9/4;5/2;11/4;3;13/4;3497/1000;7/2,1,3497/1000,"(249/500,-1/500,0)",125
tetragonal,125,P4/nbm,"(8,12,6)",a_ours_in_his,e3faf0283734fac7,e3faf0283734fac7,1/2;3/4;797/1000;4/5;1;5/4;7/5;3/2;38/25;7/4;2;9/4;5/2;11/4;3;13/4;3497/1000;7/2,1,3497/1000,"(0,0,0)",125
tetragonal,125,P4/nbm,"(8,14,8)",c_his_not_ours_not_stored,,,,1,4/5,"(17/50,0,1/20)",125
tetragonal,125,P4/nbm,"(10,16,8)",a_ours_in_his,342dd2988fa48b2c,,1/2;35/64;9/16;5/8;3/4;797/1000;4/5;1;5/4;7/5;3/2;38/25;7/4;2;9/4;5/2;11/4;3;13/4;3497/1000;7/2,1,3497/1000,"(62/125,0,1/4)",125
tetragonal,125,P4/nbm,"(14,22,10)",a_ours_in_his,7534d49b2a3cdb08,,1/2;17/32,1,3497/1000,"(54/125,0,1/500)",125
tetragonal,125,P4/nbm,"(14,23,11)",a_ours_in_his,7824c3404ec7c532,7824c3404ec7c532,17/32;9/16;37/64;19/32;39/64;5/8;43/64;11/16;45/64;23/32;3/4;12423/16000;1247/1600;3141/4000;797/1000;4/5;1;5/4;7/5;3/2;38/25;7/4;2;9/4;5/2;11/4;3;13/4;3497/1000;7/2,1,3497/1000,"(249/500,-1/500,1/4)",125
tetragonal,125,P4/nbm,"(18,29,13)",a_ours_in_his,2626c0b5370635a6,,1/2;33/64;17/32;35/64;9/16;19/32;39/64;5/8;21/32;11/16;3/4;1547/2000,1,3497/1000,"(97/500,-97/500,1/500)",125
tetragonal,126,P4/nnc,"(5,8,5)",c_his_not_ours_not_stored,,,,1,4/5,"(17/50,0,1/4)",126
tetragonal,126,P4/nnc,"(5,9,6)",c_his_not_ours_not_stored,,,,1,7/2,"(1/4,-27/500,2/125)",126
tetragonal,126,P4/nnc,"(6,9,5)",c_his_not_ours_P2_reproduced,,a1053191a6317676,,1,3497/1000,"(249/500,-1/500,0)",126
tetragonal,126,P4/nnc,"(6,11,7)",a_ours_in_his,d2d935e5499e6e11,,1,1,4/5,"(1/4,-9/100,1/4)",126
tetragonal,126,P4/nnc,"(7,11,6)",a_ours_in_his,a4d2e4badea1fc0f,,1,1,3497/1000,"(1/4,-123/500,1/500)",126
tetragonal,126,P4/nnc,"(8,12,6)",a_ours_in_his,e3faf0283734fac7,,1/2;37/64;19/32;5/8;3/4;797/1000;4/5;33/40;17/20;9/10;1;65/64;33/32;17/16;9/8;37/32;19/16;5/4;83/64;21/16;11/8;7/5;3/2;38/25;7/4;2;9/4;5/2;11/4;3;13/4;3497/1000;7/2,1,3497/1000,"(0,0,0)",126
tetragonal,126,P4/nnc,"(8,13,7)",a_ours_in_his,d724d08efce3fe5f,,1/2;37/64;19/32;5/8;23/32;3/4;797/1000;4/5;33/40;17/20;9/10;59/64;15/16;1;65/64;33/32;17/16;35/32;9/8;37/32;19/16;79/64;5/4;83/64;209/160;53/40;87/64;11/8;7/5;3/2;38/25;7/4;2;9/4;5/2;11/4;3;13/4;3497/1000;7/2,1,3497/1000,"(1/4,-123/500,1/4)",126
tetragonal,126,P4/nnc,"(9,16,9)",b_ours_not_his,0c6ba5cadd15c06e,,2,0,,,
tetragonal,126,P4/nnc,"(10,15,7)",c_his_not_ours_not_stored,,,,1,3497/1000,"(1/4,-111/500,1/500)",126
tetragonal,126,P4/nnc,"(11,20,11)",c_his_not_ours_not_stored,,,,1,5/4,"(43/100,-7/100,9/50)",126
tetragonal,126,P4/nnc,"(12,18,8)",b_ours_not_his,9b7039e0c295ff94,,1/2;9/16;3/4;797/1000;4/5;13/16;9/10;19/20;39/40;79/80;1;9/8;73/64;5/4;41/32,0,,,
tetragonal,126,P4/nnc,"(13,20,9)",b_ours_not_his,82a5a88ccba80d26,,25/16;13/8;2777/1600;7/4;2;129/64;65/32;33/16;17/8;9/4;157/64;79/32;5/2;11/4;3;13/4;111/32;3497/1000;7/2,0,,,
tetragonal,126,P4/nnc,"(13,22,11)",c_his_not_ours_not_stored,,,,1,7/2,"(38/125,0,2/125)",126
tetragonal,126,P4/nnc,"(14,21,9)",a_ours_in_his,dcc0a70baf02d3d7,,1/2;9/16;5/8;11/16;45/64;3/4;797/1000;4/5;13/16;7/8;9/10;29/32;19/20;39/40;79/80;1;17/16;69/64;9/8;73/64;19/16;39/32;5/4;103/80;21/16;43/32,1,797/1000,"(1/4,-9/100,1/4)",126
tetragonal,126,P4/nnc,"(14,23,11)",a_ours_in_his,7824c3404ec7c532,,9/8;77/64;39/32;5/4;7/5;3/2;38/25;7/4;2;9/4;5/2;11/4;3;13/4;3497/1000;7/2,1,3497/1000,"(62/125,0,31/125)",126
tetragonal,126,P4/nnc,"(16,24,10)",b_ours_not_his,35953737803092f0,,1/2;3/4;797/1000;4/5;1;5/4;7/5;3/2;38/25;49/32;99/64;327/200;677/400;1377/800;7/4;15/8;31/16;63/32;127/64;2;9/4;19/8;39/16;5/2;11/4;3;13/4;27/8;55/16;221/64,0,,,
tetragonal,126,P4/nnc,"(17,28,13)",c_his_not_ours_not_stored,,,,1,1/2,"(2/5,0,1/5)",126
tetragonal,126,P4/nnc,"(18,28,12)",b_ours_not_his,c1824c64dfbb3615,,227/160;57/40;29/20;3/2;38/25;7/4;2;9/4;5/2;11/4;3;13/4;3497/1000;7/2,0,,,
tetragonal,126,P4/nnc,"(18,29,13)",a_ours_in_his,2626c0b5370635a6,,23/32;3/4;797/1000;4/5;1;9/8;19/16,1,3497/1000,"(28/125,-28/125,1/500)",126
tetragonal,126,P4/nnc,"(20,31,13)",a_ours_in_his,32b4d3d2ab4957a6,,1/2;5/8;11/16;45/64;3/4;797/1000;4/5;33/40;67/80,1,3497/1000,"(59/125,0,1/500)",126
tetragonal,126,P4/nnc,"(24,36,14)",b_ours_not_his,31d09faf7fb2bf6f,,1/2;3/4;797/1000;4/5;1;5/4;7/5;113/80,0,,,
tetragonal,126,P4/nnc,"(24,37,15)",a_ours_in_his,d70cf5c792428eab,,17/20;9/10;1;17/16;35/32;71/64,1,3497/1000,"(56/125,0,1/250)",126
tetragonal,127,P4/mbm,"(6,9,5)",a_ours_in_his,a1053191a6317676,a1053191a6317676,1/2;3/4;797/1000;4/5;1;5/4;7/5;3/2;38/25;7/4;2;9/4;5/2;11/4;3;13/4;3497/1000;7/2,1,3497/1000,"(31/125,-31/125,0)",127
tetragonal,127,P4/mbm,"(8,12,6)",a_ours_in_his,e3faf0283734fac7,e3faf0283734fac7,1/2;3/4;797/1000;4/5;1;5/4;7/5;3/2;38/25;7/4;2;9/4;5/2;11/4;3;13/4;3497/1000;7/2,1,3497/1000,"(0,0,0)",127
tetragonal,127,P4/mbm,"(10,15,7)",a_ours_in_his,52392121966e66eb,52392121966e66eb,1/2;3/4;797/1000;4/5;1;5/4;7/5;3/2;38/25;7/4;2;9/4;5/2;11/4;3;13/4;3497/1000;7/2,1,3497/1000,"(249/500,-1/500,0)",127
tetragonal,128,P4/mnc,"(5,9,6)",c_his_not_ours_P2_reproduced,,8f286dc3c145b5c1,,1,7/2,"(38/125,0,117/500)",128
tetragonal,128,P4/mnc,"(6,9,5)",c_his_not_ours_P2_reproduced,,a1053191a6317676,,1,3497/1000,"(31/125,-31/125,1/4)",128
tetragonal,128,P4/mnc,"(6,11,7)",a_ours_in_his,d2d935e5499e6e11,d2d935e5499e6e11,1,1,4/5,"(17/50,0,0)",128
tetragonal,128,P4/mnc,"(7,11,6)",a_ours_in_his,a4d2e4badea1fc0f,26df90c2289ea27c,1,1,3497/1000,"(62/125,0,31/125)",128
tetragonal,128,P4/mnc,"(8,12,6)",a_ours_in_his,e3faf0283734fac7,e3faf0283734fac7,1/2;3/4;797/1000;4/5;33/40;17/20;9/10;1;65/64;33/32;17/16;9/8;37/32;19/16;5/4;7/5;3/2;38/25;7/4;2;9/4;5/2;11/4;3;13/4;3497/1000;7/2,1,3497/1000,"(0,0,1/4)",128
tetragonal,128,P4/mnc,"(8,13,7)",a_ours_in_his,d724d08efce3fe5f,d724d08efce3fe5f,37/64;19/32;5/8;23/32;3/4;797/1000;4/5;33/40;17/20;9/10;1;65/64;33/32;17/16;9/8;37/32;19/16;79/64;5/4;83/64;209/160;53/40;7/5;3/2;38/25;7/4;2;9/4;5/2;11/4;3;13/4;3497/1000;7/2,1,3497/1000,"(62/125,0,0)",128
tetragonal,128,P4/mnc,"(9,16,9)",b_ours_not_his,0c6ba5cadd15c06e,,2,0,,,
tetragonal,128,P4/mnc,"(10,15,7)",a_ours_in_his,52392121966e66eb,52392121966e66eb,1/2;3/4;797/1000;4/5;1;5/4;7/5;3/2;38/25;7/4;2;9/4;5/2;11/4;3;13/4;3497/1000;7/2,1,3497/1000,"(249/500,-1/500,0)",128
tetragonal,128,P4/mnc,"(12,18,8)",a_ours_in_his,9b7039e0c295ff94,9b7039e0c295ff94,1/2;3/4;797/1000;4/5;13/16;9/10;19/20;39/40;79/80;1;9/8;73/64,1,797/1000,"(17/100,-17/100,0)",128
tetragonal,128,P4/mnc,"(12,19,9)",c_his_not_ours_P2_reproduced,,51c57281ce2acc32,,1,4/5,"(81/250,-17/250,16/125)",128
tetragonal,128,P4/mnc,"(13,20,9)",a_ours_in_his,82a5a88ccba80d26,82a5a88ccba80d26,25/16;13/8;2777/1600;7/4;2;129/64;65/32;33/16;17/8;9/4;157/64;79/32;5/2;11/4;3;13/4;111/32;3497/1000;7/2,1,3497/1000,"(0,0,26/125)",128
tetragonal,128,P4/mnc,"(13,21,10)",c_his_not_ours_P2_reproduced,,26638b8bb291fc63,,1,7/2,"(151/500,-1/500,117/500)",128
tetragonal,128,P4/mnc,"(14,21,9)",a_ours_in_his,339e92c4209e1e59;dcc0a70baf02d3d7,339e92c4209e1e59,1/2;9/16;19/32;39/64;5/8;11/16;45/64;3/4;797/1000;4/5;13/16;9/10;19/20;39/40;79/80;1;9/8;73/64;19/16;39/32;5/4;103/80,1,3497/1000,"(47/100,-1/500,31/125)",128
tetragonal,128,P4/mnc,"(14,22,10)",a_ours_in_his,619b6d447540877f,619b6d447540877f,23/32;3/4;797/1000;4/5;1;9/8;5/4;7/5;3/2;38/25;7/4;2;9/4;5/2;11/4;3;13/4;3497/1000;7/2,1,3497/1000,"(247/500,-1/500,123/500)",128
tetragonal,128,P4/mnc,"(16,24,10)",a_ours_in_his,35953737803092f0,35953737803092f0,1/2;3/4;797/1000;4/5;1;5/4;7/5;3/2;38/25;49/32;99/64;327/200;677/400;1377/800;7/4;15/8;31/16;63/32;127/64;2;9/4;19/8;39/16;5/2;11/4;3;13/4;27/8;55/16;221/64,1,3497/1000,"(0,0,31/125)",128
tetragonal,128,P4/mnc,"(17,28,13)",a_ours_in_his,607da7953fa0fa4e,607da7953fa0fa4e,1,1,4/5,"(169/500,-1/500,0)",128
tetragonal,128,P4/mnc,"(18,27,11)",a_ours_in_his,98c931691e70cf8a,98c931691e70cf8a,1/2;5/8;11/16;45/64;3/4;797/1000;4/5;1;17/16;35/32;71/64,1,3497/1000,"(213/500,-23/500,31/125)",128
tetragonal,128,P4/mnc,"(18,28,12)",a_ours_in_his,c1824c64dfbb3615,c1824c64dfbb3615,227/160;57/40;29/20;3/2;38/25;7/4;2;9/4;5/2;11/4;3;13/4;3497/1000;7/2,1,3497/1000,"(0,0,0)",128
tetragonal,128,P4/mnc,"(18,29,13)",a_ours_in_his,206c7c14af9927b2,206c7c14af9927b2,1/2;37/64;19/32;5/8;23/32;3/4;797/1000;4/5;33/40;17/20;9/10;37/40;19/20;1;65/64;33/32;17/16;35/32;9/8;5/4;7/5;3/2;38/25;7/4;2;9/4;5/2;11/4;3;13/4;3497/1000;7/2,1,3497/1000,"(247/500,-1/500,0)",128
tetragonal,128,P4/mnc,"(21,32,13)",a_ours_in_his,845f058b04ddb75c,845f058b04ddb75c,1/2;33/64;9/16;19/32;39/64,1,797/1000,"(167/500,-1/500,0)",128
tetragonal,128,P4/mnc,"(24,36,14)",a_ours_in_his,31d09faf7fb2bf6f,31d09faf7fb2bf6f,1/2;3/4;797/1000;4/5;1;5/4;7/5;113/80,1,797/1000,"(0,0,0)",128
tetragonal,128,P4/mnc,"(25,38,15)",a_ours_in_his,7b0441c8ac019b55,7b0441c8ac019b55,1/2;17/32;9/16;5/8;11/16;45/64;3/4;797/1000;4/5;13/16;9/10;73/80;19/20;39/40;79/80;1;17/16;69/64,1,797/1000,"(169/500,-1/500,0)",128
tetragonal,129,P4/nmm,"(5,8,5)",c_his_not_ours_not_stored,,,,1,4/5,"(17/50,0,1/4)",129
tetragonal,129,P4/nmm,"(6,9,5)",a_ours_in_his,a1053191a6317676,a1053191a6317676,1/2;9/16;5/8;3/4;797/1000;4/5;1;37/32;19/16;5/4;7/5;3/2;38/25;7/4;2;9/4;5/2;11/4;3;13/4;3497/1000;7/2,1,3497/1000,"(249/500,-1/500,0)",129
tetragonal,129,P4/nmm,"(6,11,7)",a_ours_in_his,d2d935e5499e6e11,,3/4;1,1,4/5,"(1/4,-9/100,1/4)",129
tetragonal,129,P4/nmm,"(7,11,6)",b_ours_not_his,a4d2e4badea1fc0f,,1,0,,,
tetragonal,129,P4/nmm,"(8,12,6)",a_ours_in_his,e3faf0283734fac7,e3faf0283734fac7,1/2;3/4;797/1000;4/5;33/40;17/20;7/8;9/10;19/20;1;65/64;33/32;17/16;71/64;9/8;37/32;19/16;79/64;5/4;427/320;43/32;109/80;7/5;3/2;38/25;2501/1600;631/400;327/200;7/4;2;9/4;5/2;11/4;3;13/4;3497/1000;7/2,1,3497/1000,"(0,0,0)",129
tetragonal,129,P4/nmm,"(8,13,7)",a_ours_in_his,d724d08efce3fe5f,,37/64;19/32;5/8;43/64;11/16;23/32;3/4;12047/16000;6047/8000;3047/4000;1547/2000;12423/16000;1247/1600;3141/4000;797/1000;4/5;33/40;17/20;7/8;9/10;19/20;1;65/64;33/32;17/16;71/64;9/8;37/32;19/16;79/64;5/4;83/64;209/160;53/40;427/320;43/32;109/80;439/320;221/160;7/5;227/160;57/40;29/20;239/160;3/2;38/25;2501/1600;631/400;327/200;2639/1600;1331/800;677/400;2777/1600;7/4;2;9/4;5/2;11/4;3;13/4;3497/1000;7/2,1,3497/1000,"(1/4,-123/500,1/4)",129
tetragonal,129,P4/nmm,"(10,15,7)",a_ours_in_his,ca9a19039647d676,,1/2;17/32;35/64;3/4;797/1000;4/5;1;9/8;73/64,1,3497/1000,"(56/125,0,1/500)",129
tetragonal,129,P4/nmm,"(12,18,8)",b_ours_not_his,9b7039e0c295ff94,,1/2;3/4;797/1000;4/5;13/16;17/20;69/80;9/10;37/40;15/16;19/20;39/40;79/80;1;33/32;67/64;17/16;35/32;9/8;73/64;19/16;39/32;5/4;53/40;427/320;7/5;3/2;38/25;1239/800,0,,,
tetragonal,129,P4/nmm,"(14,21,9)",a_ours_in_his,dcc0a70baf02d3d7,,1/2;9/16;19/32;39/64;5/8;21/32;11/16;45/64;23/32;47/64;3/4;1547/2000;797/1000;4/5;13/16;17/20;69/80;9/10;37/40;15/16;19/20;39/40;79/80;1;33/32;67/64;17/16;35/32;9/8;73/64;19/16;39/32;5/4;103/80;83/64;53/40;427/320;109/80;7/5;113/80;29/20;59/40;119/80;3/2;38/25;1239/800;327/200;677/400;1377/800,1,3497/1000,"(1/4,-99/500,1/500)",129
tetragonal,129,P4/nmm,"(14,24,12)",b_ours_not_his,1da02fe6c7c6eb73,,3/2,0,,,
tetragonal,129,P4/nmm,"(18,28,12)",b_ours_not_his,c1824c64dfbb3615,,227/160;57/40;23/16;29/20;3/2;1201/800;601/400;301/200;151/100;38/25;327/200;7/4;61/32;31/16;2;9/4;5/2;41/16;21/8;11/4;3;13/4;3497/1000;7/2,0,,,
tetragonal,129,P4/nmm,"(24,36,14)",b_ours_not_his,31d09faf7fb2bf6f,,1/2;3/4;797/1000;4/5;1;5/4;11/8;7/5;45/32;113/80;91/64;29/20;59/40;119/80;239/160;3/2;38/25;631/400;257/160;2593/1600;7/4;15/8;121/64;2;9/4;5/2;81/32;163/64,0,,,
tetragonal,130,P4/ncc,"(6,9,5)",c_his_not_ours_P2_reproduced,,a1053191a6317676,,1,3497/1000,"(249/500,-1/500,0)",130
tetragonal,130,P4/ncc,"(6,11,7)",c_his_not_ours_not_stored,,,,1,2,"(1/4,-9/100,1/20)",130
tetragonal,130,P4/ncc,"(8,12,6)",a_ours_in_his,e3faf0283734fac7,e3faf0283734fac7,1/2;3/4;797/1000;4/5;1;5/4;7/5;3/2;38/25;7/4;2;9/4;5/2;11/4;3;13/4;3497/1000;7/2,1,3497/1000,"(0,0,0)",130
tetragonal,130,P4/ncc,"(8,13,7)",c_his_not_ours_not_stored,,,,1,3497/1000,"(1/4,-123/500,1/500)",130
tetragonal,130,P4/ncc,"(9,16,9)",c_his_not_ours_not_stored,,,,1,5/4,"(3/20,-3/20,6/125)",130
tetragonal,130,P4/ncc,"(10,16,8)",c_his_not_ours_not_stored,,,,1,3497/1000,"(62/125,0,1/4)",130
tetragonal,130,P4/ncc,"(12,19,9)",c_his_not_ours_not_stored,,,,1,3497/1000,"(249/500,-1/500,31/125)",130
tetragonal,130,P4/ncc,"(14,21,9)",c_his_not_ours_not_stored,,,,1,3497/1000,"(1/4,-111/500,1/500)",130
tetragonal,130,P4/ncc,"(14,22,10)",c_his_not_ours_P2_reproduced,,fe7ee18a2838e181,,1,3497/1000,"(28/125,-28/125,1/500)",130
tetragonal,130,P4/ncc,"(14,23,11)",a_ours_in_his,7824c3404ec7c532,,1/2;17/32;9/16;37/64;19/32;5/8;3/4;797/1000;4/5;1;5/4;7/5;3/2;38/25;7/4;2;9/4;5/2;11/4;3;13/4;3497/1000;7/2,1,3497/1000,"(249/500,-1/500,1/4)",130
tetragonal,130,P4/ncc,"(14,24,12)",b_ours_not_his,1da02fe6c7c6eb73,,3,0,,,
tetragonal,130,P4/ncc,"(15,25,12)",c_his_not_ours_not_stored,,,,1,4/5,"(4/25,0,9/100)",130
tetragonal,130,P4/ncc,"(16,26,12)",a_ours_in_his,c56e8a772aacdc9a,,71/64;9/8;5/4;7/5;3/2;38/25;7/4;2;9/4;147/64;37/16;19/8;5/2;11/4;3;13/4;3497/1000;7/2,1,3497/1000,"(62/125,0,31/125)",130
tetragonal,130,P4/ncc,"(17,29,14)",c_his_not_ours_not_stored,,,,1,4/5,"(173/500,-3/20,57/500)",130
tetragonal,130,P4/ncc,"(18,28,12)",b_ours_not_his,c1824c64dfbb3615,,91/32;23/8;3;193/64;97/32;49/16;25/8;13/4;3497/1000;7/2,0,,,
tetragonal,130,P4/ncc,"(18,29,13)",a_ours_in_his,2626c0b5370635a6,,1/2;33/64;9/16,1,527/1000,"(223/500,-27/500,1/4)",130
tetragonal,130,P4/ncc,"(19,31,14)",c_his_not_ours_not_stored,,,,1,4/5,"(217/500,-9/500,21/100)",130
tetragonal,130,P4/ncc,"(20,31,13)",a_ours_in_his,d84f3b8159a92b4b,,1/2;3/4;797/1000;4/5;17/20;69/80,1,3497/1000,"(59/125,0,1/500)",130
tetragonal,130,P4/ncc,"(20,32,14)",a_ours_in_his,04b26311800821b8,,39/40;1;17/16;35/32,1,3497/1000,"(113/500,-111/500,1/500)",130
tetragonal,130,P4/ncc,"(22,34,14)",a_ours_in_his,05578fa7044fded7,,1/2;3/4;797/1000;4/5;1;9/8,1,3497/1000,"(52/125,0,31/125)",130
tetragonal,130,P4/ncc,"(24,36,14)",b_ours_not_his,31d09faf7fb2bf6f,,1/2;3/4;797/1000;4/5;1;5/4;7/5;3/2;38/25;7/4;2;9/4;5/2;11/4;45/16;181/64;23/8;47/16;95/32;191/64;3;13/4;7/2,0,,,
tetragonal,130,P4/ncc,"(24,37,15)",c_his_not_ours_not_stored,,,,1,527/1000,"(209/500,-37/500,31/125)",130
tetragonal,130,P4/ncc,"(26,40,16)",a_ours_in_his,db9ffdbe1d267b0a,,73/64;37/32;19/16;5/4;7/5;3/2;38/25;7/4;2;9/4;73/32,1,3497/1000,"(59/125,0,31/125)",130
tetragonal,130,P4/ncc,"(26,41,17)",a_ours_in_his,34020552fab1d2e4,34020552fab1d2e4,7/8;9/10;19/20;77/80,1,3497/1000,"(28/125,-11/50,1/500)",130
tetragonal,131,P4_2/mmc,"(6,9,5)",a_ours_in_his,a1053191a6317676,a1053191a6317676,1/2;3/4;797/1000;4/5;1;5/4;7/5;3/2;38/25;7/4;2;9/4;5/2;11/4;3;13/4;3497/1000;7/2,1,3497/1000,"(62/125,0,1/4)",131
tetragonal,131,P4_2/mmc,"(7,11,6)",a_ours_in_his,a4d2e4badea1fc0f,a4d2e4badea1fc0f,1/2;1,1,7/2,"(87/250,-19/125,117/500)",131
tetragonal,131,P4_2/mmc,"(8,12,6)",a_ours_in_his,e3faf0283734fac7,e3faf0283734fac7,1/2;33/64;17/32;9/16;37/64;19/32;5/8;23/32;3/4;797/1000;4/5;33/40;17/20;9/10;37/40;19/20;1;65/64;33/32;17/16;35/32;9/8;37/32;19/16;5/4;7/5;3/2;38/25;7/4;15/8;2;9/4;5/2;11/4;3;13/4;3497/1000;7/2,1,3497/1000,"(0,0,0)",131
tetragonal,131,P4_2/mmc,"(8,13,7)",a_ours_in_his,59efe85d44daca83,59efe85d44daca83,1;3/2;2,1,7/2,"(49/250,0,117/500)",131
tetragonal,131,P4_2/mmc,"(9,16,9)",b_ours_not_his,0c6ba5cadd15c06e,,2,0,,,
tetragonal,131,P4_2/mmc,"(10,15,7)",a_ours_in_his,52392121966e66eb;ca9a19039647d676,52392121966e66eb,1/2;23/32;3/4;797/1000;4/5;33/40;17/20;7/8;9/10;1;65/64;33/32;17/16;9/8;37/32;19/16;79/64;5/4;7/5;227/160;57/40;29/20;3/2;1201/800;601/400;301/200;151/100;38/25;2547/1600;257/160;327/200;2777/1600;7/4;29/16;117/64;59/32;119/64;15/8;2;129/64;65/32;33/16;17/8;9/4;5/2;11/4;3;13/4;3497/1000;7/2,1,3497/1000,"(107/250,0,107/500)",131
tetragonal,131,P4_2/mmc,"(10,16,8)",a_ours_in_his,61a294835c4c4a23,61a294835c4c4a23,1,1,4/5,"(4/25,0,0)",131
tetragonal,131,P4_2/mmc,"(12,18,8)",a_ours_in_his,9b7039e0c295ff94;fd9a9f68ec1db422,9b7039e0c295ff94,1/2;9/16;37/64;19/32;5/8;11/16;45/64;23/32;3/4;797/1000;4/5;13/16;33/40;17/20;69/80;9/10;73/80;59/64;15/16;19/20;39/40;79/80;1;65/64;33/32;17/16;69/64;35/32;9/8;73/64;37/32;19/16;39/32;79/64;5/4;83/64;209/160;53/40;87/64;11/8;7/5;113/80;29/20;59/40;119/80;239/160;3/2;38/25;631/400;257/160;2593/1600;327/200;677/400;1377/800;7/4;29/16;15/8;31/16;63/32;127/64;2;33/16;67/32;135/64;17/8;35/16;71/32;143/64;9/4;5/2;11/4;3;13/4;3497/1000;7/2,1,3497/1000,"(62/125,0,31/125)",131
tetragonal,131,P4_2/mmc,"(13,20,9)",a_ours_in_his,82a5a88ccba80d26,82a5a88ccba80d26,25/16;13/8;2777/1600;7/4;2;129/64;65/32;33/16;17/8;9/4;157/64;79/32;5/2;11/4;3;13/4;111/32;3497/1000;7/2,1,3497/1000,"(1/2,0,26/125)",131
tetragonal,131,P4_2/mmc,"(16,24,10)",a_ours_in_his,35953737803092f0,35953737803092f0,1/2;9/16;5/8;11/16;45/64;3/4;797/1000;4/5;13/16;7/8;9/10;29/32;19/20;39/40;79/80;1;17/16;69/64;9/8;73/64;19/16;39/32;5/4;103/80;21/16;43/32;7/5;3/2;38/25;49/32;99/64;327/200;677/400;1377/800;7/4;15/8;31/16;63/32;127/64;2;9/4;19/8;39/16;5/2;11/4;3;13/4;27/8;55/16;221/64,1,3497/1000,"(1/2,0,31/125)",131
tetragonal,131,P4_2/mmc,"(18,28,12)",a_ours_in_his,c1824c64dfbb3615,c1824c64dfbb3615,227/160;57/40;29/20;3/2;38/25;7/4;2;9/4;5/2;11/4;3;13/4;3497/1000;7/2,1,3497/1000,"(1/2,0,0)",131
tetragonal,131,P4_2/mmc,"(24,36,14)",a_ours_in_his,31d09faf7fb2bf6f,31d09faf7fb2bf6f,1/2;3/4;797/1000;4/5;1;5/4;7/5;113/80,1,797/1000,"(1/2,0,0)",131
tetragonal,132,P4_2/mcm,"(6,9,5)",a_ours_in_his,a1053191a6317676,a1053191a6317676,1/2;3/4;797/1000;4/5;1;5/4;7/5;3/2;38/25;7/4;2;9/4;5/2;11/4;3;13/4;3497/1000;7/2,1,3497/1000,"(62/125,0,1/4)",132
tetragonal,132,P4_2/mcm,"(8,12,6)",a_ours_in_his,e3faf0283734fac7,e3faf0283734fac7,1/2;3/4;797/1000;4/5;1;5/4;7/5;3/2;38/25;7/4;2;9/4;5/2;11/4;3;13/4;3497/1000;7/2,1,3497/1000,"(0,0,0)",132
tetragonal,132,P4_2/mcm,"(8,13,7)",c_his_not_ours_P2_reproduced,,59efe85d44daca83,,1,7/2,"(201/500,-49/500,121/500)",132
tetragonal,132,P4_2/mcm,"(9,16,9)",a_ours_in_his,0c6ba5cadd15c06e,0c6ba5cadd15c06e,3/2,1,4/5,"(2/25,-2/25,1/25)",132
tetragonal,132,P4_2/mcm,"(10,15,7)",a_ours_in_his,52392121966e66eb,52392121966e66eb,67/64;17/16;71/64;9/8;5/4;7/5;3/2;38/25;7/4;2;9/4;5/2;11/4;3;13/4;3497/1000;7/2,1,3497/1000,"(249/500,-1/500,31/125)",132
tetragonal,132,P4_2/mcm,"(10,16,8)",c_his_not_ours_P2_reproduced,,61a294835c4c4a23,,1,4/5,"(17/50,-4/25,0)",132
tetragonal,132,P4_2/mcm,"(12,18,8)",a_ours_in_his,9b7039e0c295ff94;fd9a9f68ec1db422,fd9a9f68ec1db422,1/2;37/64;19/32;5/8;41/64;21/32;43/64;11/16;23/32;47/64;3/4;12141/16000;3047/4000;1547/2000;797/1000;4/5;33/40;17/20;69/80;7/8;9/10;1;33/32;17/16;35/32;5/4;7/5;3/2;38/25;7/4;2;9/4;5/2;11/4;3;13/4;3497/1000;7/2,1,3497/1000,"(249/500,-1/500,0)",132
tetragonal,132,P4_2/mcm,"(13,20,9)",a_ours_in_his,82a5a88ccba80d26,82a5a88ccba80d26,37/40;19/20;1;17/16;9/8;37/32;19/16;79/64;5/4;83/64;209/160;53/40;427/320;43/32;109/80;7/5;227/160;57/40;29/20;3/2;1201/800;601/400;301/200;151/100;38/25;327/200;2777/1600;7/4;2;9/4;5/2;11/4;3;13/4;3497/1000;7/2,1,3497/1000,"(1/4,-1/4,57/250)",132
tetragonal,132,P4_2/mcm,"(14,24,12)",a_ours_in_his,1da02fe6c7c6eb73,1da02fe6c7c6eb73,1,1,4/5,"(1/10,-1/10,0)",132
tetragonal,132,P4_2/mcm,"(16,24,10)",a_ours_in_his,35953737803092f0,35953737803092f0,1/2;9/16;5/8;21/32;11/16;45/64;23/32;47/64;3/4;6047/8000;797/1000;4/5;13/16;17/20;7/8;71/80;9/10;73/80;1;33/32;67/64;9/8;73/64;19/16;39/32;5/4;103/80;53/40;7/5;113/80;29/20;59/40;119/80;239/160;3/2;38/25;631/400;257/160;2593/1600;327/200;677/400;1377/800,1,3497/1000,"(1/4,-1/4,31/125)",132
tetragonal,132,P4_2/mcm,"(18,28,12)",a_ours_in_his,c1824c64dfbb3615,c1824c64dfbb3615,9/16;5/8;3/4;797/1000;4/5;7/8;9/10;19/20;1;65/64;33/32;17/16;9/8;5/4;7/5;3/2;38/25;7/4;2;9/4;5/2;11/4;3;13/4;3497/1000;7/2,1,3497/1000,"(1/4,-1/4,0)",132
tetragonal,132,P4_2/mcm,"(24,36,14)",a_ours_in_his,31d09faf7fb2bf6f,31d09faf7fb2bf6f,1/2;17/32;35/64;5/8;11/16;23/32;47/64;3/4;797/1000;4/5;17/20;69/80;7/8;9/10;37/40;15/16;19/20;31/32;39/40;63/64;79/80,1,797/1000,"(1/4,-1/4,0)",132
tetragonal,133,P4_2/nbc,"(6,9,5)",c_his_not_ours_not_stored,,,,1,3497/1000,"(249/500,-1/500,0)",133
tetragonal,133,P4_2/nbc,"(8,12,6)",a_ours_in_his,e3faf0283734fac7,e3faf0283734fac7,1/2;3/4;797/1000;4/5;1;5/4;7/5;3/2;38/25;7/4;2;9/4;5/2;11/4;3;13/4;3497/1000;7/2,1,3497/1000,"(0,0,0)",133
tetragonal,133,P4_2/nbc,"(9,16,9)",c_his_not_ours_not_stored,,,,1,4/5,"(1/4,-9/100,2/25)",133
tetragonal,133,P4_2/nbc,"(10,16,8)",c_his_not_ours_not_stored,,,,1,3497/1000,"(62/125,0,1/4)",133
tetragonal,133,P4_2/nbc,"(11,20,11)",c_his_not_ours_not_stored,,,,1,5/4,"(43/100,-7/100,9/50)",133
tetragonal,133,P4_2/nbc,"(12,18,8)",c_his_not_ours_not_stored,,,,1,3497/1000,"(62/125,0,0)",133
tetragonal,133,P4_2/nbc,"(13,20,9)",c_his_not_ours_not_stored,,,,1,3497/1000,"(1/4,-123/500,1/500)",133
tetragonal,133,P4_2/nbc,"(14,23,11)",a_ours_in_his,7824c3404ec7c532,,1/2;17/32;9/16;37/64;19/32;5/8;3/4;797/1000;4/5;1;5/4;7/5;3/2;38/25;7/4;2;9/4;5/2;11/4;3;13/4;3497/1000;7/2,1,3497/1000,"(249/500,-1/500,31/125)",133
tetragonal,133,P4_2/nbc,"(16,24,10)",c_his_not_ours_not_stored,,,,1,3497/1000,"(1/4,-111/500,31/125)",133
tetragonal,133,P4_2/nbc,"(18,28,12)",a_ours_in_his,c1824c64dfbb3615,,1/2;17/32;9/16;5/8;43/64;11/16;45/64;23/32;3/4;797/1000;4/5;1;5/4;7/5;3/2;38/25;7/4;2;9/4;5/2;11/4;3;13/4;3497/1000;7/2,1,3497/1000,"(1/4,-123/500,0)",133
tetragonal,133,P4_2/nbc,"(18,29,13)",a_ours_in_his,2626c0b5370635a6,2626c0b5370635a6,1/2;33/64;9/16,1,3497/1000,"(28/125,-28/125,1/500)",133
tetragonal,133,P4_2/nbc,"(21,33,14)",c_his_not_ours_not_stored,,,,1,7/5,"(3/20,-13/100,1/20)",133
tetragonal,133,P4_2/nbc,"(23,36,15)",c_his_not_ours_not_stored,,,,1,1/2,"(1/10,0,1/20)",133
tetragonal,133,P4_2/nbc,"(24,36,14)",a_ours_in_his,31d09faf7fb2bf6f;74076f8341f71199,,1/2;33/64;9/16;19/32;39/64;5/8;21/32;11/16;45/64;33/32;17/16;9/8;5/4;7/5;3/2;38/25;7/4;2;9/4;5/2;11/4;3;13/4;3497/1000;7/2,1,3497/1000,"(62/125,0,31/125)",133
tetragonal,133,P4_2/nbc,"(25,39,16)",c_his_not_ours_not_stored,,,,1,7/2,"(38/125,0,121/500)",133
tetragonal,133,P4_2/nbc,"(27,42,17)",c_his_not_ours_not_stored,,,,1,4/5,"(77/500,-51/500,1/20)",133
tetragonal,133,P4_2/nbc,"(28,42,16)",a_ours_in_his,5a7de3df1296531a;8ac4f8b1c6ca250e,,11/16;3/4;797/1000;4/5;71/80;9/10;1;65/64;9/8;19/16;39/32;79/64,1,3497/1000,"(59/125,0,31/125)",133
tetragonal,133,P4_2/nbc,"(30,45,17)",a_ours_in_his,5c6382a9ef3bc209;cc1e165a04008058,,1/2;5/8;41/64,1,3497/1000,"(103/250,0,31/125)",133
tetragonal,133,P4_2/nbc,"(32,48,18)",a_ours_in_his,3a7c6d5f00cde1ae,,21/32;43/64,1,3497/1000,"(79/250,0,1/250)",133
tetragonal,133,P4_2/nbc,"(34,51,19)",a_ours_in_his,05f9eab1c6915aef,,41/64;21/32;11/16;3/4;797/1000;4/5;17/20;7/8,1,3497/1000,"(56/125,0,31/125)",133
tetragonal,134,P4_2/nnm,"(5,8,5)",c_his_not_ours_not_stored,,,,1,4/5,"(17/50,0,1/4)",134
tetragonal,134,P4_2/nnm,"(5,9,6)",c_his_not_ours_not_stored,,,,1,7/2,"(1/4,-71/500,4/125)",134
tetragonal,134,P4_2/nnm,"(6,9,5)",c_his_not_ours_not_stored,,,,1,3497/1000,"(62/125,0,1/4)",134
tetragonal,134,P4_2/nnm,"(6,11,7)",b_ours_not_his,d2d935e5499e6e11,,1,0,,,
tetragonal,134,P4_2/nnm,"(7,11,6)",a_ours_in_his,a4d2e4badea1fc0f,,1,1,3497/1000,"(1/4,-89/500,9/250)",134
tetragonal,134,P4_2/nnm,"(8,12,6)",a_ours_in_his,e3faf0283734fac7,e3faf0283734fac7,1/2;3/4;797/1000;4/5;33/40;17/20;9/10;1;65/64;33/32;17/16;9/8;37/32;19/16;5/4;7/5;3/2;38/25;7/4;2;9/4;5/2;11/4;3;13/4;3497/1000;7/2,1,3497/1000,"(0,0,1/4)",134
tetragonal,134,P4_2/nnm,"(8,13,7)",a_ours_in_his,d724d08efce3fe5f,,1/2;37/64;19/32;5/8;23/32;3/4;797/1000;4/5;33/40;17/20;9/10;59/64;15/16;1;65/64;33/32;17/16;35/32;9/8;37/32;19/16;79/64;5/4;83/64;209/160;53/40;87/64;11/8;7/5;3/2;38/25;7/4;2;9/4;5/2;11/4;3;13/4;3497/1000;7/2,1,3497/1000,"(1/4,-123/500,1/4)",134
tetragonal,134,P4_2/nnm,"(9,16,9)",a_ours_in_his,0c6ba5cadd15c06e,,2,1,5/4,"(1/2,0,9/100)",134
tetragonal,134,P4_2/nnm,"(10,15,7)",c_his_not_ours_not_stored,,,,1,3497/1000,"(1/4,-123/500,1/500)",134
tetragonal,134,P4_2/nnm,"(10,16,8)",c_his_not_ours_not_stored,,,,1,4/5,"(41/100,-9/100,0)",134
tetragonal,134,P4_2/nnm,"(12,18,8)",a_ours_in_his,4097fba12952569e;9b7039e0c295ff94;fd9a9f68ec1db422,,1/2;37/64;19/32;5/8;23/32;3/4;797/1000;4/5;13/16;33/40;17/20;9/10;59/64;15/16;19/20;39/40;79/80;1;17/16;9/8;73/64;5/4;7/5;3/2;38/25;7/4;119/64;15/8;2;9/4;5/2;11/4;3;13/4;3497/1000;7/2,1,3497/1000,"(249/500,-1/500,0)",134
tetragonal,134,P4_2/nnm,"(12,19,9)",c_his_not_ours_not_stored,,,,1,7/2,"(38/125,0,2/125)",134
tetragonal,134,P4_2/nnm,"(13,20,9)",a_ours_in_his,82a5a88ccba80d26,82a5a88ccba80d26,79/64;5/4;7/5;227/160;57/40;29/20;3/2;38/25;25/16;13/8;2777/1600;7/4;2;129/64;65/32;33/16;17/8;9/4;157/64;79/32;5/2;11/4;3;13/4;111/32;3497/1000;7/2,1,3497/1000,"(1/4,-1/4,31/125)",134
tetragonal,134,P4_2/nnm,"(13,22,11)",c_his_not_ours_not_stored,,,,1,41/25,"(27/500,-27/500,9/100)",134
tetragonal,134,P4_2/nnm,"(14,21,9)",a_ours_in_his,dcc0a70baf02d3d7,,1/2;9/16;5/8;11/16;45/64;3/4;797/1000;4/5;13/16;7/8;9/10;29/32;19/20;39/40;79/80;1;17/16;69/64;9/8;73/64;19/16;39/32;5/4;103/80;21/16;43/32,1,797/1000,"(1/4,-123/500,1/4)",134
tetragonal,134,P4_2/nnm,"(14,22,10)",c_his_not_ours_not_stored,,,,1,4/5,"(93/250,0,1/5)",134
tetragonal,134,P4_2/nnm,"(14,24,12)",b_ours_not_his,1da02fe6c7c6eb73,,1,0,,,
tetragonal,134,P4_2/nnm,"(15,23,10)",c_his_not_ours_not_stored,,,,1,7/2,"(87/250,0,121/500)",134
tetragonal,134,P4_2/nnm,"(16,24,10)",a_ours_in_his,1811b0d16d82bdda;35953737803092f0,,1/2;9/16;5/8;11/16;45/64;23/32;3/4;797/1000;4/5;13/16;7/8;29/32;1;33/32;67/64;9/8;19/16;39/32;79/64;5/4;7/5;113/80;3/2;38/25;49/32;99/64;327/200;677/400;1377/800;7/4;29/16;59/32;15/8;31/16;63/32;127/64;2;9/4;19/8;39/16;5/2;11/4;3;13/4;27/8;55/16;221/64,1,3497/1000,"(58/125,0,29/125)",134
tetragonal,134,P4_2/nnm,"(16,25,11)",c_his_not_ours_not_stored,,,,1,4/5,"(43/125,-1/10,11/50)",134
tetragonal,134,P4_2/nnm,"(17,26,11)",a_ours_in_his,8fa1790edfd55a9f,,113/64;57/32;29/16;117/64;59/32;15/8;123/64;31/16;125/64;63/32;2;65/32;33/16;17/8;141/64;71/32;9/4;5/2;11/4;3;13/4;3497/1000;7/2,1,3497/1000,"(239/500,-11/500,57/250)",134
tetragonal,134,P4_2/nnm,"(18,27,11)",a_ours_in_his,0e291742552bfd85;3c177440d8084cb5,,1/2;5/8;11/16;45/64;3/4;797/1000;4/5;1;17/16;35/32;71/64;9/8;19/16;39/32,1,3497/1000,"(62/125,0,31/125)",134
tetragonal,134,P4_2/nnm,"(18,28,12)",a_ours_in_his,c1824c64dfbb3615,c1824c64dfbb3615,65/64;33/32;17/16;9/8;5/4;7/5;227/160;57/40;29/20;3/2;38/25;7/4;2;9/4;5/2;11/4;3;13/4;3497/1000;7/2,1,3497/1000,"(0,0,0)",134
tetragonal,134,P4_2/nnm,"(20,32,14)",a_ours_in_his,37e188e9b012345e,,2,1,7/2,"(49/250,-49/250,4/125)",134
tetragonal,134,P4_2/nnm,"(22,33,13)",a_ours_in_his,82b129fb96de7dae,,1/2;5/8;21/32;43/64,1,797/1000,"(42/125,0,31/125)",134
tetragonal,134,P4_2/nnm,"(22,35,15)",c_his_not_ours_not_stored,,,,1,7/2,"(19/125,-19/125,121/500)",134
tetragonal,134,P4_2/nnm,"(23,36,15)",a_ours_in_his,97fb7fde62d174ad,,1,1,4/5,"(8/125,-8/125,1/5)",134
tetragonal,134,P4_2/nnm,"(24,36,14)",a_ours_in_his,31d09faf7fb2bf6f,31d09faf7fb2bf6f,1/2;3/4;797/1000;4/5;9/10;19/20;39/40;79/80;1;5/4;7/5;113/80,1,797/1000,"(0,0,0)",134
tetragonal,134,P4_2/nnm,"(24,37,15)",a_ours_in_his,b8b72db4ab55a296,,37/32;19/16;79/64;5/4;7/5;227/160;57/40;29/20;3/2;38/25;327/200;2777/1600;7/4;29/16;59/32;119/64;15/8;61/32;123/64;31/16;2;129/64;65/32;33/16;17/8;35/16,1,3497/1000,"(12/25,-1/50,23/100)",134
tetragonal,134,P4_2/nnm,"(25,39,16)",a_ours_in_his,ea1baec328356a32,,1,1,4/5,"(109/500,-109/500,1/5)",134
tetragonal,134,P4_2/nnm,"(27,41,16)",a_ours_in_his,1722d568b932f832;27d2f55670d4f85c,,23/32;3/4;797/1000;4/5;33/40;17/20;7/8;9/10;1;65/64;33/32;17/16;9/8;5/4;7/5;113/80;3/2;38/25;631/400;257/160;2593/1600;327/200;677/400;1377/800;7/4;15/8;31/16;63/32;127/64,1,3497/1000,"(249/500,-1/500,31/125)",134
tetragonal,134,P4_2/nnm,"(30,45,17)",a_ours_in_his,cd4fb52572edcb73,,37/64;19/32;39/64;5/8;21/32;43/64;11/16;45/64;23/32;3/4;797/1000;4/5;13/16;17/20;69/80;9/10;19/20;39/40;79/80;1;9/8;73/64;19/16;39/32,1,797/1000,"(219/500,-31/500,47/250)",134
tetragonal,134,P4_2/nnm,"(34,51,19)",a_ours_in_his,205e338c517ee1e4,205e338c517ee1e4,1/2;9/16;19/32;5/8;41/64;21/32;43/64;11/16;45/64,1,797/1000,"(11/125,-11/125,1/500)",134
tetragonal,135,P4_2/mbc,"(6,9,5)",c_his_not_ours_P2_reproduced,,a1053191a6317676,,1,3497/1000,"(31/125,-31/125,1/4)",135
tetragonal,135,P4_2/mbc,"(8,12,6)",a_ours_in_his,e3faf0283734fac7,e3faf0283734fac7,1/2;3/4;797/1000;4/5;1;5/4;7/5;3/2;38/25;7/4;2;9/4;5/2;11/4;3;13/4;3497/1000;7/2,1,3497/1000,"(0,0,0)",135
tetragonal,135,P4_2/mbc,"(9,16,9)",c_his_not_ours_P2_reproduced,,0c6ba5cadd15c06e,,1,4/5,"(4/25,0,2/25)",135
tetragonal,135,P4_2/mbc,"(10,15,7)",a_ours_in_his,52392121966e66eb,52392121966e66eb,1/2;3/4;797/1000;4/5;1;5/4;7/5;3/2;38/25;7/4;2;9/4;5/2;11/4;3;13/4;3497/1000;7/2,1,3497/1000,"(249/500,-1/500,0)",135
tetragonal,135,P4_2/mbc,"(12,19,9)",c_his_not_ours_P2_reproduced,,8e1a1fd6069d5392,,1,3497/1000,"(31/125,-31/125,31/125)",135
tetragonal,135,P4_2/mbc,"(13,20,9)",c_his_not_ours_P2_reproduced,,82a5a88ccba80d26,,1,3497/1000,"(62/125,0,31/125)",135
tetragonal,135,P4_2/mbc,"(14,22,10)",c_his_not_ours_P2_reproduced,,fe7ee18a2838e181,,1,3497/1000,"(59/250,-59/250,31/125)",135
tetragonal,135,P4_2/mbc,"(14,23,11)",a_ours_in_his,7824c3404ec7c532,7824c3404ec7c532,17/32;9/16;37/64;19/32;5/8;3/4;797/1000;4/5;1;5/4;7/5;3/2;38/25;7/4;2;9/4;5/2;11/4;3;13/4;3497/1000;7/2,1,3497/1000,"(31/125,-31/125,0)",135
tetragonal,135,P4_2/mbc,"(15,24,11)",c_his_not_ours_P2_reproduced,,d9c367c64ebd6a73,,1,1/2,"(7/25,-1/5,22/125)",135
tetragonal,135,P4_2/mbc,"(16,24,10)",a_ours_in_his,35953737803092f0,35953737803092f0,1/2;9/16;19/32,1,3497/1000,"(59/125,0,31/125)",135
tetragonal,135,P4_2/mbc,"(18,27,11)",a_ours_in_his,3cfb144a2ce5e86d,3cfb144a2ce5e86d,43/64;11/16;47/64;3/4;797/1000;4/5;1;5/4;7/5;3/2;38/25;7/4;2;9/4;5/2;11/4;3;13/4;3497/1000;7/2,1,3497/1000,"(247/500,-1/500,123/500)",135
tetragonal,135,P4_2/mbc,"(18,28,12)",a_ours_in_his,c1824c64dfbb3615,c1824c64dfbb3615,17/32;9/16;5/8;43/64;11/16;23/32;3/4;797/1000;4/5;1;5/4;7/5;3/2;38/25;7/4;2;9/4;5/2;11/4;3;13/4;3497/1000;7/2,1,3497/1000,"(62/125,0,0)",135
tetragonal,135,P4_2/mbc,"(18,29,13)",a_ours_in_his,2626c0b5370635a6,2626c0b5370635a6,1/2;33/64;9/16,1,527/1000,"(49/250,-49/250,0)",135
tetragonal,135,P4_2/mbc,"(20,30,12)",a_ours_in_his,c128d63b9df85e43,c128d63b9df85e43,1/2;39/64;5/8;21/32;11/16;23/32,1,3497/1000,"(54/125,-1/25,31/125)",135
tetragonal,135,P4_2/mbc,"(24,36,14)",a_ours_in_his,31d09faf7fb2bf6f;6a8a2df1eaf9f29d,6a8a2df1eaf9f29d,1/2;33/64;17/32;9/16;19/32;39/64;5/8;21/32;11/16;45/64;3/4;797/1000;4/5;1;5/4;7/5;3/2;38/25;7/4;2;9/4;5/2;11/4;3;13/4;3497/1000;7/2,1,3497/1000,"(247/500,-1/500,0)",135
tetragonal,135,P4_2/mbc,"(28,42,16)",a_ours_in_his,8d5cf695b24cb063,8d5cf695b24cb063,1/2;17/32;35/64;9/16;37/64;19/32,1,527/1000,"(193/500,-13/500,0)",135
tetragonal,136,P4_2/mnm,"(5,9,6)",c_his_not_ours_P2_reproduced,,8f286dc3c145b5c1,,1,7/2,"(38/125,0,117/500)",136
tetragonal,136,P4_2/mnm,"(6,9,5)",c_his_not_ours_P2_reproduced,,a1053191a6317676,,1,3497/1000,"(249/500,-1/500,1/4)",136
tetragonal,136,P4_2/mnm,"(6,11,7)",a_ours_in_his,d2d935e5499e6e11,d2d935e5499e6e11,1,1,4/5,"(17/50,0,0)",136
tetragonal,136,P4_2/mnm,"(7,11,6)",c_his_not_ours_P2_reproduced,,26df90c2289ea27c,,1,3497/1000,"(62/125,0,31/125)",136
tetragonal,136,P4_2/mnm,"(8,12,6)",a_ours_in_his,e3faf0283734fac7,e3faf0283734fac7,1/2;3/4;797/1000;4/5;1;5/4;7/5;3/2;38/25;7/4;2;9/4;5/2;11/4;3;13/4;3497/1000;7/2,1,3497/1000,"(0,0,1/4)",136
tetragonal,136,P4_2/mnm,"(8,13,7)",a_ours_in_his,d724d08efce3fe5f,d724d08efce3fe5f,37/64;19/32;5/8;23/32;3/4;797/1000;4/5;33/40;17/20;9/10;1;65/64;33/32;17/16;9/8;37/32;19/16;79/64;5/4;83/64;209/160;53/40;7/5;3/2;38/25;7/4;2;9/4;5/2;11/4;3;13/4;3497/1000;7/2,1,3497/1000,"(62/125,0,0)",136
tetragonal,136,P4_2/mnm,"(9,14,7)",c_his_not_ours_P2_reproduced,,d72e899a19f4a743,,1,7/2,"(151/500,-1/500,117/500)",136
tetragonal,136,P4_2/mnm,"(9,16,9)",a_ours_in_his,0c6ba5cadd15c06e,0c6ba5cadd15c06e,2,1,5/4,"(1/4,-1/4,9/100)",136
tetragonal,136,P4_2/mnm,"(10,15,7)",a_ours_in_his,52392121966e66eb;e3b3aae804f2c179,52392121966e66eb,1/2;5/8;11/16;45/64;3/4;797/1000;4/5;1;17/16;35/32;71/64;73/64;37/32;19/16;5/4;83/64;209/160;53/40;7/5;3/2;38/25;7/4;2;9/4;5/2;11/4;3;13/4;3497/1000;7/2,1,3497/1000,"(249/500,-1/500,31/125)",136
tetragonal,136,P4_2/mnm,"(10,16,8)",c_his_not_ours_P2_reproduced,,61a294835c4c4a23,,1,4/5,"(17/50,-4/25,0)",136
tetragonal,136,P4_2/mnm,"(12,18,8)",a_ours_in_his,9b7039e0c295ff94;fd9a9f68ec1db422,fd9a9f68ec1db422,37/64;19/32;5/8;43/64;11/16;23/32;3/4;1547/2000;797/1000;4/5;33/40;17/20;9/10;37/40;15/16;19/20;1;17/16;69/64;35/32;9/8;73/64;37/32;19/16;5/4;103/80;7/5;3/2;38/25;7/4;2;9/4;5/2;11/4;3;13/4;3497/1000;7/2,1,3497/1000,"(249/500,-1/500,0)",136
tetragonal,136,P4_2/mnm,"(12,19,9)",a_ours_in_his,bff9a9e578e112a7,bff9a9e578e112a7,1,1,4/5,"(169/500,-1/500,0)",136
tetragonal,136,P4_2/mnm,"(13,20,9)",a_ours_in_his,82a5a88ccba80d26;cc7af78c512b51be,82a5a88ccba80d26,1;79/64;5/4;83/64;209/160;53/40;439/320;221/160;7/5;227/160;57/40;29/20;59/40;239/160;3/2;38/25;25/16;2547/1600;257/160;13/8;327/200;2731/1600;1377/800;2777/1600;7/4;117/64;59/32;15/8;31/16;2;129/64;65/32;33/16;67/32;17/8;9/4;157/64;79/32;5/2;11/4;3;13/4;111/32;3497/1000;7/2,1,3497/1000,"(1/4,-1/4,57/250)",136
tetragonal,136,P4_2/mnm,"(14,21,9)",a_ours_in_his,3f6b28d5f7a72d60;dcc0a70baf02d3d7,3f6b28d5f7a72d60,1/2;9/16;5/8;11/16;45/64;3/4;797/1000;4/5;13/16;9/10;73/80;19/20;39/40;79/80;1;17/16;69/64;9/8;73/64;19/16;39/32;5/4;103/80;7/5;113/80;3/2;38/25;631/400;257/160;2593/1600;327/200;677/400;1377/800;7/4;15/8;31/16;63/32;127/64,1,3497/1000,"(59/250,-59/250,31/125)",136
tetragonal,136,P4_2/mnm,"(14,24,12)",b_ours_not_his,1da02fe6c7c6eb73,,1,0,,,
tetragonal,136,P4_2/mnm,"(16,24,10)",a_ours_in_his,35953737803092f0,35953737803092f0,1/2;9/16;37/64;19/32;5/8;21/32;11/16;45/64;23/32;47/64;3/4;3047/4000;6141/8000;12329/16000;797/1000;4/5;13/16;33/40;17/20;9/10;73/80;37/40;19/20;1;65/64;33/32;67/64;17/16;35/32;9/8;37/32;19/16;39/32;79/64;5/4;103/80;53/40;109/80;7/5;113/80;227/160;57/40;29/20;117/80;47/32;59/40;119/80;3/2;38/25;49/32;99/64;631/400;327/200;677/400;1377/800;2777/1600;7/4;29/16;15/8;61/32;123/64;31/16;63/32;127/64;2;129/64;65/32;33/16;133/64;9/4;19/8;39/16;5/2;11/4;3;13/4;27/8;55/16;221/64,1,3497/1000,"(1/4,-1/4,31/125)",136
tetragonal,136,P4_2/mnm,"(18,28,12)",a_ours_in_his,c1824c64dfbb3615,c1824c64dfbb3615,65/64;33/32;17/16;9/8;77/64;39/32;5/4;21/16;11/8;7/5;227/160;57/40;29/20;3/2;38/25;7/4;2;9/4;5/2;11/4;3;13/4;3497/1000;7/2,1,3497/1000,"(0,0,0)",136
tetragonal,136,P4_2/mnm,"(19,30,13)",a_ours_in_his,b25a63276e96e094,b25a63276e96e094,1,1,4/5,"(17/100,-17/100,0)",136
tetragonal,136,P4_2/mnm,"(21,32,13)",a_ours_in_his,c6005fa4af1a744c,c6005fa4af1a744c,1/2;9/16;3/4;797/1000;4/5;13/16;9/10;19/20;39/40;79/80;1;9/8;73/64;5/4;41/32,1,797/1000,"(17/100,-17/100,0)",136
tetragonal,136,P4_2/mnm,"(24,36,14)",a_ours_in_his,31d09faf7fb2bf6f,31d09faf7fb2bf6f,1/2;37/64;19/32;5/8;3/4;797/1000;4/5;33/40;17/20;9/10;19/20;39/40;79/80;1;65/64;33/32;67/64;17/16;35/32;71/64;37/32;19/16;5/4;83/64;7/5;113/80,1,797/1000,"(0,0,0)",136
tetragonal,137,P4_2/nmc,"(5,8,5)",c_his_not_ours_not_stored,,,,1,4/5,"(17/50,0,1/4)",137
tetragonal,137,P4_2/nmc,"(6,9,5)",c_his_not_ours_P2_reproduced,,a1053191a6317676,,1,3497/1000,"(249/500,-1/500,0)",137
tetragonal,137,P4_2/nmc,"(6,11,7)",b_ours_not_his,d2d935e5499e6e11,,1,0,,,
tetragonal,137,P4_2/nmc,"(7,11,6)",a_ours_in_his,a4d2e4badea1fc0f,,1,1,7/2,"(49/250,-49/250,4/125)",137
tetragonal,137,P4_2/nmc,"(8,12,6)",a_ours_in_his,e3faf0283734fac7,,1/2;37/64;19/32;5/8;3/4;797/1000;4/5;33/40;17/20;9/10;1;65/64;33/32;17/16;9/8;37/32;19/16;5/4;83/64;21/16;11/8;7/5;3/2;38/25;7/4;2;9/4;147/64;37/16;19/8;5/2;11/4;3;13/4;3497/1000;7/2,1,3497/1000,"(0,0,0)",137
tetragonal,137,P4_2/nmc,"(8,13,7)",a_ours_in_his,d724d08efce3fe5f,,37/64;19/32;5/8;23/32;3/4;797/1000;4/5;33/40;17/20;9/10;1;65/64;33/32;17/16;9/8;37/32;19/16;79/64;5/4;83/64;209/160;53/40;7/5;3/2;38/25;7/4;2;9/4;5/2;11/4;3;13/4;3497/1000;7/2,1,3497/1000,"(1/4,-123/500,1/4)",137
tetragonal,137,P4_2/nmc,"(9,16,9)",b_ours_not_his,0c6ba5cadd15c06e,,2,0,,,
tetragonal,137,P4_2/nmc,"(10,15,7)",c_his_not_ours_not_stored,,,,1,3497/1000,"(71/250,-27/125,17/500)",137
tetragonal,137,P4_2/nmc,"(10,16,8)",a_ours_in_his,61a294835c4c4a23,,2,1,7/2,"(1/4,-71/500,4/125)",137
tetragonal,137,P4_2/nmc,"(11,19,10)",a_ours_in_his,7b1d7f753e6c14bc,,1,1,5/4,"(1/4,-1/20,24/125)",137
tetragonal,137,P4_2/nmc,"(12,18,8)",a_ours_in_his,9b7039e0c295ff94;fd9a9f68ec1db422,,1/2;9/16;5/8;11/16;45/64;23/32;3/4;797/1000;4/5;13/16;17/20;69/80;9/10;19/20;39/40;79/80;1;9/8;73/64;5/4;41/32;7/5;3/2;1201/800;601/400;301/200;151/100;38/25;2547/1600;257/160;327/200;2777/1600;7/4;117/64;59/32;15/8;2;129/64;65/32;33/16;17/8;9/4;73/32;37/16;19/8;157/64;79/32;5/2;83/32;167/64;21/8;11/4;3;13/4;3497/1000;7/2,1,3497/1000,"(62/125,0,0)",137
tetragonal,137,P4_2/nmc,"(13,20,9)",a_ours_in_his,82a5a88ccba80d26,,25/16;13/8;2777/1600;7/4;2;129/64;65/32;33/16;17/8;9/4;157/64;79/32;5/2;11/4;3;13/4;111/32;3497/1000;7/2,1,3497/1000,"(1/4,-1/4,31/125)",137
tetragonal,137,P4_2/nmc,"(14,21,9)",a_ours_in_his,7bde4c1d5a885234;dcc0a70baf02d3d7,,1/2;9/16;5/8;11/16;45/64;3/4;797/1000;4/5;13/16;7/8;9/10;19/20;39/40;79/80;1;17/16;35/32;71/64;9/8;73/64;19/16;39/32;5/4;103/80,1,3497/1000,"(141/500,-107/500,17/500)",137
tetragonal,137,P4_2/nmc,"(14,24,12)",b_ours_not_his,1da02fe6c7c6eb73,,3/4;3,0,,,
tetragonal,137,P4_2/nmc,"(15,25,12)",a_ours_in_his,7780851c54681bc6,,3/2,1,2,"(1/4,-9/100,1/20)",137
tetragonal,137,P4_2/nmc,"(16,24,10)",a_ours_in_his,35953737803092f0,,1/2;3/4;797/1000;4/5;1;5/4;7/5;3/2;38/25;49/32;99/64;327/200;677/400;1377/800;7/4;15/8;31/16;63/32;127/64;2;9/4;19/8;39/16;5/2;11/4;3;13/4;27/8;55/16;221/64,1,3497/1000,"(1/4,-1/4,1/25)",137
tetragonal,137,P4_2/nmc,"(18,28,12)",a_ours_in_his,32810102c8039911;c1824c64dfbb3615,,17/32;35/64;9/16;19/32;5/8;41/64;21/32;43/64;11/16;45/64;23/32;47/64;3/4;12047/16000;6047/8000;12141/16000;3047/4000;1547/2000;797/1000;4/5;13/16;33/40;17/20;69/80;7/8;9/10;19/20;39/40;79/80;1;65/64;33/32;17/16;9/8;73/64;37/32;19/16;39/32;79/64;5/4;7/5;113/80;227/160;57/40;29/20;59/40;119/80;239/160;3/2;38/25;631/400;257/160;2593/1600;327/200;677/400;1377/800;2777/1600;7/4;15/8;31/16;63/32;127/64;2;33/16;67/32;135/64;9/4;73/32;147/64;19/8;39/16;5/2;41/16;165/64;83/32;21/8;43/16;87/32;175/64;11/4;91/32;23/8;3;193/64;97/32;49/16;25/8;13/4;3497/1000;7/2,1,3497/1000,"(1/4,-1/4,1/4)",137
tetragonal,137,P4_2/nmc,"(22,34,14)",a_ours_in_his,6b1f36550e2f6ec6,,37/32;19/16;79/64;5/4;7/5;227/160;57/40;29/20;3/2;1201/800;601/400;301/200;151/100;38/25;631/400;327/200;677/400;1377/800;2777/1600;7/4;29/16;15/8;31/16;63/32;127/64;2;33/16;67/32;135/64;17/8;35/16;71/32;143/64,1,3497/1000,"(1/4,-123/500,1/500)",137
tetragonal,137,P4_2/nmc,"(24,36,14)",a_ours_in_his,31d09faf7fb2bf6f,,1/2;33/64;17/32;35/64;9/16;37/64;19/32;39/64;5/8;41/64;21/32;43/64;11/16;45/64;23/32;47/64;3/4;6047/8000;1547/2000;3141/4000;6329/8000;2541/3200;797/1000;4/5;1;5/4;7/5;113/80;3/2;38/25;7/4;2;9/4;5/2;11/4;45/16;181/64;23/8;47/16;95/32;191/64;3;13/4;7/2,1,797/1000,"(1/4,-1/4,1/4)",137
tetragonal,138,P4_2/ncm,"(6,9,5)",c_his_not_ours_not_stored,,,,1,3497/1000,"(249/500,-1/500,1/4)",138
tetragonal,138,P4_2/ncm,"(6,11,7)",c_his_not_ours_not_stored,,,,1,2,"(1/4,-9/100,1/20)",138
tetragonal,138,P4_2/ncm,"(7,11,6)",c_his_not_ours_not_stored,,,,1,4/5,"(41/100,-43/500,0)",138
tetragonal,138,P4_2/ncm,"(8,12,6)",a_ours_in_his,e3faf0283734fac7,e3faf0283734fac7,1/2;3/4;797/1000;4/5;1;5/4;7/5;3/2;38/25;7/4;2;9/4;5/2;11/4;3;13/4;3497/1000;7/2,1,3497/1000,"(0,0,1/4)",138
tetragonal,138,P4_2/ncm,"(8,13,7)",c_his_not_ours_not_stored,,,,1,3497/1000,"(1/4,-123/500,1/500)",138
tetragonal,138,P4_2/ncm,"(9,16,9)",c_his_not_ours_not_stored,,,,1,5/4,"(1/2,0,9/100)",138
tetragonal,138,P4_2/ncm,"(10,15,7)",c_his_not_ours_not_stored,,,,1,3497/1000,"(12/25,-1/50,23/100)",138
tetragonal,138,P4_2/ncm,"(10,16,8)",c_his_not_ours_not_stored,,,,1,3497/1000,"(62/125,0,1/4)",138
tetragonal,138,P4_2/ncm,"(12,18,8)",a_ours_in_his,4097fba12952569e;fd9a9f68ec1db422,,1/2;37/64;19/32;5/8;23/32;3/4;797/1000;4/5;33/40;17/20;9/10;59/64;15/16;1;5/4;7/5;229/160;23/16;29/20;3/2;38/25;7/4;2;9/4;75/32;19/8;5/2;11/4;3;13/4;3497/1000;7/2,1,3497/1000,"(249/500,-1/500,0)",138
tetragonal,138,P4_2/ncm,"(12,19,9)",c_his_not_ours_not_stored,,,,1,2,"(17/50,0,1/5)",138
tetragonal,138,P4_2/ncm,"(13,20,9)",a_ours_in_his,82a5a88ccba80d26,,79/64;5/4;7/5;227/160;57/40;29/20;3/2;38/25;2777/1600;7/4;2;9/4;5/2;11/4;3;13/4;3497/1000;7/2,1,3497/1000,"(1/2,0,57/250)",138
tetragonal,138,P4_2/ncm,"(14,21,9)",a_ours_in_his,dcc0a70baf02d3d7,dcc0a70baf02d3d7,23/32;3/4;797/1000;4/5;1;5/4;7/5;3/2;38/25;7/4;2;9/4;73/32,1,3497/1000,"(34/125,0,31/125)",138
tetragonal,138,P4_2/ncm,"(14,22,10)",c_his_not_ours_not_stored,,,,1,1/2,"(3/20,-9/100,1/20)",138
tetragonal,138,P4_2/ncm,"(14,23,11)",b_ours_not_his,7824c3404ec7c532,,17/32;9/16;37/64;19/32;5/8;3/4;797/1000;4/5;1;5/4;7/5;3/2;38/25;7/4;2;9/4;5/2;11/4;3;13/4;3497/1000;7/2,0,,,
tetragonal,138,P4_2/ncm,"(14,24,12)",b_ours_not_his,1da02fe6c7c6eb73,,1;3,0,,,
tetragonal,138,P4_2/ncm,"(15,23,10)",c_his_not_ours_not_stored,,,,1,7/2,"(87/250,-17/125,121/500)",138
tetragonal,138,P4_2/ncm,"(16,24,10)",a_ours_in_his,1811b0d16d82bdda;35953737803092f0;e127689d5833b02a,,1/2;35/64;9/16;5/8;11/16;45/64;3/4;797/1000;4/5;13/16;17/20;69/80;7/8;29/32;1;9/8;19/16;39/32;79/64;5/4;7/5;113/80;57/40;3/2;38/25;327/200;677/400;1377/800;147/64;37/16;149/64,1,3497/1000,"(58/125,0,29/125)",138
tetragonal,138,P4_2/ncm,"(17,26,11)",b_ours_not_his,8fa1790edfd55a9f,,121/64;61/32;123/64;31/16;2;67/32;17/8;71/32;9/4;147/64;37/16;151/64;19/8;159/64;5/2;81/32;41/16;21/8;11/4;3;13/4;3497/1000;7/2,0,,,
tetragonal,138,P4_2/ncm,"(18,27,11)",a_ours_in_his,15a334b4c643f5b6,,7/8;9/10;1;9/8;19/16;39/32,1,3497/1000,"(62/125,0,31/125)",138
tetragonal,138,P4_2/ncm,"(18,28,12)",a_ours_in_his,c1824c64dfbb3615,,65/64;33/32;17/16;9/8;5/4;7/5;3/2;38/25;7/4;2;9/4;5/2;11/4;91/32;23/8;3;193/64;97/32;49/16;25/8;13/4;3497/1000;7/2,1,3497/1000,"(0,0,0)",138
tetragonal,138,P4_2/ncm,"(18,29,13)",b_ours_not_his,2626c0b5370635a6,,1/2;33/64;9/16,0,,,
tetragonal,138,P4_2/ncm,"(20,30,12)",a_ours_in_his,230e451f710229a7,,1/2;17/32,1,797/1000,"(123/250,0,1/500)",138
tetragonal,138,P4_2/ncm,"(20,32,14)",b_ours_not_his,567d6e6c92a6ba19,,2,0,,,
tetragonal,138,P4_2/ncm,"(21,33,14)",b_ours_not_his,6eec925b71cecc49,,1,0,,,
tetragonal,138,P4_2/ncm,"(23,35,14)",b_ours_not_his,4a1fffe528971ffb,,23/32;3/4;797/1000;4/5;33/40;17/20;7/8;9/10;1;65/64;33/32;17/16;9/8;37/32;19/16;79/64;5/4;7/5;227/160;57/40;29/20;3/2;38/25;631/400;257/160;2593/1600;327/200;677/400;1377/800;7/4;15/8;31/16;63/32;127/64;2;33/16;67/32;135/64;9/4;73/32;147/64;19/8;39/16,0,,,
tetragonal,138,P4_2/ncm,"(24,36,14)",a_ours_in_his,31d09faf7fb2bf6f,,1/2;3/4;797/1000;4/5;9/10;19/20;39/40;79/80;1;5/4;7/5;3/2;38/25;7/4;2;9/4;5/2;11/4;45/16;181/64;23/8;47/16;95/32;191/64;3;13/4;7/2,1,797/1000,"(0,0,0)",138
tetragonal,138,P4_2/ncm,"(24,37,15)",b_ours_not_his,b8b72db4ab55a296,,327/200;2777/1600;7/4;15/8;61/32;2;129/64;65/32;33/16;133/64;67/32;135/64;17/8;35/16;141/64;9/4;73/32;37/16;75/32;157/64;79/32;5/2;161/64,0,,,
tetragonal,138,P4_2/ncm,"(26,39,15)",b_ours_not_his,1457e9a93eea5438,,17/32;35/64;9/16;19/32;39/64;5/8;41/64;21/32;11/16;45/64;3/4;797/1000;4/5;13/16;17/20;69/80;9/10;19/20;39/40;79/80;1;9/8;73/64;19/16;39/32;5/4;7/5;113/80,0,,,
tetragonal,138,P4_2/ncm,"(30,45,17)",b_ours_not_his,16a9b6f95073dfbb,,1/2;33/64;17/32;9/16;37/64;19/32;39/64;5/8;41/64,0,,,
tetragonal,139,I4/mmm,"(5,8,5)",a_ours_in_his,42bc5c5af1f296ae,42bc5c5af1f296ae,1,1,7/2,"(151/500,-1/500,117/500)",139
tetragonal,139,I4/mmm,"(5,9,6)",a_ours_in_his,8f286dc3c145b5c1,8f286dc3c145b5c1,1;3/2;2,1,7/2,"(38/125,0,117/500)",139
tetragonal,139,I4/mmm,"(6,9,5)",a_ours_in_his,a1053191a6317676,a1053191a6317676,1/2;37/64;19/32;5/8;23/32;3/4;797/1000;4/5;33/40;17/20;9/10;37/40;19/20;1;65/64;33/32;17/16;35/32;9/8;5/4;7/5;3/2;38/25;7/4;2;9/4;5/2;11/4;3;13/4;3497/1000;7/2,1,3497/1000,"(249/500,-1/500,0)",139
tetragonal,139,I4/mmm,"(6,11,7)",a_ours_in_his,d2d935e5499e6e11,d2d935e5499e6e11,1,1,4/5,"(17/50,0,0)",139
tetragonal,139,I4/mmm,"(7,11,6)",a_ours_in_his,26df90c2289ea27c;a4d2e4badea1fc0f,26df90c2289ea27c,23/32;3/4;797/1000;4/5;33/40;17/20;7/8;9/10;1;65/64;33/32;17/16;9/8;37/32;19/16;79/64;5/4;7/5;227/160;57/40;29/20;3/2;1201/800;601/400;301/200;151/100;38/25;2547/1600;257/160;327/200;2777/1600;7/4;117/64;59/32;15/8;2;129/64;65/32;33/16;17/8;9/4;5/2;11/4;3;13/4;3497/1000;7/2,1,3497/1000,"(62/125,0,31/125)",139
tetragonal,139,I4/mmm,"(8,12,6)",a_ours_in_his,d1fe8ecee64ce269;e3faf0283734fac7,e3faf0283734fac7,1/2;37/64;19/32;5/8;11/16;45/64;3/4;797/1000;4/5;33/40;17/20;9/10;1;65/64;33/32;17/16;35/32;71/64;9/8;37/32;19/16;79/64;5/4;83/64;21/16;11/8;7/5;227/160;57/40;29/20;3/2;38/25;327/200;2777/1600;7/4;2;129/64;65/32;33/16;17/8;9/4;5/2;11/4;3;13/4;3497/1000;7/2,1,3497/1000,"(0,0,1/4)",139
tetragonal,139,I4/mmm,"(8,13,7)",a_ours_in_his,d724d08efce3fe5f,d724d08efce3fe5f,1/2;37/64;19/32;5/8;23/32;3/4;797/1000;4/5;33/40;17/20;9/10;59/64;15/16;1;65/64;33/32;17/16;35/32;9/8;37/32;19/16;79/64;5/4;83/64;209/160;53/40;87/64;11/8;7/5;3/2;38/25;7/4;2;9/4;5/2;11/4;3;13/4;3497/1000;7/2,1,3497/1000,"(62/125,0,0)",139
tetragonal,139,I4/mmm,"(9,16,9)",b_ours_not_his,0c6ba5cadd15c06e,,2,0,,,
tetragonal,139,I4/mmm,"(10,15,7)",a_ours_in_his,ca9a19039647d676;e3b3aae804f2c179,e3b3aae804f2c179,1/2;9/16;5/8;11/16;45/64;3/4;797/1000;4/5;13/16;17/20;69/80;9/10;73/80;19/20;39/40;79/80;1;17/16;69/64;9/8;73/64;19/16;39/32;5/4;7/5;113/80;29/20;59/40;119/80;239/160;3/2;38/25;631/400;257/160;2593/1600;327/200;677/400;1377/800;7/4;29/16;15/8;31/16;63/32;127/64;2;33/16;67/32;135/64;17/8;35/16;71/32;143/64,1,3497/1000,"(59/125,0,31/125)",139
tetragonal,139,I4/mmm,"(12,18,8)",a_ours_in_his,9b7039e0c295ff94,9b7039e0c295ff94,1/2;9/16;3/4;797/1000;4/5;13/16;9/10;19/20;39/40;79/80;1;9/8;73/64;5/4;41/32,1,797/1000,"(17/100,-17/100,0)",139
tetragonal,139,I4/mmm,"(13,20,9)",a_ours_in_his,82a5a88ccba80d26,82a5a88ccba80d26,25/16;13/8;2777/1600;7/4;2;129/64;65/32;33/16;17/8;9/4;157/64;79/32;5/2;11/4;3;13/4;111/32;3497/1000;7/2,1,3497/1000,"(0,0,26/125)",139
tetragonal,139,I4/mmm,"(14,21,9)",a_ours_in_his,dcc0a70baf02d3d7,dcc0a70baf02d3d7,1/2;9/16;5/8;11/16;45/64;3/4;797/1000;4/5;13/16;7/8;9/10;29/32;19/20;39/40;79/80;1;17/16;69/64;9/8;73/64;19/16;39/32;5/4;103/80;21/16;43/32,1,797/1000,"(17/50,0,0)",139
tetragonal,139,I4/mmm,"(16,24,10)",a_ours_in_his,35953737803092f0,35953737803092f0,1/2;3/4;797/1000;4/5;1;5/4;7/5;3/2;38/25;49/32;99/64;327/200;677/400;1377/800;7/4;15/8;31/16;63/32;127/64;2;9/4;19/8;39/16;5/2;11/4;3;13/4;27/8;55/16;221/64,1,3497/1000,"(0,0,31/125)",139
tetragonal,139,I4/mmm,"(18,28,12)",a_ours_in_his,c1824c64dfbb3615,c1824c64dfbb3615,227/160;57/40;29/20;3/2;38/25;7/4;2;9/4;5/2;11/4;3;13/4;3497/1000;7/2,1,3497/1000,"(0,0,0)",139
tetragonal,139,I4/mmm,"(24,36,14)",a_ours_in_his,31d09faf7fb2bf6f,31d09faf7fb2bf6f,1/2;3/4;797/1000;4/5;1;5/4;7/5;113/80,1,797/1000,"(0,0,0)",139
tetragonal,140,I4/mcm,"(6,9,5)",a_ours_in_his,a1053191a6317676,a1053191a6317676,1/2;3/4;797/1000;4/5;1;5/4;7/5;3/2;38/25;7/4;2;9/4;5/2;11/4;3;13/4;3497/1000;7/2,1,3497/1000,"(249/500,-1/500,1/4)",140
tetragonal,140,I4/mcm,"(7,12,7)",c_his_not_ours_P2_reproduced,,5854e92f5cc6dde3,,1,7/2,"(28/125,-49/250,31/125)",140
tetragonal,140,I4/mcm,"(8,12,6)",a_ours_in_his,e3faf0283734fac7,e3faf0283734fac7,1/2;3/4;797/1000;4/5;1;5/4;7/5;3/2;38/25;7/4;2;9/4;5/2;11/4;3;13/4;3497/1000;7/2,1,3497/1000,"(0,0,0)",140
tetragonal,140,I4/mcm,"(8,14,8)",b_ours_not_his,9b1c0d54955637e5,,1/2,0,,,
tetragonal,140,I4/mcm,"(9,14,7)",a_ours_in_his,9e6521c05bcbd3ea,9e6521c05bcbd3ea,1/2;3/4;797/1000;4/5;71/80;9/10;1;5/4;7/5;3/2;38/25;7/4;2;9/4;5/2;11/4;3;13/4;3497/1000;7/2,1,3497/1000,"(247/500,-1/500,123/500)",140
tetragonal,140,I4/mcm,"(9,16,9)",a_ours_in_his,cf917b63c9edf773,cf917b63c9edf773,1,1,5/4,"(2/5,-1/10,101/500)",140
tetragonal,140,I4/mcm,"(10,16,8)",a_ours_in_his,342dd2988fa48b2c,342dd2988fa48b2c,1/2;33/64;17/32;9/16;5/8;3/4;797/1000;4/5;1;5/4;7/5;3/2;38/25;7/4;2;9/4;5/2;11/4;3;13/4;3497/1000;7/2,1,3497/1000,"(247/500,-1/500,0)",140
tetragonal,140,I4/mcm,"(11,17,8)",a_ours_in_his,da212d4bfb576e6e,da212d4bfb576e6e,1/2;3/4;797/1000;4/5;17/20;7/8,1,3497/1000,"(47/100,-13/500,31/125)",140
tetragonal,140,I4/mcm,"(12,19,9)",a_ours_in_his,8e1a1fd6069d5392,8e1a1fd6069d5392,41/64;21/32;11/16;23/32;47/64;3/4;797/1000;4/5;33/40;17/20;9/10;1;65/64;33/32;17/16;9/8;5/4;7/5;3/2;38/25;7/4;2;9/4;5/2;11/4;3;13/4;3497/1000;7/2,1,3497/1000,"(249/500,-1/500,31/125)",140
tetragonal,140,I4/mcm,"(14,22,10)",a_ours_in_his,7534d49b2a3cdb08;fe7ee18a2838e181,fe7ee18a2838e181,1/2;17/32;35/64;5/8;11/16;45/64;23/32;3/4;797/1000;4/5;13/16;17/20;7/8;71/80;9/10;19/20;39/40;79/80,1,3497/1000,"(237/500,-13/500,31/125)",140
tetragonal,140,I4/mcm,"(14,23,11)",a_ours_in_his,7824c3404ec7c532,7824c3404ec7c532,1/2;17/32;9/16;37/64;19/32;5/8;3/4;797/1000;4/5;1;5/4;7/5;3/2;38/25;7/4;2;9/4;5/2;11/4;3;13/4;3497/1000;7/2,1,3497/1000,"(249/500,-1/500,0)",140
tetragonal,140,I4/mcm,"(18,29,13)",a_ours_in_his,2626c0b5370635a6,2626c0b5370635a6,1/2;33/64;9/16,1,527/1000,"(41/100,-9/100,0)",140
tetragonal,141,I4_1/amd,"(6,9,5)",b_ours_not_his,a1053191a6317676,,1,0,,,
tetragonal,141,I4_1/amd,"(7,11,6)",c_his_not_ours_not_stored,,,,1,7/2,"(13/50,9/50,9/200)",141
tetragonal,141,I4_1/amd,"(7,12,7)",c_his_not_ours_not_stored,,,,1,4/5,"(36/125,1/25,1/8)",141
tetragonal,141,I4_1/amd,"(8,12,6)",a_ours_in_his,e3faf0283734fac7,,1/2;37/64;19/32;5/8;3/4;797/1000;4/5;33/40;53/64;27/32;17/20;7/8;9/10;1;65/64;33/32;17/16;9/8;37/32;19/16;5/4;83/64;21/16;11/8;7/5;227/160;57/40;29/20;3/2;38/25;327/200;7/4;117/64;59/32;15/8;2;9/4;157/64;79/32;5/2;85/32;43/16;11/4;3;13/4;3497/1000;7/2,1,3497/1000,"(54/125,54/125,27/250)",141
tetragonal,141,I4_1/amd,"(8,13,7)",a_ours_in_his,59efe85d44daca83,,2,1,3497/1000,"(62/125,0,1/8)",141
tetragonal,141,I4_1/amd,"(8,14,8)",b_ours_not_his,11ee80fc3799d1eb,,2,0,,,
tetragonal,141,I4_1/amd,"(9,15,8)",c_his_not_ours_not_stored,,,,1,4/5,"(19/50,19/50,1/8)",141
tetragonal,141,I4_1/amd,"(10,15,7)",a_ours_in_his,52392121966e66eb,,129/64;65/32;33/16;17/8;9/4;157/64;79/32;5/2;11/4;91/32;23/8;3;13/4;27729/8000;3497/1000;7/2,1,3497/1000,"(1/2,0,21/250)",141
tetragonal,141,I4_1/amd,"(10,16,8)",a_ours_in_his,519d875aa973e258,,1,1,4/5,"(1/5,2/125,1/20)",141
tetragonal,141,I4_1/amd,"(10,18,10)",a_ours_in_his,1b0972bcbf773402,,2,1,2,"(0,0,1/8)",141
tetragonal,141,I4_1/amd,"(11,17,8)",c_his_not_ours_not_stored,,,,1,7/2,"(53/125,53/125,117/1000)",141
tetragonal,141,I4_1/amd,"(11,19,10)",b_ours_not_his,b39783cb7395f454,,2,0,,,
tetragonal,141,I4_1/amd,"(12,18,8)",a_ours_in_his,abfdf73c2f298784;e73fedd244190768;ea9086a7f597b73b;fd9a9f68ec1db422,abfdf73c2f298784,37/64;19/32;5/8;3/4;13/16;33/40;17/20;9/10;1;65/64;33/32;17/16;9/8;73/64;37/32;19/16;5/4;83/64;21/16;53/40;11/8;7/5;113/80;227/160;57/40;29/20;3/2;38/25;631/400;257/160;2593/1600;7/4;29/16;2;129/64;65/32;33/16;17/8;35/16;71/32;143/64;9/4;19/8;39/16;157/64;79/32;5/2;21/8;169/64;11/4;3;13/4;3497/1000;7/2,1,3497/1000,"(0,0,0)",141
tetragonal,141,I4_1/amd,"(12,19,9)",c_his_not_ours_not_stored,,,,1,4/5,"(1/25,1/25,1/8)",141
tetragonal,141,I4_1/amd,"(12,20,10)",a_ours_in_his,b19b176b005235de,,129/64;65/32;33/16;17/8;9/4;5/2;11/4;3;13/4;3497/1000;7/2,1,3497/1000,"(0,0,1/8)",141
tetragonal,141,I4_1/amd,"(13,20,9)",c_his_not_ours_not_stored,,,,1,797/1000,"(62/125,0,1/8)",141
tetragonal,141,I4_1/amd,"(14,21,9)",a_ours_in_his,2a089105ae08c36d;2ae9d568eb9bfb4c;7bde4c1d5a885234;dcc0a70baf02d3d7;f478cd4934ed8ab6,,1/2;9/16;37/64;19/32;5/8;43/64;11/16;23/32;3/4;6047/8000;12141/16000;3047/4000;1547/2000;797/1000;4/5;13/16;9/10;19/20;39/40;79/80;1;17/16;69/64;35/32;71/64;9/8;73/64;5/4;41/32;103/80;209/160;421/320;227/160;57/40;29/20;3/2;38/25;7/4;15/8;31/16;63/32;127/64;9/4;19/8;39/16,1,3497/1000,"(62/125,62/125,31/250)",141
tetragonal,141,I4_1/amd,"(14,22,10)",c_his_not_ours_not_stored,,,,1,797/1000,"(19/50,19/50,1/8)",141
tetragonal,141,I4_1/amd,"(14,24,12)",b_ours_not_his,1da02fe6c7c6eb73;9acb8f9a91b47b51,,1;2,0,,,
tetragonal,141,I4_1/amd,"(15,23,10)",c_his_not_ours_not_stored,,,,1,797/1000,"(44/125,17/250,1/10)",141
tetragonal,141,I4_1/amd,"(15,24,11)",c_his_not_ours_not_stored,,,,1,7/2,"(1/2,87/250,117/1000)",141
tetragonal,141,I4_1/amd,"(15,25,12)",a_ours_in_his,818521767ac611bd,,1,1,4/5,"(1/2,19/50,1/8)",141
tetragonal,141,I4_1/amd,"(16,24,10)",a_ours_in_his,4af32e5d248c23da;a69e19eb2dcae98b;d0db3b3d60ce68a2,,1/2;9/16;5/8;21/32;43/64;11/16;45/64;3/4;797/1000;4/5;13/16;33/40;17/20;9/10;37/40;15/16;19/20;39/40;79/80;1;33/32;67/64;17/16;9/8;73/64;5/4;41/32,1,797/1000,"(26/125,26/125,1/8)",141
tetragonal,141,I4_1/amd,"(16,25,11)",c_his_not_ours_not_stored,,,,1,797/1000,"(62/125,62/125,0)",141
tetragonal,141,I4_1/amd,"(16,26,12)",a_ours_in_his,d1c13a36caa38829,,3/2;2,1,5/4,"(1/2,7/25,7/100)",141
tetragonal,141,I4_1/amd,"(16,27,13)",b_ours_not_his,7d5559ec4f268c7c,,2,0,,,
tetragonal,141,I4_1/amd,"(17,26,11)",a_ours_in_his,be5b1b5360c30bf4,,2777/1600;7/4;2;129/64;65/32;33/16;17/8;9/4;19/8;39/16;157/64;79/32;5/2;11/4;91/32;23/8;3;13/4;6747/2000;13741/4000;55211/16000;3497/1000;7/2,1,3497/1000,"(1/2,0,13/125)",141
tetragonal,141,I4_1/amd,"(17,27,12)",a_ours_in_his,9da8963ab70c9719,,65/64;33/32;17/16;9/8;37/32;19/16;79/64;5/4;83/64;209/160;53/40;7/5;227/160;57/40;29/20;3/2;38/25;327/200;7/4;15/8;31/16;63/32;127/64,1,797/1000,"(56/125,81/250,3/25)",141
tetragonal,141,I4_1/amd,"(18,27,11)",a_ours_in_his,6869d9adc5f8c737,,1/2;9/16;5/8;21/32;11/16;23/32;47/64,1,797/1000,"(62/125,0,0)",141
tetragonal,141,I4_1/amd,"(18,28,12)",a_ours_in_his,8b7f38eb72520356;c1824c64dfbb3615;f2338eb96662d54f,,227/160;57/40;29/20;3/2;1201/800;601/400;301/200;151/100;38/25;2547/1600;257/160;327/200;2777/1600;7/4;117/64;59/32;15/8;2;129/64;65/32;33/16;17/8;9/4;5/2;11/4;3;13/4;6747/2000;13741/4000;55211/16000;27729/8000;3497/1000;7/2,1,4/5,"(47/125,7/125,2/25)",141
tetragonal,141,I4_1/amd,"(19,29,12)",c_his_not_ours_not_stored,,,,1,797/1000,"(2/5,19/50,1/10)",141
tetragonal,141,I4_1/amd,"(19,30,13)",b_ours_not_his,ae628f6d86085d69,,1,0,,,
tetragonal,141,I4_1/amd,"(20,30,12)",a_ours_in_his,10424bd99b31c5f2,,1201/800;601/400;301/200;151/100;38/25;2547/1600;257/160;327/200;677/400;1377/800;2777/1600;7/4;117/64;59/32;15/8;2;17/8;9/4;19/8;39/16;5/2;11/4;45/16;181/64;3;13/4;3497/1000;7/2,1,3497/1000,"(1/2,62/125,0)",141
tetragonal,141,I4_1/amd,"(20,31,13)",a_ours_in_his,6fe445ec5becddde;9ccf2947d0051c0c;e956ba4b05a47f01,,1/2;43/64;11/16;3/4;797/1000;4/5;33/40;17/20;7/8;9/10;19/20;39/40;79/80;1;9/8;73/64;19/16;39/32;5/4;103/80;7/5;3/2;38/25;1239/800;25/16;13/8;2777/1600;7/4;2;129/64;65/32;33/16;17/8;9/4;19/8;39/16;157/64;79/32;5/2;11/4;3;13/4;6747/2000;13741/4000;55211/16000;3497/1000;7/2,1,797/1000,"(0,0,1/8)",141
tetragonal,141,I4_1/amd,"(20,32,14)",a_ours_in_his,925e5163e8cf6e42,,1/2;5/8;21/32;3/4;797/1000;4/5;13/16;9/10;37/40;15/16,1,797/1000,"(1/2,19/50,1/8)",141
tetragonal,141,I4_1/amd,"(21,32,13)",a_ours_in_his,07db8b31cf7776c5;0d55f30856d2734f,,65/64;33/32;17/16;69/64;35/32;71/64;9/8;37/32;19/16;79/64;5/4;203/160;103/80;53/40;7/5;29/20;59/40;119/80;239/160;3/2;38/25;2501/1600;631/400;257/160;2593/1600;327/200;677/400;1377/800;7/4;29/16;15/8;31/16;63/32;127/64;2;33/16;67/32;135/64;17/8;35/16;71/32;143/64,1,3497/1000,"(1/2,0,31/250)",141
tetragonal,141,I4_1/amd,"(21,33,14)",a_ours_in_his,9d6af8d171ee45f1,,1/2;1,1,527/1000,"(56/125,81/250,3/25)",141
tetragonal,141,I4_1/amd,"(22,33,13)",a_ours_in_his,3d3095468486d3ff,,7/4;2;9/4;157/64;79/32;5/2;11/4;45/16;181/64,1,3497/1000,"(1/2,123/250,1/1000)",141
tetragonal,141,I4_1/amd,"(22,34,14)",a_ours_in_his,779fb53b92dfc3fe;9cab1436007f3c03,,33/40;17/20;9/10;1;5/4;7/5;113/80;27729/8000;111/32;3497/1000;7/2,1,4/5,"(2/5,12/125,1/10)",141
tetragonal,141,I4_1/amd,"(23,35,14)",a_ours_in_his,4a1fffe528971ffb;686f3af67d8e9d60,,1/2;33/64;17/32;9/16;37/64;19/32;5/8;43/64;11/16;23/32;47/64;3/4;797/1000;4/5;33/40;17/20;69/80;7/8;9/10;1;65/64;33/32;17/16;35/32;9/8;73/64;5/4;403/320;103/80;209/160;7/5;113/80;3/2;38/25;1239/800;631/400;257/160;2593/1600,1,797/1000,"(1/2,0,31/250)",141
tetragonal,141,I4_1/amd,"(23,36,15)",a_ours_in_his,974ed1256562acc3,,39/32;5/4;7/5;113/80,1,299/250,"(1/2,62/125,1/500)",141
tetragonal,141,I4_1/amd,"(24,36,14)",a_ours_in_his,2a3cf777c624752c;31d09faf7fb2bf6f,,1/2;3/4;12141/16000;3047/4000;1547/2000;797/1000;4/5;33/40;17/20;9/10;15/16;19/20;39/40;79/80;1;9/8;73/64;19/16;39/32;5/4;103/80;209/160;421/320;53/40;7/5;113/80;227/160;57/40;29/20;59/40;119/80;239/160;3/2;38/25;1239/800;2501/1600;631/400;257/160;2593/1600;13/8;327/200;27/16;677/400;55/32;1377/800;7/4;29/16;15/8;31/16;63/32;127/64;2;33/16;67/32;135/64;17/8;35/16;71/32;143/64,1,797/1000,"(97/250,97/250,97/1000)",141
tetragonal,141,I4_1/amd,"(24,37,15)",c_his_not_ours_not_stored,,,,1,1/2,"(53/125,101/250,3/50)",141
tetragonal,141,I4_1/amd,"(24,38,16)",a_ours_in_his,73c67ccc167782ff;a3a8447783e42486,,1/2;9/16;5/8;21/32;227/160;57/40;29/20;3/2;38/25;7/4;15/8;31/16;63/32;127/64,1,797/1000,"(1/2,62/125,0)",141
tetragonal,141,I4_1/amd,"(25,38,15)",c_his_not_ours_not_stored,,,,1,527/1000,"(2/5,2/5,1/10)",141
tetragonal,141,I4_1/amd,"(26,39,15)",a_ours_in_his,c10281b956e50c34;d648a739129d46df,,1/2;17/32;9/16;19/32;39/64;5/8;11/16;45/64;3/4;6047/8000;797/1000;4/5;13/16;17/20;69/80;7/8;71/80;9/10;37/40;19/20;39/40;79/80;79/64;5/4;421/320;53/40;7/5;227/160;57/40;29/20;3/2;38/25;49/32;99/64;2501/1600;631/400;327/200;677/400;1377/800;111/64;7/4;15/8;31/16;63/32;127/64;2;9/4;19/8;39/16,1,797/1000,"(101/250,101/250,101/1000)",141
tetragonal,141,I4_1/amd,"(26,40,16)",c_his_not_ours_not_stored,,,,1,1/2,"(103/250,3/50,1/20)",141
tetragonal,141,I4_1/amd,"(26,41,17)",c_his_not_ours_not_stored,,,,1,5/4,"(1/2,3/10,93/1000)",141
tetragonal,141,I4_1/amd,"(27,42,17)",c_his_not_ours_not_stored,,,,1,4/5,"(1/2,107/250,3/40)",141
tetragonal,141,I4_1/amd,"(28,42,16)",a_ours_in_his,5ebc1b8c073a87a9;e4200db43401702b,,1/2;3/4;797/1000;4/5;13/16;157/64;79/32;5/2;11/4;3;13/4;27/8;55/16;221/64,1,797/1000,"(0,0,0)",141
tetragonal,141,I4_1/amd,"(29,44,17)",c_his_not_ours_not_stored,,,,1,427/500,"(1/2,123/250,11/1000)",141
tetragonal,141,I4_1/amd,"(29,45,18)",c_his_not_ours_not_stored,,,,1,1/2,"(1/2,865/2518,3/10072)",141
tetragonal,141,I4_1/amd,"(30,45,17)",a_ours_in_his,ec59577573c34683,,1/2;33/64,1,797/1000,"(62/125,69/250,121/1000)",141
tetragonal,141,I4_1/amd,"(30,47,19)",a_ours_in_his,b9d2f3e02e91b42b,b9d2f3e02e91b42b,37/32;19/16;77/64,1,1157/1000,"(1/2,62/125,1/500)",141
tetragonal,141,I4_1/amd,"(31,47,18)",a_ours_in_his,8534b49823b5b2ed,,37/64;19/32;5/8;11/16;23/32;3/4;797/1000;4/5;1;33/32;67/64,1,797/1000,"(1/2,52/125,13/125)",141
tetragonal,141,I4_1/amd,"(31,48,19)",c_his_not_ours_not_stored,,,,1,5/4,"(1/2,2/5,8/125)",141
tetragonal,141,I4_1/amd,"(32,48,18)",a_ours_in_his,e5760549017956be,,1/2;3/4;797/1000;4/5;1;9/8;73/64,1,527/1000,"(49/125,49/125,107/1000)",141
tetragonal,141,I4_1/amd,"(33,50,19)",c_his_not_ours_not_stored,,,,1,106/125,"(1/2,123/250,11/1000)",141
tetragonal,141,I4_1/amd,"(33,51,20)",a_ours_in_his,fa88164038f13cf0,fa88164038f13cf0,33/40;17/20;9/10;1;9/8;73/64,1,409/500,"(1/2,62/125,1/500)",141
tetragonal,141,I4_1/amd,"(34,51,19)",a_ours_in_his,9ff7306e4a6cbf44,,33/64;17/32;9/16;39/64;5/8;11/16;45/64,1,797/1000,"(1/2,2/5,1/10)",141
tetragonal,141,I4_1/amd,"(36,54,20)",b_ours_not_his,60c6a7023f6e4280,,37/32;19/16;5/4;7/5;113/80,0,,,
tetragonal,141,I4_1/amd,"(36,55,21)",a_ours_in_his,6983d731cb2a7d98,6983d731cb2a7d98,5/8;3/4;797/1000;4/5;13/16,1,797/1000,"(1/2,62/125,1/500)",141
tetragonal,141,I4_1/amd,"(37,56,21)",c_his_not_ours_not_stored,,,,1,959/1000,"(1/2,121/250,3/200)",141
tetragonal,141,I4_1/amd,"(38,57,21)",a_ours_in_his,f654982d74d740f6,,1/2;9/16;19/32,1,797/1000,"(1/2,47/125,31/250)",141
tetragonal,141,I4_1/amd,"(39,60,23)",c_his_not_ours_not_stored,,,,1,4/5,"(1/2,119/250,1/40)",141
tetragonal,141,I4_1/amd,"(40,61,23)",a_ours_in_his,fe3a62d422ed4d82,fe3a62d422ed4d82,1/2;9/16;19/32;39/64,1,1/2,"(1/2,629/1259,1/5036)",141
tetragonal,141,I4_1/amd,"(43,65,24)",c_his_not_ours_not_stored,,,,1,797/1000,"(1/2,41/125,41/500)",141
tetragonal,141,I4_1/amd,"(44,67,25)",c_his_not_ours_not_stored,,,,1,169/200,"(1/2,121/250,3/200)",141
tetragonal,141,I4_1/amd,"(46,69,25)",c_his_not_ours_not_stored,,,,1,797/1000,"(1/2,93/250,93/1000)",141
tetragonal,141,I4_1/amd,"(47,71,26)",c_his_not_ours_not_stored,,,,1,821/1000,"(1/2,62/125,3/1000)",141
tetragonal,141,I4_1/amd,"(50,75,27)",c_his_not_ours_not_stored,,,,1,797/1000,"(1/2,89/250,89/1000)",141
tetragonal,141,I4_1/amd,"(54,81,29)",c_his_not_ours_not_stored,,,,1,527/1000,"(1/2,89/250,89/1000)",141
tetragonal,142,I4_1/acd,"(7,11,6)",c_his_not_ours_not_stored,,,,1,4/5,"(1/2,23/50,1/8)",142
tetragonal,142,I4_1/acd,"(8,12,6)",a_ours_in_his,e3faf0283734fac7,e3faf0283734fac7,1/2;3/4;797/1000;4/5;1;5/4;7/5;3/2;38/25;7/4;2;9/4;5/2;11/4;3;13/4;3497/1000;7/2,1,3497/1000,"(0,0,1/8)",142
tetragonal,142,I4_1/acd,"(10,18,10)",c_his_not_ours_not_stored,,,,1,4/5,"(23/50,23/50,1/8)",142
tetragonal,142,I4_1/acd,"(11,20,11)",c_his_not_ours_not_stored,,,,1,4/5,"(3/10,0,1/8)",142
tetragonal,142,I4_1/acd,"(12,18,8)",c_his_not_ours_not_stored,,,,1,3497/1000,"(1/2,62/125,0)",142
tetragonal,142,I4_1/acd,"(12,21,11)",c_his_not_ours_not_stored,,,,1,4/5,"(1/25,1/25,1/8)",142
tetragonal,142,I4_1/acd,"(13,20,9)",a_ours_in_his,82a5a88ccba80d26,,157/64;79/32;5/2;11/4;3;13/4;27729/8000;3497/1000;7/2,1,3497/1000,"(1/2,0,13/125)",142
tetragonal,142,I4_1/acd,"(13,22,11)",c_his_not_ours_not_stored,,,,1,3497/1000,"(62/125,0,1/8)",142
tetragonal,142,I4_1/acd,"(14,24,12)",b_ours_not_his,1da02fe6c7c6eb73,,2,0,,,
tetragonal,142,I4_1/acd,"(15,25,12)",c_his_not_ours_not_stored,,,,1,4/5,"(47/250,1/25,1/8)",142
tetragonal,142,I4_1/acd,"(16,24,10)",a_ours_in_his,35953737803092f0,35953737803092f0,1/2;3/4;797/1000;4/5;1;5/4;7/5;3/2;38/25;7/4;2;9/4;19/8;39/16;5/2;11/4;3;13/4;6747/2000;13741/4000;55211/16000,1,3497/1000,"(1/2,0,31/250)",142
tetragonal,142,I4_1/acd,"(16,26,12)",c_his_not_ours_not_stored,,,,1,797/1000,"(56/125,0,1/8)",142
tetragonal,142,I4_1/acd,"(17,26,11)",c_his_not_ours_not_stored,,,,1,3497/1000,"(1/2,52/125,13/125)",142
tetragonal,142,I4_1/acd,"(17,28,13)",c_his_not_ours_not_stored,,,,1,527/1000,"(111/250,0,1/8)",142
tetragonal,142,I4_1/acd,"(18,28,12)",a_ours_in_his,1d2c47d061a6ab6c;c1824c64dfbb3615,c1824c64dfbb3615,1;227/160;57/40;29/20;3/2;38/25;7/4;2;129/64;65/32;33/16;17/8;9/4;5/2;11/4;3;13/4;3497/1000;7/2,1,3497/1000,"(0,0,0)",142
tetragonal,142,I4_1/acd,"(18,29,13)",a_ours_in_his,1ec753f439979bfc,,53/64;27/32;7/8;1;37/32;19/16;5/4;7/5;227/160;57/40;29/20;3/2;38/25;327/200;7/4;117/64;59/32;15/8;2;9/4;5/2;11/4;3;13/4;3497/1000;7/2,1,4/5,"(123/250,123/250,1/40)",142
tetragonal,142,I4_1/acd,"(19,31,14)",c_his_not_ours_not_stored,,,,1,4/5,"(11/25,13/50,1/8)",142
tetragonal,142,I4_1/acd,"(20,31,13)",c_his_not_ours_not_stored,,,,1,797/1000,"(26/125,26/125,1/8)",142
tetragonal,142,I4_1/acd,"(20,32,14)",c_his_not_ours_not_stored,,,,1,7/2,"(1/2,38/125,4/125)",142
tetragonal,142,I4_1/acd,"(20,33,15)",c_his_not_ours_not_stored,,,,1,2,"(13/250,9/250,9/500)",142
tetragonal,142,I4_1/acd,"(21,32,13)",c_his_not_ours_P2_reproduced,,d6ed5dd90ec452db,,1,527/1000,"(1/5,1/5,1/8)",142
tetragonal,142,I4_1/acd,"(21,33,14)",c_his_not_ours_not_stored,,,,1,3497/1000,"(23/50,3/10,0)",142
tetragonal,142,I4_1/acd,"(22,34,14)",c_his_not_ours_not_stored,,,,1,3497/1000,"(62/125,62/125,0)",142
tetragonal,142,I4_1/acd,"(22,35,15)",c_his_not_ours_not_stored,,,,1,7/2,"(1/2,87/250,117/1000)",142
tetragonal,142,I4_1/acd,"(23,35,14)",c_his_not_ours_not_stored,,,,1,3497/1000,"(93/250,93/250,0)",142
tetragonal,142,I4_1/acd,"(23,36,15)",a_ours_in_his,1fcd5245be090d59,,2,1,7/2,"(57/125,38/125,4/125)",142
tetragonal,142,I4_1/acd,"(24,36,14)",a_ours_in_his,31d09faf7fb2bf6f;74076f8341f71199;e948828e76447bbb,,1/2;17/32;9/16;37/64;19/32;5/8;43/64;11/16;23/32;3/4;797/1000;4/5;13/16;33/40;17/20;9/10;19/20;39/40;79/80;1;65/64;33/32;17/16;9/8;73/64;37/32;19/16;5/4;41/32;83/64;21/16;11/8;7/5;113/80;3/2;38/25;7/4;15/8;31/16;63/32;127/64;2;9/4;5/2;11/4;3;13/4;3497/1000;7/2,1,3497/1000,"(109/250,109/250,109/1000)",142
tetragonal,142,I4_1/acd,"(24,37,15)",c_his_not_ours_not_stored,,,,1,3497/1000,"(1/2,109/250,109/1000)",142
tetragonal,142,I4_1/acd,"(25,38,15)",c_his_not_ours_not_stored,,,,1,797/1000,"(103/250,103/250,0)",142
tetragonal,142,I4_1/acd,"(25,39,16)",c_his_not_ours_not_stored,,,,1,3497/1000,"(23/50,3/10,33/1000)",142
tetragonal,142,I4_1/acd,"(26,39,15)",a_ours_in_his,6eb2bc88106b9dcd;b96cf29a9246cd2c;dfe1108b777824fa,,1/2;33/64;17/32;7/8;9/10;1;17/16;69/64;35/32;71/64,1,797/1000,"(23/50,23/50,23/200)",142
tetragonal,142,I4_1/acd,"(26,42,18)",c_his_not_ours_not_stored,,,,1,2,"(11/25,2/5,19/500)",142
tetragonal,142,I4_1/acd,"(27,41,16)",c_his_not_ours_P2_reproduced,,1722d568b932f832,,1,3497/1000,"(1/2,62/125,31/250)",142
tetragonal,142,I4_1/acd,"(27,42,17)",c_his_not_ours_not_stored,,,,1,7/2,"(56/125,101/250,14/125)",142
tetragonal,142,I4_1/acd,"(28,42,16)",a_ours_in_his,42f6d76b9fc019fd;81d176073d947bda;94a19a39b99e1366;96c135294ff83fe2;9dd29764e82d4595;d167fc392cd667a6;edc763d5d4420075,,1/2;33/64;5/8;21/32;11/16;45/64;23/32;47/64;3/4;797/1000;4/5;13/16;9/8;5/4;7/5;3/2;38/25;327/200;2639/1600;9/4;79/32;5/2;11/4;3;13/4;3497/1000;7/2,1,3497/1000,"(93/250,93/250,93/1000)",142
tetragonal,142,I4_1/acd,"(29,44,17)",c_his_not_ours_not_stored,,,,1,7/2,"(2/5,63/250,117/1000)",142
tetragonal,142,I4_1/acd,"(29,45,18)",c_his_not_ours_not_stored,,,,1,7/2,"(87/250,87/250,117/1000)",142
tetragonal,142,I4_1/acd,"(30,45,17)",a_ours_in_his,1f2332434c9e64b8;72d03fdd4ab546d7;998994bcf8df722b;a0be76769745bbaf;b1355d63057fb8b6;f5534a0cdd155dd1,,1/2;33/64;17/32;35/64;9/16;5/8;21/32;11/16;45/64;23/32;47/64;3/4;797/1000;4/5;13/16;33/40;17/20;69/80;7/8;71/80;9/10;1;35/32;9/8;73/64;5/4;103/80;209/160;421/320;7/5;113/80;3/2;38/25;631/400;257/160;2593/1600;2777/1600;7/4;29/16;15/8;61/32,1,3497/1000,"(58/125,58/125,29/250)",142
tetragonal,142,I4_1/acd,"(31,47,18)",c_his_not_ours_not_stored,,,,1,3497/1000,"(12/25,2/125,1/500)",142
tetragonal,142,I4_1/acd,"(31,48,19)",c_his_not_ours_not_stored,,,,1,3497/1000,"(23/50,3/10,4/125)",142
tetragonal,142,I4_1/acd,"(32,48,18)",a_ours_in_his,278f5cc0bdb53b51;841ca21dc8f5c770,,53/40;7/5;3/2;38/25;327/200;1331/800;677/400;1377/800,1,3497/1000,"(33/250,33/250,31/250)",142
tetragonal,142,I4_1/acd,"(33,50,19)",c_his_not_ours_not_stored,,,,1,3497/1000,"(93/250,93/250,61/500)",142
tetragonal,142,I4_1/acd,"(33,51,20)",c_his_not_ours_not_stored,,,,1,3497/1000,"(23/50,3/10,27/1000)",142
tetragonal,142,I4_1/acd,"(34,51,19)",a_ours_in_his,1451aa79a85162c1;8a3d9b4f9a849029;d25aa9f2dff2be4e,,17/32;35/64;9/16;5/8;43/64;11/16;23/32;3/4;797/1000;4/5;13/16;123/64;31/16;63/32;127/64;37/16;19/8;39/16,1,3497/1000,"(62/125,62/125,31/250)",142
tetragonal,142,I4_1/acd,"(35,53,20)",c_his_not_ours_not_stored,,,,1,797/1000,"(17/125,17/125,57/500)",142
tetragonal,142,I4_1/acd,"(35,54,21)",c_his_not_ours_not_stored,,,,1,1/2,"(9/50,9/50,31/500)",142
tetragonal,142,I4_1/acd,"(36,54,20)",a_ours_in_his,acb8eed6b8a82612,,2731/1600;1377/800;7/4;2;9/4;73/32;147/64,1,3497/1000,"(13/50,13/50,31/250)",142
tetragonal,142,I4_1/acd,"(37,56,21)",c_his_not_ours_not_stored,,,,1,7/2,"(69/250,31/250,117/1000)",142
tetragonal,142,I4_1/acd,"(38,57,21)",c_his_not_ours_not_stored,,,,1,3497/1000,"(93/250,93/250,31/250)",142
tetragonal,142,I4_1/acd,"(40,60,22)",c_his_not_ours_not_stored,,,,1,3497/1000,"(27/250,27/250,7/1000)",142
tetragonal,142,I4_1/acd,"(42,63,23)",c_his_not_ours_P2_reproduced,,73e3e0978ed621d8,,1,3497/1000,"(123/250,13/50,31/250)",142
tetragonal,142,I4_1/acd,"(44,66,24)",c_his_not_ours_not_stored,,,,1,797/1000,"(4/25,27/250,113/1000)",142
tetragonal,142,I4_1/acd,"(46,69,25)",c_his_not_ours_not_stored,,,,1,503/1000,"(31/125,49/250,1/500)",142
